unsigned char ___userapps_apps_build_hello[] = {
  0x7f, 0x45, 0x4c, 0x46, 0x02, 0x01, 0x01, 0x00, 0x00, 0x00, 0x00, 0x00,
  0x00, 0x00, 0x00, 0x00, 0x02, 0x00, 0xb7, 0x00, 0x01, 0x00, 0x00, 0x00,
  0x80, 0x01, 0x40, 0x00, 0x00, 0x00, 0x00, 0x00, 0x40, 0x00, 0x00, 0x00,
  0x00, 0x00, 0x00, 0x00, 0x80, 0x01, 0x01, 0x00, 0x00, 0x00, 0x00, 0x00,
  0x00, 0x00, 0x00, 0x00, 0x40, 0x00, 0x38, 0x00, 0x04, 0x00, 0x40, 0x00,
  0x0e, 0x00, 0x0d, 0x00, 0x01, 0x00, 0x00, 0x00, 0x05, 0x00, 0x00, 0x00,
  0x00, 0x00, 0x00, 0x00, 0x00, 0x00, 0x00, 0x00, 0x00, 0x00, 0x40, 0x00,
  0x00, 0x00, 0x00, 0x00, 0x00, 0x00, 0x40, 0x00, 0x00, 0x00, 0x00, 0x00,
  0x40, 0x81, 0x00, 0x00, 0x00, 0x00, 0x00, 0x00, 0x40, 0x81, 0x00, 0x00,
  0x00, 0x00, 0x00, 0x00, 0x00, 0x00, 0x01, 0x00, 0x00, 0x00, 0x00, 0x00,
  0x01, 0x00, 0x00, 0x00, 0x06, 0x00, 0x00, 0x00, 0x78, 0xff, 0x00, 0x00,
  0x00, 0x00, 0x00, 0x00, 0x78, 0xff, 0x41, 0x00, 0x00, 0x00, 0x00, 0x00,
  0x78, 0xff, 0x41, 0x00, 0x00, 0x00, 0x00, 0x00, 0x88, 0x01, 0x00, 0x00,
  0x00, 0x00, 0x00, 0x00, 0x20, 0x08, 0x00, 0x00, 0x00, 0x00, 0x00, 0x00,
  0x00, 0x00, 0x01, 0x00, 0x00, 0x00, 0x00, 0x00, 0x51, 0xe5, 0x74, 0x64,
  0x06, 0x00, 0x00, 0x00, 0x00, 0x00, 0x00, 0x00, 0x00, 0x00, 0x00, 0x00,
  0x00, 0x00, 0x00, 0x00, 0x00, 0x00, 0x00, 0x00, 0x00, 0x00, 0x00, 0x00,
  0x00, 0x00, 0x00, 0x00, 0x00, 0x00, 0x00, 0x00, 0x00, 0x00, 0x00, 0x00,
  0x00, 0x00, 0x00, 0x00, 0x00, 0x00, 0x00, 0x00, 0x10, 0x00, 0x00, 0x00,
  0x00, 0x00, 0x00, 0x00, 0x52, 0xe5, 0x74, 0x64, 0x04, 0x00, 0x00, 0x00,
  0x78, 0xff, 0x00, 0x00, 0x00, 0x00, 0x00, 0x00, 0x78, 0xff, 0x41, 0x00,
  0x00, 0x00, 0x00, 0x00, 0x78, 0xff, 0x41, 0x00, 0x00, 0x00, 0x00, 0x00,
  0x88, 0x00, 0x00, 0x00, 0x00, 0x00, 0x00, 0x00, 0x88, 0x00, 0x00, 0x00,
  0x00, 0x00, 0x00, 0x00, 0x01, 0x00, 0x00, 0x00, 0x00, 0x00, 0x00, 0x00,
  0xfd, 0x7b, 0xbf, 0xa9, 0xfd, 0x03, 0x00, 0x91, 0xfd, 0x7b, 0xc1, 0xa8,
  0xc0, 0x03, 0x5f, 0xd6, 0x00, 0x00, 0x00, 0x00, 0x00, 0x00, 0x00, 0x00,
  0x00, 0x00, 0x00, 0x00, 0x00, 0x00, 0x00, 0x00, 0xf3, 0x7b, 0xbf, 0xa9,
  0xf3, 0x03, 0x00, 0x2a, 0xfa, 0x00, 0x00, 0x94, 0xfd, 0x00, 0x00, 0x94,
  0x04, 0x17, 0x00, 0x94, 0xe0, 0x03, 0x13, 0x2a, 0x42, 0x02, 0x00, 0x94,
  0x1f, 0x20, 0x03, 0xd5, 0xfd, 0x7b, 0xbf, 0xa9, 0x20, 0x00, 0x00, 0xd0,
  0x00, 0x00, 0x04, 0x91, 0xfd, 0x03, 0x00, 0x91, 0x04, 0x01, 0x00, 0x94,
  0x00, 0x00, 0x80, 0x52, 0xfd, 0x7b, 0xc1, 0xa8, 0xc0, 0x03, 0x5f, 0xd6,
  0x1d, 0x00, 0x80, 0xd2, 0x1e, 0x00, 0x80, 0xd2, 0xe0, 0x03, 0x00, 0x91,
  0x01, 0x00, 0x00, 0x90, 0x21, 0x00, 0x00, 0x91, 0x1f, 0xec, 0x7c, 0x92,
  0x02, 0x00, 0x00, 0x14, 0x1f, 0x20, 0x03, 0xd5, 0xe2, 0x03, 0x00, 0xaa,
  0x01, 0x00, 0x00, 0x90, 0xe4, 0x00, 0x00, 0xf0, 0x84, 0xe8, 0x47, 0xf9,
  0x20, 0x80, 0x05, 0x91, 0x41, 0x84, 0x40, 0xf8, 0xfe, 0x0f, 0x1f, 0xf8,
  0xe3, 0x00, 0x00, 0xf0, 0x63, 0xd0, 0x47, 0xf9, 0x05, 0x00, 0x80, 0xd2,
  0xc6, 0x00, 0x00, 0x94, 0x1f, 0x20, 0x03, 0xd5, 0x00, 0x01, 0x00, 0x90,
  0x00, 0x00, 0x04, 0x91, 0x01, 0x01, 0x00, 0x90, 0x21, 0x00, 0x04, 0x91,
  0x3f, 0x00, 0x00, 0xeb, 0xc0, 0x00, 0x00, 0x54, 0xe1, 0x00, 0x00, 0xf0,
  0x21, 0xdc, 0x47, 0xf9, 0x61, 0x00, 0x00, 0xb4, 0xf0, 0x03, 0x01, 0xaa,
  0x00, 0x02, 0x1f, 0xd6, 0xc0, 0x03, 0x5f, 0xd6, 0x00, 0x01, 0x00, 0x90,
  0x00, 0x00, 0x04, 0x91, 0x01, 0x01, 0x00, 0x90, 0x21, 0x00, 0x04, 0x91,
  0x21, 0x00, 0x00, 0xcb, 0x22, 0xfc, 0x7f, 0xd3, 0x41, 0x0c, 0x81, 0x8b,
  0x21, 0xfc, 0x41, 0x93, 0xc1, 0x00, 0x00, 0xb4, 0xe2, 0x00, 0x00, 0xf0,
  0x42, 0xd8, 0x47, 0xf9, 0x62, 0x00, 0x00, 0xb4, 0xf0, 0x03, 0x02, 0xaa,
  0x00, 0x02, 0x1f, 0xd6, 0xc0, 0x03, 0x5f, 0xd6, 0x1f, 0x20, 0x03, 0xd5,
  0xfd, 0x7b, 0xbe, 0xa9, 0xfd, 0x03, 0x00, 0x91, 0xf3, 0x0b, 0x00, 0xf9,
  0x13, 0x01, 0x00, 0x90, 0x60, 0x02, 0x44, 0x39, 0x40, 0x01, 0x00, 0x35,
  0xde, 0xff, 0xff, 0x97, 0xe0, 0x00, 0x00, 0xf0, 0x00, 0xd4, 0x47, 0xf9,
  0x80, 0x00, 0x00, 0xb4, 0x40, 0x00, 0x00, 0x90, 0x00, 0x60, 0x01, 0x91,
  0x1f, 0x20, 0x03, 0xd5, 0x20, 0x00, 0x80, 0x52, 0x60, 0x02, 0x04, 0x39,
  0xf3, 0x0b, 0x40, 0xf9, 0xfd, 0x7b, 0xc2, 0xa8, 0xc0, 0x03, 0x5f, 0xd6,
  0x1f, 0x20, 0x03, 0xd5, 0x1f, 0x20, 0x03, 0xd5, 0xe0, 0x00, 0x00, 0xf0,
  0x00, 0xf0, 0x47, 0xf9, 0x40, 0x01, 0x00, 0xb4, 0xfd, 0x7b, 0xbf, 0xa9,
  0x01, 0x01, 0x00, 0x90, 0x40, 0x00, 0x00, 0x90, 0xfd, 0x03, 0x00, 0x91,
  0x21, 0x20, 0x04, 0x91, 0x00, 0x60, 0x01, 0x91, 0x1f, 0x20, 0x03, 0xd5,
  0xfd, 0x7b, 0xc1, 0xa8, 0xd1, 0xff, 0xff, 0x17, 0xd0, 0xff, 0xff, 0x17,
  0x1f, 0x20, 0x03, 0xd5, 0x1f, 0x20, 0x03, 0xd5, 0x1f, 0x20, 0x03, 0xd5,
  0xc0, 0x03, 0x5f, 0xd6, 0x1f, 0x20, 0x03, 0xd5, 0x1f, 0x20, 0x03, 0xd5,
  0x1f, 0x20, 0x03, 0xd5, 0xc0, 0x03, 0x5f, 0xd6, 0x1f, 0x20, 0x03, 0xd5,
  0x1f, 0x20, 0x03, 0xd5, 0x1f, 0x20, 0x03, 0xd5, 0xf3, 0x53, 0xab, 0xa9,
  0xf3, 0x03, 0x00, 0xaa, 0xf4, 0x03, 0x01, 0xaa, 0xe4, 0x83, 0x00, 0x91,
  0x01, 0x00, 0x80, 0x52, 0xe0, 0x03, 0x04, 0xaa, 0x02, 0x26, 0x80, 0xd2,
  0xfe, 0x0b, 0x00, 0xf9, 0xcc, 0x00, 0x00, 0x94, 0xe4, 0x03, 0x00, 0xaa,
  0x60, 0x02, 0x40, 0xf9, 0x01, 0x01, 0x00, 0x90, 0x33, 0xec, 0x02, 0xf9,
  0xc0, 0x07, 0x00, 0xb4, 0x00, 0x00, 0x80, 0xd2, 0x1f, 0x20, 0x03, 0xd5,
  0xe3, 0x03, 0x00, 0xaa, 0x00, 0x04, 0x00, 0x91, 0x62, 0x7a, 0x60, 0xf8,
  0xa2, 0xff, 0xff, 0xb5, 0x63, 0x08, 0x00, 0x91, 0x01, 0x01, 0x00, 0x90,
  0x21, 0x80, 0x05, 0x91, 0x63, 0xf0, 0x7d, 0xd3, 0x60, 0x02, 0x03, 0x8b,
  0x62, 0x6a, 0x63, 0xf8, 0x20, 0x08, 0x00, 0xf9, 0xe2, 0x06, 0x00, 0xb4,
  0x00, 0x20, 0x00, 0x91, 0x1f, 0x20, 0x03, 0xd5, 0x5f, 0x94, 0x00, 0xf1,
  0x68, 0x00, 0x00, 0x54, 0x03, 0x00, 0x40, 0xf9, 0x83, 0x78, 0x22, 0xf8,
  0x02, 0x04, 0x40, 0xf9, 0x00, 0x40, 0x00, 0x91, 0x42, 0xff, 0xff, 0xb5,
  0xe6, 0x2b, 0x40, 0xf9, 0xe2, 0x53, 0x40, 0xf9, 0xe5, 0x93, 0x40, 0xf9,
  0x03, 0x01, 0x00, 0x90, 0x00, 0x01, 0x00, 0x90, 0x26, 0x1c, 0x00, 0xf9,
  0x62, 0xa8, 0x00, 0xf9, 0x05, 0xa4, 0x00, 0xf9, 0xb4, 0x02, 0x00, 0xb4,
  0x00, 0x01, 0x00, 0x90, 0x01, 0x01, 0x00, 0x90, 0xe2, 0x03, 0x14, 0xaa,
  0x14, 0x9c, 0x00, 0xf9, 0x34, 0xa0, 0x00, 0xf9, 0x1f, 0x20, 0x03, 0xd5,
  0x40, 0x14, 0x40, 0x38, 0xc0, 0x00, 0x00, 0x34, 0x1f, 0xbc, 0x00, 0x71,
  0xa1, 0xff, 0xff, 0x54, 0x22, 0xa0, 0x00, 0xf9, 0x40, 0x14, 0x40, 0x38,
  0x80, 0xff, 0xff, 0x35, 0xe0, 0x03, 0x04, 0xaa, 0x2c, 0x01, 0x00, 0x94,
  0xe0, 0x77, 0x40, 0xf9, 0xbe, 0xff, 0xff, 0x97, 0xfe, 0x0b, 0x40, 0xf9,
  0xf3, 0x53, 0xd5, 0xa8, 0xc0, 0x03, 0x5f, 0xd6, 0xf4, 0x8f, 0x40, 0xf9,
  0x74, 0xfd, 0xff, 0xb5, 0x02, 0x01, 0x00, 0x90, 0x01, 0x01, 0x00, 0x90,
  0x20, 0x00, 0x00, 0xd0, 0x00, 0x40, 0x04, 0x91, 0x40, 0x9c, 0x00, 0xf9,
  0x20, 0xa0, 0x00, 0xf9, 0xf1, 0xff, 0xff, 0x17, 0x03, 0x01, 0x80, 0xd2,
  0x01, 0x01, 0x00, 0x90, 0x21, 0x80, 0x05, 0x91, 0x60, 0x02, 0x03, 0x8b,
  0x62, 0x6a, 0x63, 0xf8, 0x20, 0x08, 0x00, 0xf9, 0x62, 0xf9, 0xff, 0xb5,
  0x06, 0x00, 0x80, 0xd2, 0x05, 0x00, 0x80, 0xd2, 0xd4, 0xff, 0xff, 0x17,
  0x1f, 0x20, 0x03, 0xd5, 0x1f, 0x20, 0x03, 0xd5, 0x1f, 0x20, 0x03, 0xd5,
  0xf3, 0x53, 0xbe, 0xa9, 0xf3, 0x00, 0x00, 0xf0, 0x73, 0xee, 0x47, 0xf9,
  0xfe, 0x0b, 0x00, 0xf9, 0xf4, 0x00, 0x00, 0xf0, 0x94, 0xe6, 0x47, 0xf9,
  0x2e, 0xff, 0xff, 0x97, 0x7f, 0x02, 0x14, 0xeb, 0xc2, 0x00, 0x00, 0x54,
  0x1f, 0x20, 0x03, 0xd5, 0x60, 0x86, 0x40, 0xf8, 0x00, 0x00, 0x3f, 0xd6,
  0x7f, 0x02, 0x14, 0xeb, 0xa3, 0xff, 0xff, 0x54, 0xfe, 0x0b, 0x40, 0xf9,
  0xf3, 0x53, 0xc2, 0xa8, 0xc0, 0x03, 0x5f, 0xd6, 0x1f, 0x20, 0x03, 0xd5,
  0x1f, 0x20, 0x03, 0xd5, 0x1f, 0x20, 0x03, 0xd5, 0xf3, 0x53, 0xbd, 0xa9,
  0xf3, 0x03, 0x01, 0x2a, 0xf4, 0x03, 0x02, 0xaa, 0xf5, 0x5b, 0x01, 0xa9,
  0x56, 0xcc, 0x21, 0x8b, 0xf5, 0x03, 0x00, 0xaa, 0xd6, 0x22, 0x00, 0x91,
  0xfe, 0x13, 0x00, 0xf9, 0xe4, 0xff, 0xff, 0x97, 0xe2, 0x03, 0x16, 0xaa,
  0xe1, 0x03, 0x14, 0xaa, 0xe0, 0x03, 0x13, 0x2a, 0xa0, 0x02, 0x3f, 0xd6,
  0x1b, 0xff, 0xff, 0x97, 0x1f, 0x20, 0x03, 0xd5, 0x1f, 0x20, 0x03, 0xd5,
  0xf3, 0x53, 0xbe, 0xa9, 0xf3, 0x03, 0x02, 0xaa, 0xf4, 0x03, 0x01, 0x2a,
  0x42, 0xcc, 0x21, 0x8b, 0xf5, 0x7b, 0x01, 0xa9, 0xf5, 0x03, 0x00, 0xaa,
  0x61, 0x02, 0x40, 0xf9, 0x40, 0x20, 0x00, 0x91, 0x7c, 0xff, 0xff, 0x97,
  0xe2, 0x03, 0x13, 0xaa, 0xe1, 0x03, 0x14, 0x2a, 0xe0, 0x03, 0x15, 0xaa,
  0x03, 0x00, 0x00, 0x90, 0x63, 0x80, 0x12, 0x91, 0xf5, 0x7b, 0x41, 0xa9,
  0xf0, 0x03, 0x03, 0xaa, 0xf3, 0x53, 0xc2, 0xa8, 0x00, 0x02, 0x1f, 0xd6,
  0x1f, 0x20, 0x03, 0xd5, 0x1f, 0x20, 0x03, 0xd5, 0xc0, 0x03, 0x5f, 0xd6,
  0x1f, 0x20, 0x03, 0xd5, 0x1f, 0x20, 0x03, 0xd5, 0x1f, 0x20, 0x03, 0xd5,
  0xf3, 0x53, 0xbe, 0xa9, 0xf3, 0x00, 0x00, 0xf0, 0x73, 0xce, 0x47, 0xf9,
  0xfe, 0x0b, 0x00, 0xf9, 0xf4, 0x00, 0x00, 0xf0, 0x94, 0xe2, 0x47, 0xf9,
  0x7f, 0x02, 0x14, 0xeb, 0xa9, 0x00, 0x00, 0x54, 0x60, 0x8e, 0x5f, 0xf8,
  0x00, 0x00, 0x3f, 0xd6, 0x7f, 0x02, 0x14, 0xeb, 0xa8, 0xff, 0xff, 0x54,
  0xfe, 0x0b, 0x40, 0xf9, 0xf3, 0x53, 0xc2, 0xa8, 0xdd, 0x16, 0x00, 0x14,
  0x1f, 0x20, 0x03, 0xd5, 0xf3, 0x53, 0xbe, 0xa9, 0x13, 0x01, 0x00, 0x90,
  0x73, 0x42, 0x00, 0x91, 0xf5, 0x7b, 0x01, 0xa9, 0x61, 0x8e, 0x40, 0xb9,
  0xa1, 0x03, 0xf8, 0x36, 0xe1, 0x03, 0x13, 0xaa, 0x14, 0x00, 0x80, 0x12,
  0x15, 0x00, 0x80, 0x52, 0x57, 0x14, 0x00, 0x94, 0xe0, 0x01, 0xf8, 0x37,
  0x60, 0x92, 0x40, 0xb9, 0x1f, 0x28, 0x00, 0x71, 0x00, 0x02, 0x00, 0x54,
  0x61, 0x02, 0x42, 0xa9, 0x1f, 0x00, 0x01, 0xeb, 0xa0, 0x01, 0x00, 0x54,
  0x01, 0x04, 0x00, 0x91, 0x61, 0x16, 0x00, 0xf9, 0x14, 0x00, 0x80, 0x52,
  0x41, 0x01, 0x80, 0x52, 0x01, 0x00, 0x00, 0x39, 0x75, 0x00, 0x00, 0x34,
  0xe0, 0x03, 0x13, 0xaa, 0x94, 0x13, 0x00, 0x94, 0xf5, 0x7b, 0x41, 0xa9,
  0xe0, 0x03, 0x14, 0x2a, 0xf3, 0x53, 0xc2, 0xa8, 0xc0, 0x03, 0x5f, 0xd6,
  0xe0, 0x03, 0x13, 0xaa, 0x41, 0x01, 0x80, 0x52, 0xad, 0x13, 0x00, 0x94,
  0x14, 0x7c, 0x1f, 0x13, 0xf5, 0xff, 0xff, 0x17, 0xf4, 0x03, 0x00, 0xaa,
  0xe0, 0x03, 0x13, 0xaa, 0x48, 0x13, 0x00, 0x94, 0xf5, 0x03, 0x00, 0x2a,
  0xe1, 0x03, 0x13, 0xaa, 0xe0, 0x03, 0x14, 0xaa, 0x14, 0x00, 0x80, 0x12,
  0x37, 0x14, 0x00, 0x94, 0x80, 0xfd, 0xff, 0x37, 0x60, 0x92, 0x40, 0xb9,
  0x1f, 0x28, 0x00, 0x71, 0x21, 0xfc, 0xff, 0x54, 0xef, 0xff, 0xff, 0x17,
  0x1f, 0x20, 0x03, 0xd5, 0x5f, 0x24, 0x03, 0xd5, 0x20, 0x0c, 0x01, 0x4e,
  0x04, 0x00, 0x02, 0x8b, 0x5f, 0x80, 0x01, 0xf1, 0x88, 0x03, 0x00, 0x54,
  0x5f, 0x40, 0x00, 0xf1, 0xe2, 0x01, 0x00, 0x54, 0x01, 0x3c, 0x08, 0x4e,
  0x82, 0x00, 0x18, 0x36, 0x01, 0x00, 0x00, 0xf9, 0x81, 0x80, 0x1f, 0xf8,
  0xc0, 0x03, 0x5f, 0xd6, 0x82, 0x00, 0x10, 0x36, 0x01, 0x00, 0x00, 0xb9,
  0x81, 0xc0, 0x1f, 0xb8, 0xc0, 0x03, 0x5f, 0xd6, 0x82, 0x00, 0x00, 0xb4,
  0x01, 0x00, 0x00, 0x39, 0x42, 0x00, 0x08, 0x36, 0x81, 0xe0, 0x1f, 0x78,
  0xc0, 0x03, 0x5f, 0xd6, 0x00, 0x00, 0x80, 0x3d, 0xc2, 0x00, 0x30, 0x37,
  0x80, 0x00, 0x9f, 0x3c, 0x62, 0x00, 0x28, 0x36, 0x00, 0x04, 0x80, 0x3d,
  0x80, 0x00, 0x9e, 0x3c, 0xc0, 0x03, 0x5f, 0xd6, 0x00, 0x04, 0x80, 0x3d,
  0x00, 0x00, 0x01, 0xad, 0x80, 0x00, 0x3f, 0xad, 0xc0, 0x03, 0x5f, 0xd6,
  0x21, 0x1c, 0x00, 0x12, 0x03, 0xec, 0x7c, 0x92, 0x00, 0x00, 0x80, 0x3d,
  0x5f, 0x80, 0x02, 0xf1, 0x20, 0x28, 0x40, 0x7a, 0x41, 0x02, 0x00, 0x54,
  0xe5, 0x00, 0x3b, 0xd5, 0xa5, 0x10, 0x40, 0x92, 0xbf, 0x10, 0x00, 0xf1,
  0xc1, 0x01, 0x00, 0x54, 0x60, 0x04, 0x80, 0x3d, 0x60, 0x00, 0x01, 0xad,
  0x63, 0xe4, 0x7a, 0x92, 0x82, 0x00, 0x03, 0xcb, 0x42, 0x00, 0x02, 0xd1,
  0x1f, 0x20, 0x03, 0xd5, 0x63, 0x00, 0x01, 0x91, 0x23, 0x74, 0x0b, 0xd5,
  0x42, 0x00, 0x01, 0xf1, 0xa8, 0xff, 0xff, 0x54, 0x80, 0x00, 0x3e, 0xad,
  0x80, 0x00, 0x3f, 0xad, 0xc0, 0x03, 0x5f, 0xd6, 0x82, 0x00, 0x03, 0xcb,
  0x63, 0x40, 0x00, 0xd1, 0x42, 0x40, 0x01, 0xd1, 0x60, 0x00, 0x01, 0xad,
  0x60, 0x00, 0x82, 0xad, 0x42, 0x00, 0x01, 0xf1, 0xa8, 0xff, 0xff, 0x54,
  0x80, 0x00, 0x3e, 0xad, 0x80, 0x00, 0x3f, 0xad, 0xc0, 0x03, 0x5f, 0xd6,
  0x1f, 0x20, 0x03, 0xd5, 0x1f, 0x20, 0x03, 0xd5, 0x1f, 0x20, 0x03, 0xd5,
  0xf3, 0x7b, 0xbf, 0xa9, 0xf3, 0x03, 0x00, 0xaa, 0x00, 0x80, 0x03, 0x91,
  0x73, 0x02, 0x00, 0xf9, 0x44, 0x15, 0x00, 0x94, 0x1f, 0x00, 0x00, 0x71,
  0x6b, 0x03, 0x00, 0x54, 0xc0, 0x02, 0x00, 0x54, 0x20, 0x00, 0x80, 0x52,
  0x60, 0x42, 0x00, 0xb9, 0x00, 0x20, 0x80, 0xd2, 0xbd, 0x12, 0x00, 0x94,
  0xe1, 0x03, 0x00, 0xaa, 0x02, 0x00, 0x80, 0x52, 0xa0, 0x00, 0x00, 0xb4,
  0x00, 0x01, 0x00, 0x90, 0x00, 0xe0, 0x1d, 0x91, 0x20, 0x00, 0x3f, 0xd6,
  0xe2, 0x03, 0x00, 0x2a, 0x63, 0x42, 0x02, 0x91, 0x01, 0x01, 0x00, 0x90,
  0x00, 0x00, 0x80, 0x52, 0x21, 0x80, 0x06, 0x91, 0x73, 0x4e, 0x01, 0xa9,
  0x62, 0x3a, 0x00, 0xb9, 0x63, 0x4a, 0x00, 0xf9, 0x61, 0x5a, 0x00, 0xf9,
  0xf3, 0x7b, 0xc1, 0xa8, 0xc0, 0x03, 0x5f, 0xd6, 0x00, 0x01, 0x00, 0x90,
  0x21, 0x00, 0x80, 0x52, 0x01, 0x60, 0x01, 0xb9, 0xe8, 0xff, 0xff, 0x17,
  0x00, 0x00, 0x80, 0x12, 0xf9, 0xff, 0xff, 0x17, 0x1f, 0x20, 0x03, 0xd5,
  0xf3, 0x53, 0xbb, 0xa9, 0xe1, 0x1b, 0x80, 0x92, 0x21, 0x00, 0x00, 0xcb,
  0xf7, 0x63, 0x02, 0xa9, 0x17, 0x01, 0x00, 0x90, 0xf7, 0x82, 0x05, 0x91,
  0xf5, 0x5b, 0x01, 0xa9, 0xf3, 0xe2, 0x41, 0xa9, 0xf9, 0x6b, 0x03, 0xa9,
  0xf9, 0x03, 0x00, 0xaa, 0xf6, 0x82, 0x42, 0xa9, 0xfe, 0x23, 0x00, 0xf9,
  0x18, 0x23, 0x00, 0xd1, 0xd6, 0x06, 0x00, 0xd1, 0x18, 0x0f, 0x00, 0xcb,
  0xd6, 0x02, 0x01, 0x8a, 0x3a, 0x03, 0x18, 0x8b, 0x36, 0x03, 0x16, 0x8b,
  0xf3, 0x01, 0x00, 0xb4, 0xd4, 0x82, 0x03, 0x91, 0x55, 0x23, 0x00, 0x91,
  0x1f, 0x20, 0x03, 0xd5, 0x62, 0x16, 0x40, 0xf9, 0x61, 0x06, 0x40, 0xf9,
  0x82, 0x02, 0x02, 0x8b, 0xa2, 0x86, 0x00, 0xf8, 0x62, 0x0a, 0x40, 0xf9,
  0x60, 0x16, 0x40, 0xf9, 0x80, 0x02, 0x00, 0x8b, 0x2b, 0x14, 0x00, 0x94,
  0x73, 0x02, 0x40, 0xf9, 0xf3, 0xfe, 0xff, 0xb5, 0xe0, 0x1a, 0x40, 0xf9,
  0x20, 0x6b, 0x38, 0xf8, 0xf7, 0x63, 0x42, 0xa9, 0xe0, 0x03, 0x16, 0xaa,
  0xfe, 0x23, 0x40, 0xf9, 0xda, 0x06, 0x00, 0xf9, 0xda, 0x6e, 0x00, 0xf9,
  0xf5, 0x5b, 0x41, 0xa9, 0xf9, 0x6b, 0x43, 0xa9, 0xf3, 0x53, 0xc5, 0xa8,
  0xc0, 0x03, 0x5f, 0xd6, 0x1f, 0x20, 0x03, 0xd5, 0xf3, 0x7b, 0xbf, 0xa9,
  0x03, 0x14, 0x40, 0xf9, 0x08, 0x0c, 0x40, 0xf9, 0xe3, 0x0c, 0x00, 0xb4,
  0x0b, 0x01, 0x00, 0x90, 0x29, 0xaa, 0x9c, 0x52, 0x04, 0x10, 0x40, 0xf9,
  0xe1, 0x03, 0x08, 0xaa, 0x66, 0xfd, 0x40, 0xb9, 0x0a, 0x00, 0x80, 0x52,
  0xe7, 0x00, 0x00, 0xf0, 0xe7, 0xc8, 0x47, 0xf9, 0x05, 0x00, 0x80, 0xd2,
  0x89, 0x8e, 0xac, 0x72, 0x0c, 0x10, 0xa0, 0xd2, 0x00, 0x00, 0x80, 0xd2,
  0x09, 0x00, 0x00, 0x14, 0x5f, 0x08, 0x00, 0x71, 0x81, 0x07, 0x00, 0x54,
  0x67, 0x00, 0x00, 0xb4, 0x20, 0x08, 0x40, 0xf9, 0xe0, 0x00, 0x00, 0xcb,
  0x21, 0x00, 0x04, 0x8b, 0x63, 0x04, 0x00, 0xf1, 0x20, 0x01, 0x00, 0x54,
  0x22, 0x00, 0x40, 0xb9, 0x5f, 0x18, 0x00, 0x71, 0xc1, 0xfe, 0xff, 0x54,
  0x20, 0x08, 0x40, 0xf9, 0x63, 0x04, 0x00, 0xf1, 0x21, 0x00, 0x04, 0x8b,
  0x00, 0x01, 0x00, 0xcb, 0x21, 0xff, 0xff, 0x54, 0x4a, 0x00, 0x00, 0x34,
  0x66, 0xfd, 0x00, 0xb9, 0xe5, 0x08, 0x00, 0xb4, 0xa3, 0x08, 0x40, 0xf9,
  0x01, 0x01, 0x00, 0x90, 0x02, 0x01, 0x00, 0x90, 0x21, 0x80, 0x17, 0x91,
  0x42, 0x80, 0x05, 0x91, 0x00, 0x00, 0x03, 0x8b, 0xa7, 0x18, 0x42, 0xa9,
  0x24, 0x00, 0x80, 0xd2, 0xa3, 0x18, 0x40, 0xf9, 0x20, 0x9c, 0x00, 0xa9,
  0x41, 0x0c, 0x00, 0xf9, 0x23, 0x10, 0x00, 0xf9, 0x44, 0x18, 0x00, 0xf9,
  0xc0, 0x00, 0x00, 0x8b, 0x65, 0x04, 0x00, 0xd1, 0xe0, 0x03, 0x00, 0xcb,
  0xa4, 0xec, 0x7c, 0x92, 0x00, 0x00, 0x05, 0x8a, 0x84, 0x40, 0x00, 0x91,
  0x00, 0x00, 0x06, 0x8b, 0x20, 0x0c, 0x00, 0xf9, 0x24, 0x14, 0x00, 0xf9,
  0x65, 0xdc, 0x03, 0x91, 0x7f, 0x1c, 0x00, 0xf1, 0xa8, 0x00, 0x00, 0x54,
  0x06, 0x01, 0x80, 0xd2, 0xe3, 0x03, 0x06, 0xaa, 0xe5, 0x1f, 0x80, 0xd2,
  0x26, 0x10, 0x00, 0xf9, 0x13, 0x00, 0x04, 0x8b, 0x00, 0x01, 0x00, 0x90,
  0x73, 0x02, 0x05, 0x8b, 0x00, 0x40, 0x18, 0x91, 0x73, 0xf2, 0x7d, 0x92,
  0x53, 0x0c, 0x02, 0xa9, 0x7f, 0xa2, 0x05, 0xf1, 0xc8, 0x02, 0x00, 0x54,
  0x8b, 0xff, 0xff, 0x97, 0x66, 0xff, 0xff, 0x97, 0x00, 0x02, 0xf8, 0x37,
  0xf3, 0x7b, 0xc1, 0xa8, 0xc0, 0x03, 0x5f, 0xd6, 0x5f, 0x1c, 0x00, 0x71,
  0x61, 0x00, 0x00, 0x54, 0xe5, 0x03, 0x01, 0xaa, 0xc5, 0xff, 0xff, 0x17,
  0x5f, 0x00, 0x09, 0x6b, 0x61, 0xf8, 0xff, 0x54, 0x22, 0x14, 0x40, 0xf9,
  0x5f, 0x40, 0x26, 0xeb, 0x09, 0xf8, 0xff, 0x54, 0x5f, 0x00, 0x60, 0xf1,
  0x2a, 0x00, 0x80, 0x52, 0x46, 0x90, 0x8c, 0x9a, 0xbc, 0xff, 0xff, 0x17,
  0x00, 0x00, 0x80, 0xd2, 0x1f, 0x00, 0x00, 0x39, 0x00, 0x7d, 0x20, 0xd4,
  0x00, 0x18, 0x80, 0xd2, 0x19, 0x12, 0x00, 0x94, 0xe6, 0x03, 0x00, 0xaa,
  0x00, 0x00, 0x80, 0xd2, 0xe6, 0xfc, 0xff, 0xb4, 0xe1, 0x03, 0x13, 0xaa,
  0x05, 0x00, 0x80, 0xd2, 0x04, 0x00, 0x80, 0x92, 0x43, 0x04, 0x80, 0xd2,
  0x62, 0x00, 0x80, 0xd2, 0xc0, 0x00, 0x3f, 0xd6, 0xe0, 0xff, 0xff, 0x17,
  0x01, 0x01, 0x00, 0x90, 0x21, 0x80, 0x17, 0x91, 0x02, 0x01, 0x00, 0x90,
  0x42, 0x80, 0x05, 0x91, 0x20, 0x04, 0x40, 0xf9, 0x26, 0x8c, 0x41, 0xa9,
  0xc1, 0xff, 0xff, 0x17, 0x1f, 0x20, 0x03, 0xd5, 0x1f, 0x20, 0x03, 0xd5,
  0x1f, 0x20, 0x03, 0xd5, 0xf3, 0x7b, 0xbf, 0xa9, 0x13, 0x7c, 0x40, 0x93,
  0x00, 0x1f, 0x80, 0xd2, 0x01, 0x12, 0x00, 0x94, 0xa0, 0x00, 0x00, 0xb4,
  0xe1, 0x03, 0x00, 0xaa, 0xe0, 0x03, 0x13, 0xaa, 0x1f, 0x20, 0x03, 0xd5,
  0x20, 0x00, 0x3f, 0xd6, 0x20, 0x00, 0x80, 0xd2, 0xfa, 0x11, 0x00, 0x94,
  0xe1, 0x03, 0x00, 0xaa, 0xe0, 0x03, 0x13, 0xaa, 0x61, 0xff, 0xff, 0xb5,
  0xfb, 0xff, 0xff, 0x17, 0x1f, 0x20, 0x03, 0xd5, 0xe1, 0x03, 0x00, 0xaa,
  0x60, 0x0f, 0x80, 0xd2, 0x76, 0x14, 0x00, 0x14, 0x1f, 0x20, 0x03, 0xd5,
  0x01, 0x7c, 0x40, 0x93, 0x00, 0x15, 0x80, 0xd2, 0x72, 0x14, 0x00, 0x14,
  0x1f, 0x20, 0x03, 0xd5, 0x01, 0x7c, 0x40, 0x93, 0x00, 0x18, 0x80, 0xd2,
  0x6e, 0x14, 0x00, 0x14, 0x1f, 0x20, 0x03, 0xd5, 0xe1, 0x03, 0x00, 0xaa,
  0x40, 0x07, 0x80, 0xd2, 0x6a, 0x14, 0x00, 0x14, 0x1f, 0x20, 0x03, 0xd5,
  0xe1, 0x03, 0x00, 0xaa, 0x60, 0x14, 0x80, 0xd2, 0x66, 0x14, 0x00, 0x14,
  0x1f, 0x20, 0x03, 0xd5, 0xe1, 0x03, 0x00, 0xaa, 0xc0, 0x13, 0x80, 0xd2,
  0x62, 0x14, 0x00, 0x14, 0x1f, 0x20, 0x03, 0xd5, 0xe1, 0x03, 0x00, 0xaa,
  0x20, 0x14, 0x80, 0xd2, 0x5e, 0x14, 0x00, 0x14, 0x1f, 0x20, 0x03, 0xd5,
  0xe1, 0x03, 0x00, 0xaa, 0x80, 0x0f, 0x80, 0xd2, 0x5a, 0x14, 0x00, 0x14,
  0x1f, 0x20, 0x03, 0xd5, 0x01, 0x7c, 0x40, 0x93, 0x40, 0x0c, 0x80, 0xd2,
  0x56, 0x14, 0x00, 0x14, 0x1f, 0x20, 0x03, 0xd5, 0x01, 0x7c, 0x40, 0x93,
  0xe0, 0x12, 0x80, 0xd2, 0x52, 0x14, 0x00, 0x14, 0x1f, 0x20, 0x03, 0xd5,
  0x01, 0x7c, 0x40, 0x93, 0xc0, 0x12, 0x80, 0xd2, 0x4e, 0x14, 0x00, 0x14,
  0x1f, 0x20, 0x03, 0xd5, 0xe1, 0x03, 0x00, 0xaa, 0x40, 0x15, 0x80, 0xd2,
  0x4a, 0x14, 0x00, 0x14, 0x1f, 0x20, 0x03, 0xd5, 0x01, 0x7c, 0x40, 0x93,
  0x60, 0x13, 0x80, 0xd2, 0x46, 0x14, 0x00, 0x14, 0x1f, 0x20, 0x03, 0xd5,
  0xe1, 0x03, 0x00, 0xaa, 0xa0, 0x16, 0x80, 0xd2, 0x42, 0x14, 0x00, 0x14,
  0x1f, 0x20, 0x03, 0xd5, 0x01, 0x7c, 0x40, 0x93, 0xe0, 0x16, 0x80, 0xd2,
  0x3e, 0x14, 0x00, 0x14, 0x1f, 0x20, 0x03, 0xd5, 0xe1, 0x03, 0x00, 0xaa,
  0x80, 0x06, 0x80, 0xd2, 0x3a, 0x14, 0x00, 0x14, 0x1f, 0x20, 0x03, 0xd5,
  0xe1, 0x03, 0x00, 0xaa, 0xc0, 0x0f, 0x80, 0xd2, 0x36, 0x14, 0x00, 0x14,
  0x1f, 0x20, 0x03, 0xd5, 0x01, 0x7c, 0x40, 0x93, 0xa0, 0x10, 0x80, 0xd2,
  0x32, 0x14, 0x00, 0x14, 0x1f, 0x20, 0x03, 0xd5, 0xe1, 0x03, 0x00, 0xaa,
  0x00, 0x0f, 0x80, 0xd2, 0x2e, 0x14, 0x00, 0x14, 0x1f, 0x20, 0x03, 0xd5,
  0xe1, 0x03, 0x00, 0xaa, 0xa0, 0x0e, 0x80, 0xd2, 0x2a, 0x14, 0x00, 0x14,
  0x1f, 0x20, 0x03, 0xd5, 0xe1, 0x03, 0x00, 0xaa, 0xc0, 0x0e, 0x80, 0xd2,
  0x26, 0x14, 0x00, 0x14, 0x1f, 0x20, 0x03, 0xd5, 0x01, 0x7c, 0x40, 0x93,
  0xc0, 0x00, 0x80, 0xd2, 0x22, 0x14, 0x00, 0x14, 0x1f, 0x20, 0x03, 0xd5,
  0x01, 0x7c, 0x40, 0x93, 0x20, 0x00, 0x80, 0xd2, 0x1e, 0x14, 0x00, 0x14,
  0x1f, 0x20, 0x03, 0xd5, 0xfe, 0x0f, 0x1f, 0xf8, 0xa2, 0x03, 0x80, 0xd2,
  0x21, 0x00, 0x00, 0xd0, 0xe0, 0x1f, 0x80, 0xd2, 0x21, 0x80, 0x04, 0x91,
  0x17, 0x14, 0x00, 0x94, 0x22, 0x02, 0x80, 0xd2, 0x21, 0x00, 0x00, 0xd0,
  0xe0, 0x1f, 0x80, 0xd2, 0x21, 0xa0, 0x14, 0x91, 0x12, 0x14, 0x00, 0x94,
  0xfe, 0x07, 0x41, 0xf8, 0x00, 0x00, 0x80, 0xd2, 0xc0, 0x03, 0x5f, 0xd6,
  0x1f, 0x20, 0x03, 0xd5, 0x1f, 0x20, 0x03, 0xd5, 0xe2, 0x03, 0x01, 0x2a,
  0xe1, 0x03, 0x00, 0xaa, 0x00, 0x19, 0x80, 0xd2, 0x09, 0x14, 0x00, 0x14,
  0x22, 0x7c, 0x40, 0x93, 0xe1, 0x03, 0x00, 0x2a, 0xe0, 0x17, 0x80, 0xd2,
  0x05, 0x14, 0x00, 0x14, 0xe3, 0x03, 0x00, 0x2a, 0xe2, 0x03, 0x01, 0xaa,
  0xc0, 0x18, 0x80, 0xd2, 0x61, 0x7c, 0x40, 0x93, 0x00, 0x14, 0x00, 0x14,
  0x1f, 0x20, 0x03, 0xd5, 0x1f, 0x20, 0x03, 0xd5, 0x1f, 0x20, 0x03, 0xd5,
  0xe3, 0x03, 0x00, 0x2a, 0x22, 0x7c, 0x40, 0x93, 0x80, 0x18, 0x80, 0xd2,
  0x61, 0x7c, 0x40, 0x93, 0xf8, 0x13, 0x00, 0x14, 0x1f, 0x20, 0x03, 0xd5,
  0x1f, 0x20, 0x03, 0xd5, 0x1f, 0x20, 0x03, 0xd5, 0xe3, 0x03, 0x00, 0x2a,
  0x22, 0x7c, 0x40, 0x93, 0xa0, 0x09, 0x80, 0xd2, 0x61, 0x7c, 0x40, 0x93,
  0xf0, 0x13, 0x00, 0x14, 0x1f, 0x20, 0x03, 0xd5, 0x1f, 0x20, 0x03, 0xd5,
  0x1f, 0x20, 0x03, 0xd5, 0xe3, 0x03, 0x00, 0x2a, 0xe2, 0x03, 0x01, 0xaa,
  0xc0, 0x14, 0x80, 0xd2, 0x61, 0x7c, 0x40, 0x93, 0xe8, 0x13, 0x00, 0x14,
  0x1f, 0x20, 0x03, 0xd5, 0x1f, 0x20, 0x03, 0xd5, 0x1f, 0x20, 0x03, 0xd5,
  0xe3, 0x03, 0x00, 0x2a, 0xe2, 0x03, 0x01, 0xaa, 0x20, 0x10, 0x80, 0xd2,
  0x61, 0x7c, 0x40, 0x93, 0xe0, 0x13, 0x00, 0x14, 0x1f, 0x20, 0x03, 0xd5,
  0x1f, 0x20, 0x03, 0xd5, 0x1f, 0x20, 0x03, 0xd5, 0xe3, 0x03, 0x00, 0x2a,
  0xe2, 0x03, 0x01, 0xaa, 0x00, 0x10, 0x80, 0xd2, 0x61, 0x7c, 0x40, 0x93,
  0xd8, 0x13, 0x00, 0x14, 0x1f, 0x20, 0x03, 0xd5, 0x1f, 0x20, 0x03, 0xd5,
  0x1f, 0x20, 0x03, 0xd5, 0xe3, 0x03, 0x00, 0x2a, 0xe2, 0x03, 0x01, 0xaa,
  0xe0, 0x0f, 0x80, 0xd2, 0x61, 0x7c, 0x40, 0x93, 0xd0, 0x13, 0x00, 0x14,
  0x1f, 0x20, 0x03, 0xd5, 0x1f, 0x20, 0x03, 0xd5, 0x1f, 0x20, 0x03, 0xd5,
  0xe2, 0x03, 0x01, 0xaa, 0xe1, 0x03, 0x00, 0xaa, 0x00, 0x14, 0x80, 0xd2,
  0xc9, 0x13, 0x00, 0x14, 0xe3, 0x03, 0x00, 0x2a, 0xfe, 0x0f, 0x1f, 0xf8,
  0x22, 0x7c, 0x40, 0x93, 0x20, 0x0d, 0x80, 0xd2, 0x61, 0x7c, 0x40, 0x93,
  0xc3, 0x13, 0x00, 0x94, 0x00, 0x7c, 0x40, 0x93, 0xfe, 0x07, 0x41, 0xf8,
  0xc0, 0x03, 0x5f, 0xd6, 0x1f, 0x20, 0x03, 0xd5, 0x1f, 0x20, 0x03, 0xd5,
  0x1f, 0x20, 0x03, 0xd5, 0xe3, 0x03, 0x00, 0x2a, 0xe2, 0x03, 0x01, 0xaa,
  0x00, 0x01, 0x80, 0xd2, 0x61, 0x7c, 0x40, 0x93, 0xb8, 0x13, 0x00, 0x14,
  0x1f, 0x20, 0x03, 0xd5, 0x1f, 0x20, 0x03, 0xd5, 0x1f, 0x20, 0x03, 0xd5,
  0xe2, 0x03, 0x01, 0xaa, 0xe1, 0x03, 0x00, 0x2a, 0xa0, 0x11, 0x80, 0xd2,
  0xb1, 0x13, 0x00, 0x14, 0xe2, 0x03, 0x01, 0xaa, 0xe1, 0x03, 0x00, 0xaa,
  0x80, 0x0e, 0x80, 0xd2, 0xad, 0x13, 0x00, 0x14, 0xe2, 0x03, 0x01, 0xaa,
  0xe1, 0x03, 0x00, 0xaa, 0xc0, 0x17, 0x80, 0xd2, 0xa9, 0x13, 0x00, 0x14,
  0xe2, 0x03, 0x01, 0xaa, 0xe1, 0x03, 0x00, 0xaa, 0x60, 0x17, 0x80, 0xd2,
  0xa5, 0x13, 0x00, 0x14, 0xe2, 0x03, 0x01, 0xaa, 0xe1, 0x03, 0x00, 0xaa,
  0x40, 0x01, 0x80, 0xd2, 0xa1, 0x13, 0x00, 0x14, 0xe3, 0x03, 0x00, 0x2a,
  0xe2, 0x03, 0x01, 0xaa, 0xa0, 0x12, 0x80, 0xd2, 0x61, 0x7c, 0x40, 0x93,
  0x9c, 0x13, 0x00, 0x14, 0x1f, 0x20, 0x03, 0xd5, 0x1f, 0x20, 0x03, 0xd5,
  0x1f, 0x20, 0x03, 0xd5, 0xe3, 0x03, 0x00, 0x2a, 0xe2, 0x03, 0x01, 0xaa,
  0x80, 0x12, 0x80, 0xd2, 0x61, 0x7c, 0x40, 0x93, 0x94, 0x13, 0x00, 0x14,
  0x1f, 0x20, 0x03, 0xd5, 0x1f, 0x20, 0x03, 0xd5, 0x1f, 0x20, 0x03, 0xd5,
  0xe2, 0x03, 0x01, 0xaa, 0xe1, 0x03, 0x00, 0xaa, 0x20, 0x15, 0x80, 0xd2,
  0x8d, 0x13, 0x00, 0x14, 0xe2, 0x03, 0x01, 0xaa, 0xe1, 0x03, 0x00, 0xaa,
  0x60, 0x08, 0x80, 0xd2, 0x89, 0x13, 0x00, 0x14, 0xe3, 0x03, 0x00, 0x2a,
  0xe2, 0x03, 0x01, 0xaa, 0xa0, 0x15, 0x80, 0xd2, 0x61, 0x7c, 0x40, 0x93,
  0x84, 0x13, 0x00, 0x14, 0x1f, 0x20, 0x03, 0xd5, 0x1f, 0x20, 0x03, 0xd5,
  0x1f, 0x20, 0x03, 0xd5, 0xe2, 0x03, 0x01, 0xaa, 0xe1, 0x03, 0x00, 0xaa,
  0x60, 0x15, 0x80, 0xd2, 0x7d, 0x13, 0x00, 0x14, 0xe3, 0x03, 0x00, 0x2a,
  0xe2, 0x03, 0x01, 0xaa, 0x20, 0x19, 0x80, 0xd2, 0x61, 0x7c, 0x40, 0x93,
  0x78, 0x13, 0x00, 0x14, 0x1f, 0x20, 0x03, 0xd5, 0x1f, 0x20, 0x03, 0xd5,
  0x1f, 0x20, 0x03, 0xd5, 0xe2, 0x03, 0x01, 0xaa, 0xe1, 0x03, 0x00, 0xaa,
  0xc0, 0x06, 0x80, 0xd2, 0x71, 0x13, 0x00, 0x14, 0xe2, 0x03, 0x01, 0xaa,
  0xe1, 0x03, 0x00, 0xaa, 0x60, 0x16, 0x80, 0xd2, 0x6d, 0x13, 0x00, 0x14,
  0xe3, 0x03, 0x00, 0x2a, 0xe2, 0x03, 0x01, 0xaa, 0xc0, 0x11, 0x80, 0xd2,
  0x61, 0x7c, 0x40, 0x93, 0x68, 0x13, 0x00, 0x14, 0x1f, 0x20, 0x03, 0xd5,
  0x1f, 0x20, 0x03, 0xd5, 0x1f, 0x20, 0x03, 0xd5, 0xe3, 0x03, 0x00, 0x2a,
  0x22, 0x7c, 0x40, 0x93, 0xc0, 0x10, 0x80, 0xd2, 0x61, 0x7c, 0x40, 0x93,
  0x60, 0x13, 0x00, 0x14, 0x1f, 0x20, 0x03, 0xd5, 0x1f, 0x20, 0x03, 0xd5,
  0x1f, 0x20, 0x03, 0xd5, 0x22, 0x7c, 0x40, 0x93, 0xe1, 0x03, 0x00, 0xaa,
  0x20, 0x16, 0x80, 0xd2, 0x59, 0x13, 0x00, 0x14, 0xe2, 0x03, 0x01, 0x2a,
  0xe1, 0x03, 0x00, 0xaa, 0xe0, 0x0e, 0x80, 0xd2, 0x55, 0x13, 0x00, 0x14,
  0xe2, 0x03, 0x01, 0xaa, 0xe1, 0x03, 0x00, 0xaa, 0xe0, 0x10, 0x80, 0xd2,
  0x51, 0x13, 0x00, 0x14, 0xe3, 0x03, 0x00, 0x2a, 0x22, 0x7c, 0x40, 0x93,
  0xc0, 0x01, 0x80, 0xd2, 0x61, 0x7c, 0x40, 0x93, 0x4c, 0x13, 0x00, 0x14,
  0x1f, 0x20, 0x03, 0xd5, 0x1f, 0x20, 0x03, 0xd5, 0x1f, 0x20, 0x03, 0xd5,
  0x22, 0x7c, 0x40, 0x93, 0xe1, 0x03, 0x00, 0xaa, 0xa0, 0x0f, 0x80, 0xd2,
  0x45, 0x13, 0x00, 0x14, 0xe2, 0x03, 0x01, 0x2a, 0xe1, 0x03, 0x00, 0xaa,
  0xc0, 0x16, 0x80, 0xd2, 0x41, 0x13, 0x00, 0x14, 0xe2, 0x03, 0x01, 0xaa,
  0xe1, 0x03, 0x00, 0xaa, 0x40, 0x16, 0x80, 0xd2, 0x3d, 0x13, 0x00, 0x14,
  0xe4, 0x03, 0x01, 0xaa, 0xe3, 0x03, 0x02, 0x2a, 0xe1, 0x03, 0x00, 0xaa,
  0xe2, 0x03, 0x04, 0xaa, 0x00, 0x12, 0x80, 0xd2, 0x37, 0x13, 0x00, 0x14,
  0x1f, 0x20, 0x03, 0xd5, 0x1f, 0x20, 0x03, 0xd5, 0xe4, 0x03, 0x00, 0x2a,
  0x43, 0x7c, 0x40, 0x93, 0xe0, 0x18, 0x80, 0xd2, 0xe2, 0x03, 0x01, 0xaa,
  0x81, 0x7c, 0x40, 0x93, 0x2f, 0x13, 0x00, 0x14, 0x1f, 0x20, 0x03, 0xd5,
  0x1f, 0x20, 0x03, 0xd5, 0xe3, 0x03, 0x00, 0x2a, 0xe4, 0x03, 0x01, 0x2a,
  0x60, 0x18, 0x80, 0xd2, 0x61, 0x7c, 0x40, 0x93, 0xe3, 0x03, 0x02, 0xaa,
  0x82, 0x7c, 0x40, 0x93, 0x26, 0x13, 0x00, 0x14, 0x1f, 0x20, 0x03, 0xd5,
  0xe4, 0x03, 0x00, 0x2a, 0x43, 0x7c, 0x40, 0x93, 0xe0, 0x06, 0x80, 0xd2,
  0xe2, 0x03, 0x01, 0xaa, 0x81, 0x7c, 0x40, 0x93, 0x1f, 0x13, 0x00, 0x14,
  0x1f, 0x20, 0x03, 0xd5, 0x1f, 0x20, 0x03, 0xd5, 0xe4, 0x03, 0x00, 0x2a,
  0x43, 0x7c, 0x40, 0x93, 0x20, 0x07, 0x80, 0xd2, 0xe2, 0x03, 0x01, 0xaa,
  0x81, 0x7c, 0x40, 0x93, 0x17, 0x13, 0x00, 0x14, 0x1f, 0x20, 0x03, 0xd5,
  0x1f, 0x20, 0x03, 0xd5, 0xe4, 0x03, 0x00, 0x2a, 0x43, 0x7c, 0x40, 0x93,
  0xe0, 0x0a, 0x80, 0xd2, 0xe2, 0x03, 0x01, 0xaa, 0x81, 0x7c, 0x40, 0x93,
  0x0f, 0x13, 0x00, 0x14, 0x1f, 0x20, 0x03, 0xd5, 0x1f, 0x20, 0x03, 0xd5,
  0xe4, 0x03, 0x00, 0x2a, 0x43, 0x7c, 0x40, 0x93, 0xc0, 0x0a, 0x80, 0xd2,
  0xe2, 0x03, 0x01, 0xaa, 0x81, 0x7c, 0x40, 0x93, 0x07, 0x13, 0x00, 0x14,
  0x1f, 0x20, 0x03, 0xd5, 0x1f, 0x20, 0x03, 0xd5, 0xe3, 0x03, 0x00, 0x2a,
  0xe4, 0x03, 0x01, 0xaa, 0x00, 0x09, 0x80, 0xd2, 0x61, 0x7c, 0x40, 0x93,
  0xe3, 0x03, 0x02, 0xaa, 0xe2, 0x03, 0x04, 0xaa, 0xfe, 0x12, 0x00, 0x14,
  0x1f, 0x20, 0x03, 0xd5, 0xe3, 0x03, 0x00, 0x2a, 0xe4, 0x03, 0x01, 0xaa,
  0x20, 0x09, 0x80, 0xd2, 0x61, 0x7c, 0x40, 0x93, 0xe3, 0x03, 0x02, 0xaa,
  0xe2, 0x03, 0x04, 0xaa, 0xf6, 0x12, 0x00, 0x14, 0x1f, 0x20, 0x03, 0xd5,
  0xe3, 0x03, 0x00, 0x2a, 0xe4, 0x03, 0x01, 0xaa, 0xa0, 0x08, 0x80, 0xd2,
  0x61, 0x7c, 0x40, 0x93, 0xe3, 0x03, 0x02, 0xaa, 0xe2, 0x03, 0x04, 0xaa,
  0xee, 0x12, 0x00, 0x14, 0x1f, 0x20, 0x03, 0xd5, 0xe3, 0x03, 0x00, 0x2a,
  0xe4, 0x03, 0x01, 0xaa, 0x80, 0x09, 0x80, 0xd2, 0x61, 0x7c, 0x40, 0x93,
  0xe3, 0x03, 0x02, 0x2a, 0xe2, 0x03, 0x04, 0xaa, 0xe6, 0x12, 0x00, 0x14,
  0x1f, 0x20, 0x03, 0xd5, 0xe3, 0x03, 0x00, 0x2a, 0xe4, 0x03, 0x01, 0xaa,
  0xc0, 0x08, 0x80, 0xd2, 0x61, 0x7c, 0x40, 0x93, 0xe3, 0x03, 0x02, 0x2a,
  0xe2, 0x03, 0x04, 0xaa, 0xde, 0x12, 0x00, 0x14, 0x1f, 0x20, 0x03, 0xd5,
  0xe5, 0x03, 0x00, 0x2a, 0xe4, 0x03, 0x01, 0x2a, 0x43, 0x7c, 0x40, 0x93,
  0x40, 0x0a, 0x80, 0xd2, 0xa1, 0x7c, 0x40, 0x93, 0x82, 0x7c, 0x40, 0x93,
  0xd6, 0x12, 0x00, 0x14, 0x1f, 0x20, 0x03, 0xd5, 0xe3, 0x03, 0x00, 0x2a,
  0xe4, 0x03, 0x01, 0xaa, 0xe0, 0x14, 0x80, 0xd2, 0x61, 0x7c, 0x40, 0x93,
  0xe3, 0x03, 0x02, 0xaa, 0xe2, 0x03, 0x04, 0xaa, 0xce, 0x12, 0x00, 0x14,
  0x1f, 0x20, 0x03, 0xd5, 0xe3, 0x03, 0x00, 0x2a, 0xe4, 0x03, 0x01, 0xaa,
  0xc0, 0x15, 0x80, 0xd2, 0x61, 0x7c, 0x40, 0x93, 0xe3, 0x03, 0x02, 0xaa,
  0xe2, 0x03, 0x04, 0xaa, 0xc6, 0x12, 0x00, 0x14, 0x1f, 0x20, 0x03, 0xd5,
  0xe4, 0x03, 0x01, 0xaa, 0xe3, 0x03, 0x02, 0xaa, 0xe1, 0x03, 0x00, 0xaa,
  0xe2, 0x03, 0x04, 0xaa, 0x80, 0x15, 0x80, 0xd2, 0xbf, 0x12, 0x00, 0x14,
  0x1f, 0x20, 0x03, 0xd5, 0x1f, 0x20, 0x03, 0xd5, 0xe3, 0x03, 0x00, 0x2a,
  0xe4, 0x03, 0x01, 0xaa, 0xa0, 0x13, 0x80, 0xd2, 0x61, 0x7c, 0x40, 0x93,
  0xe3, 0x03, 0x02, 0xaa, 0xe2, 0x03, 0x04, 0xaa, 0xb6, 0x12, 0x00, 0x14,
  0x1f, 0x20, 0x03, 0xd5, 0xe4, 0x03, 0x01, 0xaa, 0xe3, 0x03, 0x00, 0x2a,
  0xfe, 0x0f, 0x1f, 0xf8, 0x80, 0x16, 0x80, 0xd2, 0x61, 0x7c, 0x40, 0x93,
  0xe3, 0x03, 0x02, 0xaa, 0xe2, 0x03, 0x04, 0xaa, 0xad, 0x12, 0x00, 0x94,
  0xfe, 0x07, 0x41, 0xf8, 0x00, 0x7c, 0x40, 0x93, 0xc0, 0x03, 0x5f, 0xd6,
  0x1f, 0x20, 0x03, 0xd5, 0xe4, 0x03, 0x01, 0xaa, 0xe3, 0x03, 0x00, 0x2a,
  0xfe, 0x0f, 0x1f, 0xf8, 0x40, 0x13, 0x80, 0xd2, 0x61, 0x7c, 0x40, 0x93,
  0xe3, 0x03, 0x02, 0xaa, 0xe2, 0x03, 0x04, 0xaa, 0xa1, 0x12, 0x00, 0x94,
  0xfe, 0x07, 0x41, 0xf8, 0x00, 0x7c, 0x40, 0x93, 0xc0, 0x03, 0x5f, 0xd6,
  0x1f, 0x20, 0x03, 0xd5, 0xe4, 0x03, 0x00, 0xaa, 0x43, 0x7c, 0x40, 0x93,
  0x60, 0x12, 0x80, 0xd2, 0xe2, 0x03, 0x01, 0xaa, 0xe1, 0x03, 0x04, 0xaa,
  0x97, 0x12, 0x00, 0x14, 0x1f, 0x20, 0x03, 0xd5, 0x1f, 0x20, 0x03, 0xd5,
  0xe3, 0x03, 0x00, 0x2a, 0xe4, 0x03, 0x01, 0x2a, 0xa0, 0x17, 0x80, 0xd2,
  0x61, 0x7c, 0x40, 0x93, 0xe3, 0x03, 0x02, 0xaa, 0x82, 0x7c, 0x40, 0x93,
  0x8e, 0x12, 0x00, 0x14, 0x1f, 0x20, 0x03, 0xd5, 0xe4, 0x03, 0x00, 0xaa,
  0x43, 0x7c, 0x40, 0x93, 0x20, 0x01, 0x80, 0xd2, 0xe2, 0x03, 0x01, 0xaa,
  0xe1, 0x03, 0x04, 0xaa, 0x87, 0x12, 0x00, 0x14, 0x1f, 0x20, 0x03, 0xd5,
  0x1f, 0x20, 0x03, 0xd5, 0xe3, 0x03, 0x00, 0x2a, 0xe4, 0x03, 0x01, 0xaa,
  0x20, 0x13, 0x80, 0xd2, 0x61, 0x7c, 0x40, 0x93, 0xe3, 0x03, 0x02, 0xaa,
  0xe2, 0x03, 0x04, 0xaa, 0x7e, 0x12, 0x00, 0x14, 0x1f, 0x20, 0x03, 0xd5,
  0xe3, 0x03, 0x00, 0x2a, 0xe4, 0x03, 0x01, 0x2a, 0x00, 0x13, 0x80, 0xd2,
  0x61, 0x7c, 0x40, 0x93, 0xe3, 0x03, 0x02, 0xaa, 0x82, 0x7c, 0x40, 0x93,
  0x76, 0x12, 0x00, 0x14, 0x1f, 0x20, 0x03, 0xd5, 0xf3, 0x53, 0xbd, 0xa9,
  0xf5, 0x5b, 0x01, 0xa9, 0xfe, 0x17, 0x00, 0xf9, 0x5f, 0x00, 0x00, 0x71,
  0x2d, 0x05, 0x00, 0x54, 0x55, 0x7c, 0x40, 0x93, 0xf3, 0x03, 0x01, 0xaa,
  0x16, 0x00, 0x80, 0xd2, 0x14, 0x00, 0x80, 0xd2, 0xf7, 0x13, 0x00, 0xf9,
  0x17, 0x7c, 0x40, 0x93, 0x05, 0x00, 0x00, 0x14, 0x94, 0x06, 0x00, 0x91,
  0x73, 0x42, 0x00, 0x91, 0x9f, 0x02, 0x15, 0xeb, 0xc0, 0x01, 0x00, 0x54,
  0x63, 0x06, 0x40, 0xf9, 0x63, 0xff, 0xff, 0xb4, 0x62, 0x02, 0x40, 0xf9,
  0xe1, 0x03, 0x17, 0xaa, 0x60, 0x00, 0x80, 0xd2, 0x5f, 0x12, 0x00, 0x94,
  0x1f, 0x00, 0x00, 0x71, 0x8d, 0x01, 0x00, 0x54, 0x94, 0x06, 0x00, 0x91,
  0xd6, 0xc2, 0x20, 0x8b, 0x73, 0x42, 0x00, 0x91, 0x9f, 0x02, 0x15, 0xeb,
  0x81, 0xfe, 0xff, 0x54, 0xf7, 0x13, 0x40, 0xf9, 0xe0, 0x03, 0x16, 0xaa,
  0xf5, 0x5b, 0x41, 0xa9, 0xfe, 0x17, 0x40, 0xf9, 0xf3, 0x53, 0xc3, 0xa8,
  0xc0, 0x03, 0x5f, 0xd6, 0xdf, 0x02, 0x00, 0xf1, 0x01, 0x7c, 0x40, 0x93,
  0x04, 0x08, 0x40, 0x7a, 0x36, 0x10, 0x96, 0x9a, 0xf7, 0x13, 0x40, 0xf9,
  0xe0, 0x03, 0x16, 0xaa, 0xf5, 0x5b, 0x41, 0xa9, 0xfe, 0x17, 0x40, 0xf9,
  0xf3, 0x53, 0xc3, 0xa8, 0xc0, 0x03, 0x5f, 0xd6, 0x16, 0x00, 0x80, 0xd2,
  0xf0, 0xff, 0xff, 0x17, 0x1f, 0x20, 0x03, 0xd5, 0x5f, 0x00, 0x00, 0x71,
  0xcd, 0x04, 0x00, 0x54, 0xf3, 0x53, 0xbd, 0xa9, 0xf3, 0x03, 0x01, 0xaa,
  0x34, 0xd0, 0x22, 0x8b, 0xf5, 0x5b, 0x01, 0xa9, 0x16, 0x7c, 0x40, 0x93,
  0x15, 0x00, 0x80, 0x52, 0xfe, 0x13, 0x00, 0xf9, 0x04, 0x00, 0x00, 0x14,
  0x73, 0x42, 0x00, 0x91, 0x9f, 0x02, 0x13, 0xeb, 0xa0, 0x01, 0x00, 0x54,
  0x63, 0x06, 0x40, 0xf9, 0x83, 0xff, 0xff, 0xb4, 0x62, 0x02, 0x40, 0xf9,
  0xe1, 0x03, 0x16, 0xaa, 0x40, 0x00, 0x80, 0xd2, 0x32, 0x12, 0x00, 0x94,
  0x1f, 0x00, 0x00, 0x71, 0x4d, 0x01, 0x00, 0x54, 0x73, 0x42, 0x00, 0x91,
  0xb5, 0x02, 0x00, 0x0b, 0x9f, 0x02, 0x13, 0xeb, 0xa1, 0xfe, 0xff, 0x54,
  0xfe, 0x13, 0x40, 0xf9, 0xa0, 0x7e, 0x40, 0x93, 0xf5, 0x5b, 0x41, 0xa9,
  0xf3, 0x53, 0xc3, 0xa8, 0xc0, 0x03, 0x5f, 0xd6, 0x60, 0xff, 0xff, 0x54,
  0xbf, 0x02, 0x00, 0x71, 0x00, 0x7c, 0x40, 0x93, 0xb5, 0x7e, 0x40, 0x93,
  0xfe, 0x13, 0x40, 0xf9, 0x00, 0x00, 0x95, 0x9a, 0xf5, 0x5b, 0x41, 0xa9,
  0xf3, 0x53, 0xc3, 0xa8, 0xc0, 0x03, 0x5f, 0xd6, 0x00, 0x00, 0x80, 0xd2,
  0xc0, 0x03, 0x5f, 0xd6, 0x1f, 0x20, 0x03, 0xd5, 0x1f, 0x20, 0x03, 0xd5,
  0x1f, 0x20, 0x03, 0xd5, 0xe3, 0x03, 0x00, 0x2a, 0xe4, 0x03, 0x01, 0xaa,
  0x20, 0x0f, 0x80, 0xd2, 0x61, 0x7c, 0x40, 0x93, 0xe3, 0x03, 0x02, 0xaa,
  0xe2, 0x03, 0x04, 0xaa, 0x12, 0x12, 0x00, 0x14, 0x1f, 0x20, 0x03, 0xd5,
  0xe5, 0x03, 0x01, 0xaa, 0xf3, 0x7b, 0xbf, 0xa9, 0xf3, 0x03, 0x03, 0xaa,
  0xe1, 0x03, 0x00, 0x2a, 0x42, 0x80, 0x05, 0xaa, 0xe3, 0x03, 0x04, 0x2a,
  0x80, 0x00, 0x80, 0xd2, 0x09, 0x12, 0x00, 0x94, 0x60, 0x02, 0x00, 0xf9,
  0x00, 0xfc, 0x7f, 0x93, 0xf3, 0x7b, 0xc1, 0xa8, 0xc0, 0x03, 0x5f, 0xd6,
  0xe3, 0x03, 0x00, 0x2a, 0xe4, 0x03, 0x01, 0xaa, 0x40, 0x19, 0x80, 0xd2,
  0x61, 0x7c, 0x40, 0x93, 0xe3, 0x03, 0x02, 0xaa, 0xe2, 0x03, 0x04, 0xaa,
  0xfe, 0x11, 0x00, 0x14, 0x1f, 0x20, 0x03, 0xd5, 0xe4, 0x03, 0x01, 0xaa,
  0xe3, 0x03, 0x02, 0xaa, 0xe1, 0x03, 0x00, 0xaa, 0xe2, 0x03, 0x04, 0xaa,
  0x20, 0x12, 0x80, 0xd2, 0xf7, 0x11, 0x00, 0x14, 0x1f, 0x20, 0x03, 0xd5,
  0x1f, 0x20, 0x03, 0xd5, 0xe3, 0x03, 0x00, 0x2a, 0xe4, 0x03, 0x01, 0x2a,
  0xe0, 0x00, 0x80, 0xd2, 0x61, 0x7c, 0x40, 0x93, 0xe3, 0x03, 0x02, 0xaa,
  0x82, 0x7c, 0x40, 0x93, 0xee, 0x11, 0x00, 0x14, 0x1f, 0x20, 0x03, 0xd5,
  0xe4, 0x03, 0x01, 0xaa, 0xe3, 0x03, 0x02, 0xaa, 0xe1, 0x03, 0x00, 0xaa,
  0xe2, 0x03, 0x04, 0xaa, 0x20, 0x11, 0x80, 0xd2, 0xe7, 0x11, 0x00, 0x14,
  0x1f, 0x20, 0x03, 0xd5, 0x1f, 0x20, 0x03, 0xd5, 0xe4, 0x03, 0x01, 0x2a,
  0xe3, 0x03, 0x02, 0x2a, 0xe1, 0x03, 0x00, 0xaa, 0xa0, 0x00, 0x80, 0xd2,
  0x82, 0x7c, 0x40, 0x93, 0xdf, 0x11, 0x00, 0x14, 0x1f, 0x20, 0x03, 0xd5,
  0x1f, 0x20, 0x03, 0xd5, 0xe4, 0x03, 0x00, 0x2a, 0x43, 0x7c, 0x40, 0x93,
  0x60, 0x00, 0x80, 0xd2, 0xe2, 0x03, 0x01, 0xaa, 0x81, 0x7c, 0x40, 0x93,
  0xd7, 0x11, 0x00, 0x14, 0x1f, 0x20, 0x03, 0xd5, 0x1f, 0x20, 0x03, 0xd5,
  0xe4, 0x03, 0x00, 0x2a, 0x43, 0x7c, 0x40, 0x93, 0x40, 0x00, 0x80, 0xd2,
  0xe2, 0x03, 0x01, 0xaa, 0x81, 0x7c, 0x40, 0x93, 0xcf, 0x11, 0x00, 0x14,
  0x1f, 0x20, 0x03, 0xd5, 0x1f, 0x20, 0x03, 0xd5, 0xe4, 0x03, 0x01, 0x2a,
  0xe5, 0x03, 0x02, 0xaa, 0x01, 0x7c, 0x40, 0x93, 0xe2, 0x03, 0x04, 0x2a,
  0x80, 0x11, 0x80, 0xd2, 0xe4, 0x03, 0x03, 0xaa, 0xe3, 0x03, 0x05, 0xaa,
  0xc5, 0x11, 0x00, 0x14, 0xe4, 0x03, 0x01, 0x2a, 0xe5, 0x03, 0x02, 0xaa,
  0x01, 0x7c, 0x40, 0x93, 0xa0, 0x18, 0x80, 0xd2, 0x82, 0x7c, 0x40, 0x93,
  0xe4, 0x03, 0x03, 0xaa, 0xe3, 0x03, 0x05, 0xaa, 0xbd, 0x11, 0x00, 0x14,
  0xe5, 0x03, 0x01, 0xaa, 0x64, 0x7c, 0x40, 0x93, 0x01, 0x7c, 0x40, 0x93,
  0xe3, 0x03, 0x02, 0xaa, 0x60, 0x19, 0x80, 0xd2, 0xe2, 0x03, 0x05, 0xaa,
  0xb6, 0x11, 0x00, 0x14, 0x1f, 0x20, 0x03, 0xd5, 0xe5, 0x03, 0x02, 0x2a,
  0xe4, 0x03, 0x03, 0x2a, 0xe2, 0x03, 0x01, 0xaa, 0x01, 0x7c, 0x40, 0x93,
  0xa3, 0x7c, 0x40, 0x93, 0xe0, 0x15, 0x80, 0xd2, 0xae, 0x11, 0x00, 0x14,
  0x1f, 0x20, 0x03, 0xd5, 0xe5, 0x03, 0x01, 0xaa, 0x64, 0x7c, 0x40, 0x93,
  0x01, 0x7c, 0x40, 0x93, 0xe3, 0x03, 0x02, 0xaa, 0xc0, 0x09, 0x80, 0xd2,
  0xe2, 0x03, 0x05, 0xaa, 0xa6, 0x11, 0x00, 0x14, 0x1f, 0x20, 0x03, 0xd5,
  0xe5, 0x03, 0x01, 0xaa, 0x64, 0x7c, 0x40, 0x93, 0x01, 0x7c, 0x40, 0x93,
  0xe3, 0x03, 0x02, 0xaa, 0x00, 0x0a, 0x80, 0xd2, 0xe2, 0x03, 0x05, 0xaa,
  0x9e, 0x11, 0x00, 0x14, 0x1f, 0x20, 0x03, 0xd5, 0xe4, 0x03, 0x01, 0x2a,
  0xe5, 0x03, 0x02, 0x2a, 0xe1, 0x03, 0x00, 0xaa, 0x40, 0x14, 0x80, 0xd2,
  0x82, 0x7c, 0x40, 0x93, 0xe4, 0x03, 0x03, 0xaa, 0xe3, 0x03, 0x05, 0x2a,
  0x95, 0x11, 0x00, 0x14, 0xe4, 0x03, 0x01, 0x2a, 0xe5, 0x03, 0x02, 0xaa,
  0x01, 0x7c, 0x40, 0x93, 0x80, 0x13, 0x80, 0xd2, 0x82, 0x7c, 0x40, 0x93,
  0xe4, 0x03, 0x03, 0xaa, 0xe3, 0x03, 0x05, 0xaa, 0x8d, 0x11, 0x00, 0x14,
  0xe4, 0x03, 0x01, 0x2a, 0xe5, 0x03, 0x02, 0xaa, 0xe1, 0x03, 0x00, 0xaa,
  0xe0, 0x13, 0x80, 0xd2, 0x82, 0x7c, 0x40, 0x93, 0xe4, 0x03, 0x03, 0xaa,
  0xe3, 0x03, 0x05, 0xaa, 0x85, 0x11, 0x00, 0x14, 0xe4, 0x03, 0x01, 0x2a,
  0xe5, 0x03, 0x02, 0x2a, 0x01, 0x7c, 0x40, 0x93, 0x20, 0x18, 0x80, 0xd2,
  0x82, 0x7c, 0x40, 0x93, 0xe4, 0x03, 0x03, 0xaa, 0xa3, 0x7c, 0x40, 0x93,
  0x7d, 0x11, 0x00, 0x14, 0xe5, 0x03, 0x02, 0x2a, 0xe4, 0x03, 0x03, 0xaa,
  0xe2, 0x03, 0x01, 0xaa, 0x01, 0x7c, 0x40, 0x93, 0xa3, 0x7c, 0x40, 0x93,
  0x40, 0x17, 0x80, 0xd2, 0x76, 0x11, 0x00, 0x14, 0x1f, 0x20, 0x03, 0xd5,
  0xe5, 0x03, 0x02, 0x2a, 0xe4, 0x03, 0x03, 0xaa, 0xe2, 0x03, 0x01, 0xaa,
  0x01, 0x7c, 0x40, 0x93, 0xa3, 0x7c, 0x40, 0x93, 0x20, 0x17, 0x80, 0xd2,
  0x6e, 0x11, 0x00, 0x14, 0x1f, 0x20, 0x03, 0xd5, 0xe4, 0x03, 0x01, 0xaa,
  0xe5, 0x03, 0x02, 0xaa, 0xe1, 0x03, 0x00, 0xaa, 0xe2, 0x03, 0x04, 0xaa,
  0x80, 0x17, 0x80, 0xd2, 0xe4, 0x03, 0x03, 0xaa, 0xe3, 0x03, 0x05, 0xaa,
  0x65, 0x11, 0x00, 0x14, 0xe5, 0x03, 0x02, 0xaa, 0xfe, 0x0f, 0x1f, 0xf8,
  0xe4, 0x03, 0x01, 0xaa, 0x01, 0x7c, 0x40, 0x93, 0xe2, 0x03, 0x04, 0xaa,
  0x00, 0x0d, 0x80, 0xd2, 0xe4, 0x03, 0x03, 0xaa, 0xe3, 0x03, 0x05, 0xaa,
  0x5c, 0x11, 0x00, 0x94, 0x00, 0x7c, 0x40, 0x93, 0xfe, 0x07, 0x41, 0xf8,
  0xc0, 0x03, 0x5f, 0xd6, 0xe5, 0x03, 0x02, 0xaa, 0xfe, 0x0f, 0x1f, 0xf8,
  0xe4, 0x03, 0x01, 0xaa, 0x01, 0x7c, 0x40, 0x93, 0xe2, 0x03, 0x04, 0xaa,
  0xe0, 0x0c, 0x80, 0xd2, 0xe4, 0x03, 0x03, 0xaa, 0xe3, 0x03, 0x05, 0xaa,
  0x50, 0x11, 0x00, 0x94, 0x00, 0x7c, 0x40, 0x93, 0xfe, 0x07, 0x41, 0xf8,
  0xc0, 0x03, 0x5f, 0xd6, 0xe5, 0x03, 0x01, 0xaa, 0xfe, 0x0f, 0x1f, 0xf8,
  0x01, 0x7c, 0x40, 0x93, 0xe3, 0x03, 0x02, 0xaa, 0x04, 0x10, 0x80, 0xd2,
  0xe2, 0x03, 0x05, 0xaa, 0x00, 0x0d, 0x80, 0xd2, 0x45, 0x11, 0x00, 0x94,
  0xfe, 0x07, 0x41, 0xf8, 0x00, 0x7c, 0x40, 0x93, 0xc0, 0x03, 0x5f, 0xd6,
  0x1f, 0x20, 0x03, 0xd5, 0xe5, 0x03, 0x01, 0xaa, 0xfe, 0x0f, 0x1f, 0xf8,
  0x01, 0x7c, 0x40, 0x93, 0xe3, 0x03, 0x02, 0xaa, 0x04, 0x10, 0x80, 0xd2,
  0xe2, 0x03, 0x05, 0xaa, 0xe0, 0x0c, 0x80, 0xd2, 0x39, 0x11, 0x00, 0x94,
  0xfe, 0x07, 0x41, 0xf8, 0x00, 0x7c, 0x40, 0x93, 0xc0, 0x03, 0x5f, 0xd6,
  0x1f, 0x20, 0x03, 0xd5, 0xe6, 0x03, 0x03, 0x2a, 0xe7, 0x03, 0x04, 0xaa,
  0x43, 0x7c, 0x40, 0x93, 0xe2, 0x03, 0x01, 0xaa, 0xc4, 0x7c, 0x40, 0x93,
  0x01, 0x7c, 0x40, 0x93, 0xe6, 0x03, 0x05, 0xaa, 0x40, 0x18, 0x80, 0xd2,
  0xe5, 0x03, 0x07, 0xaa, 0x2b, 0x11, 0x00, 0x14, 0x1f, 0x20, 0x03, 0xd5,
  0x1f, 0x20, 0x03, 0xd5, 0xe6, 0x03, 0x03, 0x2a, 0xe8, 0x03, 0x01, 0xaa,
  0xe7, 0x03, 0x04, 0xaa, 0x01, 0x7c, 0x40, 0x93, 0xe3, 0x03, 0x02, 0xaa,
  0xc4, 0x7c, 0x40, 0x93, 0xe2, 0x03, 0x08, 0xaa, 0xe6, 0x03, 0x05, 0xaa,
  0xe0, 0x09, 0x80, 0xd2, 0xe5, 0x03, 0x07, 0xaa, 0x1e, 0x11, 0x00, 0x14,
  0x1f, 0x20, 0x03, 0xd5, 0xe6, 0x03, 0x03, 0x2a, 0xe8, 0x03, 0x01, 0xaa,
  0xe7, 0x03, 0x04, 0xaa, 0x01, 0x7c, 0x40, 0x93, 0xe3, 0x03, 0x02, 0xaa,
  0xc4, 0x7c, 0x40, 0x93, 0xe2, 0x03, 0x08, 0xaa, 0xe6, 0x03, 0x05, 0x2a,
  0x20, 0x0a, 0x80, 0xd2, 0xe5, 0x03, 0x07, 0xaa, 0x12, 0x11, 0x00, 0x14,
  0x1f, 0x20, 0x03, 0xd5, 0xe8, 0x03, 0x02, 0x2a, 0xe7, 0x03, 0x03, 0xaa,
  0xfe, 0x0f, 0x1f, 0xf8, 0x22, 0x7c, 0x40, 0x93, 0xa6, 0x7c, 0x40, 0x93,
  0xe1, 0x03, 0x00, 0xaa, 0xe5, 0x03, 0x04, 0xaa, 0x03, 0x7d, 0x40, 0x93,
  0xe4, 0x03, 0x07, 0xaa, 0x60, 0x10, 0x80, 0xd2, 0x06, 0x11, 0x00, 0x94,
  0x00, 0x7c, 0x40, 0x93, 0xfe, 0x07, 0x41, 0xf8, 0xc0, 0x03, 0x5f, 0xd6,
  0x1f, 0x20, 0x03, 0xd5, 0x1f, 0x20, 0x03, 0xd5, 0xe6, 0x03, 0x03, 0x2a,
  0xe7, 0x03, 0x04, 0x2a, 0x43, 0x7c, 0x40, 0x93, 0xe2, 0x03, 0x01, 0xaa,
  0xc4, 0x7c, 0x40, 0x93, 0xe1, 0x03, 0x00, 0xaa, 0xe6, 0x03, 0x05, 0xaa,
  0xa0, 0x06, 0x80, 0xd2, 0xe5, 0x7c, 0x40, 0x93, 0xf7, 0x10, 0x00, 0x14,
  0x1f, 0x20, 0x03, 0xd5, 0x1f, 0x20, 0x03, 0xd5, 0xe7, 0x03, 0x01, 0x2a,
  0xe5, 0x03, 0x02, 0x2a, 0xe6, 0x03, 0x03, 0xaa, 0x01, 0x7c, 0x40, 0x93,
  0xa3, 0x7c, 0x40, 0x93, 0xe2, 0x7c, 0x40, 0x93, 0xe5, 0x03, 0x04, 0xaa,
  0x40, 0x09, 0x80, 0xd2, 0xe4, 0x03, 0x06, 0xaa, 0xeb, 0x10, 0x00, 0x14,
  0x1f, 0x20, 0x03, 0xd5, 0x1f, 0x20, 0x03, 0xd5, 0xe7, 0x03, 0x01, 0x2a,
  0xe5, 0x03, 0x02, 0x2a, 0xe6, 0x03, 0x03, 0xaa, 0x01, 0x7c, 0x40, 0x93,
  0xa3, 0x7c, 0x40, 0x93, 0xe2, 0x7c, 0x40, 0x93, 0xe5, 0x03, 0x04, 0x2a,
  0x60, 0x09, 0x80, 0xd2, 0xe4, 0x03, 0x06, 0xaa, 0xdf, 0x10, 0x00, 0x14,
  0x1f, 0x20, 0x03, 0xd5, 0x1f, 0x20, 0x03, 0xd5, 0xe7, 0x03, 0x01, 0xaa,
  0xe5, 0x03, 0x02, 0xaa, 0xe6, 0x03, 0x03, 0xaa, 0x01, 0x7c, 0x40, 0x93,
  0xe3, 0x03, 0x05, 0xaa, 0xe2, 0x03, 0x07, 0xaa, 0xe5, 0x03, 0x04, 0xaa,
  0xa0, 0x14, 0x80, 0xd2, 0xe4, 0x03, 0x06, 0xaa, 0xd3, 0x10, 0x00, 0x14,
  0x1f, 0x20, 0x03, 0xd5, 0x1f, 0x20, 0x03, 0xd5, 0xe7, 0x03, 0x01, 0xaa,
  0xe5, 0x03, 0x02, 0xaa, 0xe6, 0x03, 0x03, 0x2a, 0x01, 0x7c, 0x40, 0x93,
  0xe3, 0x03, 0x05, 0xaa, 0xe2, 0x03, 0x07, 0xaa, 0xe5, 0x03, 0x04, 0xaa,
  0x80, 0x14, 0x80, 0xd2, 0xe4, 0x03, 0x06, 0x2a, 0xc7, 0x10, 0x00, 0x14,
  0x1f, 0x20, 0x03, 0xd5, 0x1f, 0x20, 0x03, 0xd5, 0xe6, 0x03, 0x03, 0x2a,
  0xe5, 0x03, 0x01, 0xaa, 0xe3, 0x03, 0x02, 0xaa, 0xe1, 0x03, 0x00, 0xaa,
  0xe2, 0x03, 0x05, 0xaa, 0x40, 0x12, 0x80, 0xd2, 0xe5, 0x03, 0x04, 0xaa,
  0xc4, 0x7c, 0x40, 0x93, 0xbc, 0x10, 0x00, 0x14, 0x1f, 0x20, 0x03, 0xd5,
  0x1f, 0x20, 0x03, 0xd5, 0x1f, 0x20, 0x03, 0xd5, 0xe7, 0x03, 0x01, 0xaa,
  0xe5, 0x03, 0x02, 0xaa, 0xe6, 0x03, 0x03, 0xaa, 0x01, 0x7c, 0x40, 0x93,
  0xe3, 0x03, 0x05, 0xaa, 0xe2, 0x03, 0x07, 0xaa, 0xe5, 0x03, 0x04, 0xaa,
  0xc0, 0x0b, 0x80, 0xd2, 0xe4, 0x03, 0x06, 0xaa, 0xaf, 0x10, 0x00, 0x14,
  0x1f, 0x20, 0x03, 0xd5, 0x1f, 0x20, 0x03, 0xd5, 0xe7, 0x03, 0x01, 0xaa,
  0xe5, 0x03, 0x02, 0xaa, 0xe6, 0x03, 0x03, 0xaa, 0xe1, 0x03, 0x00, 0xaa,
  0xe3, 0x03, 0x05, 0xaa, 0xe2, 0x03, 0x07, 0xaa, 0xe5, 0x03, 0x04, 0xaa,
  0x00, 0x16, 0x80, 0xd2, 0xe4, 0x03, 0x06, 0xaa, 0xa3, 0x10, 0x00, 0x14,
  0x1f, 0x20, 0x03, 0xd5, 0x1f, 0x20, 0x03, 0xd5, 0x60, 0x11, 0x80, 0xd2,
  0x9f, 0x10, 0x00, 0x14, 0x1f, 0x20, 0x03, 0xd5, 0x1f, 0x20, 0x03, 0xd5,
  0x40, 0x11, 0x80, 0xd2, 0x9b, 0x10, 0x00, 0x14, 0x1f, 0x20, 0x03, 0xd5,
  0x1f, 0x20, 0x03, 0xd5, 0x00, 0x17, 0x80, 0xd2, 0x97, 0x10, 0x00, 0x14,
  0x1f, 0x20, 0x03, 0xd5, 0x1f, 0x20, 0x03, 0xd5, 0xe0, 0x11, 0x80, 0xd2,
  0x93, 0x10, 0x00, 0x14, 0x1f, 0x20, 0x03, 0xd5, 0x1f, 0x20, 0x03, 0xd5,
  0xe0, 0x01, 0x80, 0xd2, 0x8f, 0x10, 0x00, 0x14, 0x1f, 0x20, 0x03, 0xd5,
  0x1f, 0x20, 0x03, 0xd5, 0x00, 0x11, 0x80, 0xd2, 0x8b, 0x10, 0x00, 0x14,
  0x1f, 0x20, 0x03, 0xd5, 0x1f, 0x20, 0x03, 0xd5, 0x23, 0x7c, 0x40, 0x93,
  0x45, 0x7c, 0x40, 0x93, 0x01, 0x7c, 0x40, 0x93, 0xa3, 0x00, 0xf8, 0x37,
  0x04, 0x00, 0x80, 0xd2, 0x02, 0x00, 0x80, 0xd2, 0x80, 0x00, 0x80, 0xd2,
  0x81, 0x10, 0x00, 0x14, 0x04, 0x00, 0x80, 0x92, 0x02, 0x00, 0x80, 0xd2,
  0x80, 0x00, 0x80, 0xd2, 0x7d, 0x10, 0x00, 0x14, 0xe2, 0x03, 0x01, 0xaa,
  0xe1, 0x03, 0x00, 0xaa, 0x20, 0x15, 0x80, 0xd2, 0x79, 0x10, 0x00, 0x14,
  0xe3, 0x03, 0x00, 0x2a, 0xe2, 0x03, 0x01, 0xaa, 0x20, 0x19, 0x80, 0xd2,
  0x61, 0x7c, 0x40, 0x93, 0x74, 0x10, 0x00, 0x14, 0x1f, 0x20, 0x03, 0xd5,
  0x1f, 0x20, 0x03, 0xd5, 0x1f, 0x20, 0x03, 0xd5, 0xe2, 0x03, 0x01, 0xaa,
  0xe1, 0x03, 0x00, 0xaa, 0x60, 0x08, 0x80, 0xd2, 0x6d, 0x10, 0x00, 0x14,
  0xe3, 0x03, 0x00, 0x2a, 0xe4, 0x03, 0x01, 0xaa, 0x20, 0x0f, 0x80, 0xd2,
  0x61, 0x7c, 0x40, 0x93, 0xe3, 0x03, 0x02, 0xaa, 0xe2, 0x03, 0x04, 0xaa,
  0x66, 0x10, 0x00, 0x14, 0x1f, 0x20, 0x03, 0xd5, 0xe3, 0x03, 0x00, 0x2a,
  0xe4, 0x03, 0x01, 0x2a, 0xe0, 0x00, 0x80, 0xd2, 0x61, 0x7c, 0x40, 0x93,
  0xe3, 0x03, 0x02, 0xaa, 0x82, 0x7c, 0x40, 0x93, 0x5e, 0x10, 0x00, 0x14,
  0x1f, 0x20, 0x03, 0xd5, 0xe3, 0x03, 0x00, 0x2a, 0xe4, 0x03, 0x01, 0x2a,
  0xe0, 0x00, 0x80, 0xd2, 0x61, 0x7c, 0x40, 0x93, 0xe3, 0x03, 0x02, 0xaa,
  0x82, 0x7c, 0x40, 0x93, 0x56, 0x10, 0x00, 0x14, 0x1f, 0x20, 0x03, 0xd5,
  0xfe, 0x0f, 0x1f, 0xf8, 0xa2, 0x03, 0x80, 0xd2, 0x21, 0x00, 0x00, 0xb0,
  0xe0, 0x1f, 0x80, 0xd2, 0x21, 0x80, 0x04, 0x91, 0x4f, 0x10, 0x00, 0x94,
  0x02, 0x02, 0x80, 0xd2, 0x21, 0x00, 0x00, 0xb0, 0xe0, 0x1f, 0x80, 0xd2,
  0x21, 0xa0, 0x08, 0x91, 0x4a, 0x10, 0x00, 0x94, 0xfe, 0x07, 0x41, 0xf8,
  0x00, 0x00, 0x80, 0xd2, 0xc0, 0x03, 0x5f, 0xd6, 0x1f, 0x20, 0x03, 0xd5,
  0x1f, 0x20, 0x03, 0xd5, 0xfe, 0x0f, 0x1f, 0xf8, 0xa2, 0x03, 0x80, 0xd2,
  0x21, 0x00, 0x00, 0xb0, 0xe0, 0x1f, 0x80, 0xd2, 0x21, 0x80, 0x04, 0x91,
  0x3f, 0x10, 0x00, 0x94, 0xa2, 0x01, 0x80, 0xd2, 0x21, 0x00, 0x00, 0xb0,
  0xe0, 0x1f, 0x80, 0xd2, 0x21, 0xe0, 0x08, 0x91, 0x3a, 0x10, 0x00, 0x94,
  0xfe, 0x07, 0x41, 0xf8, 0x00, 0x00, 0x80, 0xd2, 0xc0, 0x03, 0x5f, 0xd6,
  0x1f, 0x20, 0x03, 0xd5, 0x1f, 0x20, 0x03, 0xd5, 0xfe, 0x0f, 0x1f, 0xf8,
  0xa2, 0x03, 0x80, 0xd2, 0x21, 0x00, 0x00, 0xb0, 0xe0, 0x1f, 0x80, 0xd2,
  0x21, 0x80, 0x04, 0x91, 0x2f, 0x10, 0x00, 0x94, 0xc2, 0x01, 0x80, 0xd2,
  0x21, 0x00, 0x00, 0xb0, 0xe0, 0x1f, 0x80, 0xd2, 0x21, 0x60, 0x09, 0x91,
  0x2a, 0x10, 0x00, 0x94, 0xfe, 0x07, 0x41, 0xf8, 0x00, 0x00, 0x80, 0xd2,
  0xc0, 0x03, 0x5f, 0xd6, 0x1f, 0x20, 0x03, 0xd5, 0x1f, 0x20, 0x03, 0xd5,
  0xfe, 0x0f, 0x1f, 0xf8, 0xa2, 0x03, 0x80, 0xd2, 0x21, 0x00, 0x00, 0xb0,
  0xe0, 0x1f, 0x80, 0xd2, 0x21, 0x80, 0x04, 0x91, 0x1f, 0x10, 0x00, 0x94,
  0xe2, 0x01, 0x80, 0xd2, 0x21, 0x00, 0x00, 0xb0, 0xe0, 0x1f, 0x80, 0xd2,
  0x21, 0xa0, 0x09, 0x91, 0x1a, 0x10, 0x00, 0x94, 0xfe, 0x07, 0x41, 0xf8,
  0x00, 0x00, 0x80, 0xd2, 0xc0, 0x03, 0x5f, 0xd6, 0x1f, 0x20, 0x03, 0xd5,
  0x1f, 0x20, 0x03, 0xd5, 0xfe, 0x0f, 0x1f, 0xf8, 0xa2, 0x03, 0x80, 0xd2,
  0x21, 0x00, 0x00, 0xb0, 0xe0, 0x1f, 0x80, 0xd2, 0x21, 0x80, 0x04, 0x91,
  0x0f, 0x10, 0x00, 0x94, 0xc2, 0x01, 0x80, 0xd2, 0x21, 0x00, 0x00, 0xb0,
  0xe0, 0x1f, 0x80, 0xd2, 0x21, 0xe0, 0x09, 0x91, 0x0a, 0x10, 0x00, 0x94,
  0xfe, 0x07, 0x41, 0xf8, 0x00, 0x00, 0x80, 0xd2, 0xc0, 0x03, 0x5f, 0xd6,
  0x1f, 0x20, 0x03, 0xd5, 0x1f, 0x20, 0x03, 0xd5, 0xfe, 0x0f, 0x1f, 0xf8,
  0xa2, 0x03, 0x80, 0xd2, 0x21, 0x00, 0x00, 0xb0, 0xe0, 0x1f, 0x80, 0xd2,
  0x21, 0x80, 0x04, 0x91, 0xff, 0x0f, 0x00, 0x94, 0x02, 0x02, 0x80, 0xd2,
  0x21, 0x00, 0x00, 0xb0, 0xe0, 0x1f, 0x80, 0xd2, 0x21, 0x20, 0x0a, 0x91,
  0xfa, 0x0f, 0x00, 0x94, 0xfe, 0x07, 0x41, 0xf8, 0x00, 0x00, 0x80, 0xd2,
  0xc0, 0x03, 0x5f, 0xd6, 0x1f, 0x20, 0x03, 0xd5, 0x1f, 0x20, 0x03, 0xd5,
  0xfe, 0x0f, 0x1f, 0xf8, 0xa2, 0x03, 0x80, 0xd2, 0x21, 0x00, 0x00, 0xb0,
  0xe0, 0x1f, 0x80, 0xd2, 0x21, 0x80, 0x04, 0x91, 0xef, 0x0f, 0x00, 0x94,
  0xe2, 0x01, 0x80, 0xd2, 0x21, 0x00, 0x00, 0xb0, 0xe0, 0x1f, 0x80, 0xd2,
  0x21, 0xa0, 0x06, 0x91, 0xea, 0x0f, 0x00, 0x94, 0xfe, 0x07, 0x41, 0xf8,
  0x00, 0x00, 0x80, 0xd2, 0xc0, 0x03, 0x5f, 0xd6, 0x1f, 0x20, 0x03, 0xd5,
  0x1f, 0x20, 0x03, 0xd5, 0xfe, 0x0f, 0x1f, 0xf8, 0xa2, 0x03, 0x80, 0xd2,
  0x21, 0x00, 0x00, 0xb0, 0xe0, 0x1f, 0x80, 0xd2, 0x21, 0x80, 0x04, 0x91,
  0xdf, 0x0f, 0x00, 0x94, 0xc2, 0x01, 0x80, 0xd2, 0x21, 0x00, 0x00, 0xb0,
  0xe0, 0x1f, 0x80, 0xd2, 0x21, 0xe0, 0x06, 0x91, 0xda, 0x0f, 0x00, 0x94,
  0xfe, 0x07, 0x41, 0xf8, 0x00, 0x00, 0x80, 0xd2, 0xc0, 0x03, 0x5f, 0xd6,
  0x1f, 0x20, 0x03, 0xd5, 0x1f, 0x20, 0x03, 0xd5, 0xfe, 0x0f, 0x1f, 0xf8,
  0xa2, 0x03, 0x80, 0xd2, 0x21, 0x00, 0x00, 0xb0, 0xe0, 0x1f, 0x80, 0xd2,
  0x21, 0x80, 0x04, 0x91, 0xcf, 0x0f, 0x00, 0x94, 0xa2, 0x01, 0x80, 0xd2,
  0x21, 0x00, 0x00, 0xb0, 0xe0, 0x1f, 0x80, 0xd2, 0x21, 0x20, 0x07, 0x91,
  0xca, 0x0f, 0x00, 0x94, 0xfe, 0x07, 0x41, 0xf8, 0x00, 0x00, 0x80, 0xd2,
  0xc0, 0x03, 0x5f, 0xd6, 0x1f, 0x20, 0x03, 0xd5, 0x1f, 0x20, 0x03, 0xd5,
  0xfe, 0x0f, 0x1f, 0xf8, 0xa2, 0x03, 0x80, 0xd2, 0x21, 0x00, 0x00, 0xb0,
  0xe0, 0x1f, 0x80, 0xd2, 0x21, 0x80, 0x04, 0x91, 0xbf, 0x0f, 0x00, 0x94,
  0xa2, 0x01, 0x80, 0xd2, 0x21, 0x00, 0x00, 0xb0, 0xe0, 0x1f, 0x80, 0xd2,
  0x21, 0x60, 0x07, 0x91, 0xba, 0x0f, 0x00, 0x94, 0xfe, 0x07, 0x41, 0xf8,
  0x00, 0x00, 0x80, 0xd2, 0xc0, 0x03, 0x5f, 0xd6, 0x1f, 0x20, 0x03, 0xd5,
  0x1f, 0x20, 0x03, 0xd5, 0xfe, 0x0f, 0x1f, 0xf8, 0xa2, 0x03, 0x80, 0xd2,
  0x21, 0x00, 0x00, 0xb0, 0xe0, 0x1f, 0x80, 0xd2, 0x21, 0x80, 0x04, 0x91,
  0xaf, 0x0f, 0x00, 0x94, 0xc2, 0x01, 0x80, 0xd2, 0x21, 0x00, 0x00, 0xb0,
  0xe0, 0x1f, 0x80, 0xd2, 0x21, 0xa0, 0x07, 0x91, 0xaa, 0x0f, 0x00, 0x94,
  0xfe, 0x07, 0x41, 0xf8, 0x00, 0x00, 0x80, 0xd2, 0xc0, 0x03, 0x5f, 0xd6,
  0x1f, 0x20, 0x03, 0xd5, 0x1f, 0x20, 0x03, 0xd5, 0xfe, 0x0f, 0x1f, 0xf8,
  0xa2, 0x03, 0x80, 0xd2, 0x21, 0x00, 0x00, 0xb0, 0xe0, 0x1f, 0x80, 0xd2,
  0x21, 0x80, 0x04, 0x91, 0x9f, 0x0f, 0x00, 0x94, 0xe2, 0x01, 0x80, 0xd2,
  0x21, 0x00, 0x00, 0xb0, 0xe0, 0x1f, 0x80, 0xd2, 0x21, 0xe0, 0x07, 0x91,
  0x9a, 0x0f, 0x00, 0x94, 0xfe, 0x07, 0x41, 0xf8, 0x00, 0x00, 0x80, 0xd2,
  0xc0, 0x03, 0x5f, 0xd6, 0x1f, 0x20, 0x03, 0xd5, 0x1f, 0x20, 0x03, 0xd5,
  0xfe, 0x0f, 0x1f, 0xf8, 0xa2, 0x03, 0x80, 0xd2, 0x21, 0x00, 0x00, 0xb0,
  0xe0, 0x1f, 0x80, 0xd2, 0x21, 0x80, 0x04, 0x91, 0x8f, 0x0f, 0x00, 0x94,
  0xe2, 0x01, 0x80, 0xd2, 0x21, 0x00, 0x00, 0xb0, 0xe0, 0x1f, 0x80, 0xd2,
  0x21, 0x20, 0x08, 0x91, 0x8a, 0x0f, 0x00, 0x94, 0xfe, 0x07, 0x41, 0xf8,
  0x00, 0x00, 0x80, 0xd2, 0xc0, 0x03, 0x5f, 0xd6, 0x1f, 0x20, 0x03, 0xd5,
  0x1f, 0x20, 0x03, 0xd5, 0xfe, 0x0f, 0x1f, 0xf8, 0xa2, 0x03, 0x80, 0xd2,
  0x21, 0x00, 0x00, 0xb0, 0xe0, 0x1f, 0x80, 0xd2, 0x21, 0x80, 0x04, 0x91,
  0x7f, 0x0f, 0x00, 0x94, 0x02, 0x02, 0x80, 0xd2, 0x21, 0x00, 0x00, 0xb0,
  0xe0, 0x1f, 0x80, 0xd2, 0x21, 0x60, 0x08, 0x91, 0x7a, 0x0f, 0x00, 0x94,
  0xfe, 0x07, 0x41, 0xf8, 0x00, 0x00, 0x80, 0xd2, 0xc0, 0x03, 0x5f, 0xd6,
  0x1f, 0x20, 0x03, 0xd5, 0x1f, 0x20, 0x03, 0xd5, 0xfe, 0x0f, 0x1f, 0xf8,
  0xa2, 0x03, 0x80, 0xd2, 0x21, 0x00, 0x00, 0xb0, 0xe0, 0x1f, 0x80, 0xd2,
  0x21, 0x80, 0x04, 0x91, 0x6f, 0x0f, 0x00, 0x94, 0x02, 0x02, 0x80, 0xd2,
  0x21, 0x00, 0x00, 0xb0, 0xe0, 0x1f, 0x80, 0xd2, 0x21, 0x20, 0x09, 0x91,
  0x6a, 0x0f, 0x00, 0x94, 0xfe, 0x07, 0x41, 0xf8, 0x00, 0x00, 0x80, 0xd2,
  0xc0, 0x03, 0x5f, 0xd6, 0x1f, 0x20, 0x03, 0xd5, 0x1f, 0x20, 0x03, 0xd5,
  0xfe, 0x0f, 0x1f, 0xf8, 0xa2, 0x03, 0x80, 0xd2, 0x21, 0x00, 0x00, 0xb0,
  0xe0, 0x1f, 0x80, 0xd2, 0x21, 0x80, 0x04, 0x91, 0x5f, 0x0f, 0x00, 0x94,
  0xe2, 0x01, 0x80, 0xd2, 0x21, 0x00, 0x00, 0xb0, 0xe0, 0x1f, 0x80, 0xd2,
  0x21, 0xe0, 0x05, 0x91, 0x5a, 0x0f, 0x00, 0x94, 0xfe, 0x07, 0x41, 0xf8,
  0x00, 0x00, 0x80, 0xd2, 0xc0, 0x03, 0x5f, 0xd6, 0x1f, 0x20, 0x03, 0xd5,
  0x1f, 0x20, 0x03, 0xd5, 0xfe, 0x0f, 0x1f, 0xf8, 0xa2, 0x03, 0x80, 0xd2,
  0x21, 0x00, 0x00, 0xb0, 0xe0, 0x1f, 0x80, 0xd2, 0x21, 0x80, 0x04, 0x91,
  0x4f, 0x0f, 0x00, 0x94, 0xe2, 0x01, 0x80, 0xd2, 0x21, 0x00, 0x00, 0xb0,
  0xe0, 0x1f, 0x80, 0xd2, 0x21, 0x20, 0x06, 0x91, 0x4a, 0x0f, 0x00, 0x94,
  0xfe, 0x07, 0x41, 0xf8, 0x00, 0x00, 0x80, 0xd2, 0xc0, 0x03, 0x5f, 0xd6,
  0x1f, 0x20, 0x03, 0xd5, 0x1f, 0x20, 0x03, 0xd5, 0xfe, 0x0f, 0x1f, 0xf8,
  0xa2, 0x03, 0x80, 0xd2, 0x21, 0x00, 0x00, 0xb0, 0xe0, 0x1f, 0x80, 0xd2,
  0x21, 0x80, 0x04, 0x91, 0x3f, 0x0f, 0x00, 0x94, 0xe2, 0x01, 0x80, 0xd2,
  0x21, 0x00, 0x00, 0xb0, 0xe0, 0x1f, 0x80, 0xd2, 0x21, 0x60, 0x06, 0x91,
  0x3a, 0x0f, 0x00, 0x94, 0xfe, 0x07, 0x41, 0xf8, 0x00, 0x00, 0x80, 0xd2,
  0xc0, 0x03, 0x5f, 0xd6, 0x1f, 0x20, 0x03, 0xd5, 0x1f, 0x20, 0x03, 0xd5,
  0xfe, 0x0f, 0x1f, 0xf8, 0xa2, 0x03, 0x80, 0xd2, 0x21, 0x00, 0x00, 0xb0,
  0xe0, 0x1f, 0x80, 0xd2, 0x21, 0x80, 0x04, 0x91, 0x2f, 0x0f, 0x00, 0x94,
  0xc2, 0x02, 0x80, 0xd2, 0x21, 0x00, 0x00, 0xd0, 0xe0, 0x1f, 0x80, 0xd2,
  0x21, 0xe0, 0x0e, 0x91, 0x2a, 0x0f, 0x00, 0x94, 0xfe, 0x07, 0x41, 0xf8,
  0x00, 0x00, 0x80, 0xd2, 0xc0, 0x03, 0x5f, 0xd6, 0x1f, 0x20, 0x03, 0xd5,
  0x1f, 0x20, 0x03, 0xd5, 0xfe, 0x0f, 0x1f, 0xf8, 0xa2, 0x03, 0x80, 0xd2,
  0x21, 0x00, 0x00, 0xb0, 0xe0, 0x1f, 0x80, 0xd2, 0x21, 0x80, 0x04, 0x91,
  0x1f, 0x0f, 0x00, 0x94, 0x02, 0x03, 0x80, 0xd2, 0x21, 0x00, 0x00, 0x90,
  0xe0, 0x1f, 0x80, 0xd2, 0x21, 0x00, 0x05, 0x91, 0x1a, 0x0f, 0x00, 0x94,
  0xfe, 0x07, 0x41, 0xf8, 0x00, 0x00, 0x80, 0xd2, 0xc0, 0x03, 0x5f, 0xd6,
  0x1f, 0x20, 0x03, 0xd5, 0x1f, 0x20, 0x03, 0xd5, 0xfe, 0x0f, 0x1f, 0xf8,
  0xa2, 0x03, 0x80, 0xd2, 0x21, 0x00, 0x00, 0x90, 0xe0, 0x1f, 0x80, 0xd2,
  0x21, 0x80, 0x04, 0x91, 0x0f, 0x0f, 0x00, 0x94, 0xc2, 0x01, 0x80, 0xd2,
  0x21, 0x00, 0x00, 0x90, 0xe0, 0x1f, 0x80, 0xd2, 0x21, 0x60, 0x05, 0x91,
  0x0a, 0x0f, 0x00, 0x94, 0xfe, 0x07, 0x41, 0xf8, 0x00, 0x00, 0x80, 0xd2,
  0xc0, 0x03, 0x5f, 0xd6, 0x1f, 0x20, 0x03, 0xd5, 0x1f, 0x20, 0x03, 0xd5,
  0xfe, 0x0f, 0x1f, 0xf8, 0xa2, 0x03, 0x80, 0xd2, 0x21, 0x00, 0x00, 0x90,
  0xe0, 0x1f, 0x80, 0xd2, 0x21, 0x80, 0x04, 0x91, 0xff, 0x0e, 0x00, 0x94,
  0xc2, 0x01, 0x80, 0xd2, 0x21, 0x00, 0x00, 0x90, 0xe0, 0x1f, 0x80, 0xd2,
  0x21, 0xa0, 0x05, 0x91, 0xfa, 0x0e, 0x00, 0x94, 0xfe, 0x07, 0x41, 0xf8,
  0x00, 0x00, 0x80, 0xd2, 0xc0, 0x03, 0x5f, 0xd6, 0x1f, 0x20, 0x03, 0xd5,
  0x1f, 0x20, 0x03, 0xd5, 0xfe, 0x0f, 0x1f, 0xf8, 0xa2, 0x03, 0x80, 0xd2,
  0x21, 0x00, 0x00, 0x90, 0xe0, 0x1f, 0x80, 0xd2, 0x21, 0x80, 0x04, 0x91,
  0xef, 0x0e, 0x00, 0x94, 0x02, 0x03, 0x80, 0xd2, 0x21, 0x00, 0x00, 0xb0,
  0xe0, 0x1f, 0x80, 0xd2, 0x21, 0x40, 0x0c, 0x91, 0xea, 0x0e, 0x00, 0x94,
  0xfe, 0x07, 0x41, 0xf8, 0x00, 0x00, 0x80, 0xd2, 0xc0, 0x03, 0x5f, 0xd6,
  0x1f, 0x20, 0x03, 0xd5, 0x1f, 0x20, 0x03, 0xd5, 0xfe, 0x0f, 0x1f, 0xf8,
  0xa2, 0x03, 0x80, 0xd2, 0x21, 0x00, 0x00, 0x90, 0xe0, 0x1f, 0x80, 0xd2,
  0x21, 0x80, 0x04, 0x91, 0xdf, 0x0e, 0x00, 0x94, 0x02, 0x02, 0x80, 0xd2,
  0x21, 0x00, 0x00, 0xb0, 0xe0, 0x1f, 0x80, 0xd2, 0x21, 0xa0, 0x0c, 0x91,
  0xda, 0x0e, 0x00, 0x94, 0xfe, 0x07, 0x41, 0xf8, 0x00, 0x00, 0x80, 0xd2,
  0xc0, 0x03, 0x5f, 0xd6, 0x1f, 0x20, 0x03, 0xd5, 0x1f, 0x20, 0x03, 0xd5,
  0xfe, 0x0f, 0x1f, 0xf8, 0xa2, 0x03, 0x80, 0xd2, 0x21, 0x00, 0x00, 0x90,
  0xe0, 0x1f, 0x80, 0xd2, 0x21, 0x80, 0x04, 0x91, 0xcf, 0x0e, 0x00, 0x94,
  0x22, 0x02, 0x80, 0xd2, 0x21, 0x00, 0x00, 0xb0, 0xe0, 0x1f, 0x80, 0xd2,
  0x21, 0xe0, 0x0c, 0x91, 0xca, 0x0e, 0x00, 0x94, 0xfe, 0x07, 0x41, 0xf8,
  0x00, 0x00, 0x80, 0xd2, 0xc0, 0x03, 0x5f, 0xd6, 0x1f, 0x20, 0x03, 0xd5,
  0x1f, 0x20, 0x03, 0xd5, 0xfe, 0x0f, 0x1f, 0xf8, 0xa2, 0x03, 0x80, 0xd2,
  0x21, 0x00, 0x00, 0x90, 0xe0, 0x1f, 0x80, 0xd2, 0x21, 0x80, 0x04, 0x91,
  0xbf, 0x0e, 0x00, 0x94, 0xc2, 0x02, 0x80, 0xd2, 0x21, 0x00, 0x00, 0xb0,
  0xe0, 0x1f, 0x80, 0xd2, 0x21, 0x40, 0x0d, 0x91, 0xba, 0x0e, 0x00, 0x94,
  0xfe, 0x07, 0x41, 0xf8, 0x00, 0x00, 0x80, 0xd2, 0xc0, 0x03, 0x5f, 0xd6,
  0x1f, 0x20, 0x03, 0xd5, 0x1f, 0x20, 0x03, 0xd5, 0xfe, 0x0f, 0x1f, 0xf8,
  0xa2, 0x03, 0x80, 0xd2, 0x21, 0x00, 0x00, 0x90, 0xe0, 0x1f, 0x80, 0xd2,
  0x21, 0x80, 0x04, 0x91, 0xaf, 0x0e, 0x00, 0x94, 0x62, 0x02, 0x80, 0xd2,
  0x21, 0x00, 0x00, 0xb0, 0xe0, 0x1f, 0x80, 0xd2, 0x21, 0xa0, 0x0d, 0x91,
  0xaa, 0x0e, 0x00, 0x94, 0xfe, 0x07, 0x41, 0xf8, 0x00, 0x00, 0x80, 0xd2,
  0xc0, 0x03, 0x5f, 0xd6, 0x1f, 0x20, 0x03, 0xd5, 0x1f, 0x20, 0x03, 0xd5,
  0xfe, 0x0f, 0x1f, 0xf8, 0xa2, 0x03, 0x80, 0xd2, 0x21, 0x00, 0x00, 0x90,
  0xe0, 0x1f, 0x80, 0xd2, 0x21, 0x80, 0x04, 0x91, 0x9f, 0x0e, 0x00, 0x94,
  0x42, 0x02, 0x80, 0xd2, 0x21, 0x00, 0x00, 0xb0, 0xe0, 0x1f, 0x80, 0xd2,
  0x21, 0x00, 0x0e, 0x91, 0x9a, 0x0e, 0x00, 0x94, 0xfe, 0x07, 0x41, 0xf8,
  0x00, 0x00, 0x80, 0xd2, 0xc0, 0x03, 0x5f, 0xd6, 0x1f, 0x20, 0x03, 0xd5,
  0x1f, 0x20, 0x03, 0xd5, 0xfe, 0x0f, 0x1f, 0xf8, 0xa2, 0x03, 0x80, 0xd2,
  0x21, 0x00, 0x00, 0x90, 0xe0, 0x1f, 0x80, 0xd2, 0x21, 0x80, 0x04, 0x91,
  0x8f, 0x0e, 0x00, 0x94, 0xc2, 0x01, 0x80, 0xd2, 0x21, 0x00, 0x00, 0xb0,
  0xe0, 0x1f, 0x80, 0xd2, 0x21, 0x60, 0x0e, 0x91, 0x8a, 0x0e, 0x00, 0x94,
  0xfe, 0x07, 0x41, 0xf8, 0x00, 0x00, 0x80, 0xd2, 0xc0, 0x03, 0x5f, 0xd6,
  0x1f, 0x20, 0x03, 0xd5, 0x1f, 0x20, 0x03, 0xd5, 0xfe, 0x0f, 0x1f, 0xf8,
  0xa2, 0x03, 0x80, 0xd2, 0x21, 0x00, 0x00, 0x90, 0xe0, 0x1f, 0x80, 0xd2,
  0x21, 0x80, 0x04, 0x91, 0x7f, 0x0e, 0x00, 0x94, 0xa2, 0x01, 0x80, 0xd2,
  0x21, 0x00, 0x00, 0xb0, 0xe0, 0x1f, 0x80, 0xd2, 0x21, 0xa0, 0x0e, 0x91,
  0x7a, 0x0e, 0x00, 0x94, 0xfe, 0x07, 0x41, 0xf8, 0x00, 0x00, 0x80, 0xd2,
  0xc0, 0x03, 0x5f, 0xd6, 0x1f, 0x20, 0x03, 0xd5, 0x1f, 0x20, 0x03, 0xd5,
  0xfe, 0x0f, 0x1f, 0xf8, 0xa2, 0x03, 0x80, 0xd2, 0x21, 0x00, 0x00, 0x90,
  0xe0, 0x1f, 0x80, 0xd2, 0x21, 0x80, 0x04, 0x91, 0x6f, 0x0e, 0x00, 0x94,
  0x62, 0x02, 0x80, 0xd2, 0x21, 0x00, 0x00, 0x90, 0xe0, 0x1f, 0x80, 0xd2,
  0x21, 0x20, 0x2b, 0x91, 0x6a, 0x0e, 0x00, 0x94, 0xfe, 0x07, 0x41, 0xf8,
  0x00, 0x00, 0x80, 0xd2, 0xc0, 0x03, 0x5f, 0xd6, 0x1f, 0x20, 0x03, 0xd5,
  0x1f, 0x20, 0x03, 0xd5, 0xfe, 0x0f, 0x1f, 0xf8, 0xa2, 0x03, 0x80, 0xd2,
  0x21, 0x00, 0x00, 0x90, 0xe0, 0x1f, 0x80, 0xd2, 0x21, 0x80, 0x04, 0x91,
  0x5f, 0x0e, 0x00, 0x94, 0x22, 0x02, 0x80, 0xd2, 0x21, 0x00, 0x00, 0x90,
  0xe0, 0x1f, 0x80, 0xd2, 0x21, 0x80, 0x2b, 0x91, 0x5a, 0x0e, 0x00, 0x94,
  0xfe, 0x07, 0x41, 0xf8, 0x00, 0x00, 0x80, 0xd2, 0xc0, 0x03, 0x5f, 0xd6,
  0x1f, 0x20, 0x03, 0xd5, 0x1f, 0x20, 0x03, 0xd5, 0xfe, 0x0f, 0x1f, 0xf8,
  0xa2, 0x03, 0x80, 0xd2, 0x21, 0x00, 0x00, 0x90, 0xe0, 0x1f, 0x80, 0xd2,
  0x21, 0x80, 0x04, 0x91, 0x4f, 0x0e, 0x00, 0x94, 0x62, 0x02, 0x80, 0xd2,
  0x21, 0x00, 0x00, 0x90, 0xe0, 0x1f, 0x80, 0xd2, 0x21, 0xe0, 0x2b, 0x91,
  0x4a, 0x0e, 0x00, 0x94, 0xfe, 0x07, 0x41, 0xf8, 0x00, 0x00, 0x80, 0xd2,
  0xc0, 0x03, 0x5f, 0xd6, 0x1f, 0x20, 0x03, 0xd5, 0x1f, 0x20, 0x03, 0xd5,
  0xfe, 0x0f, 0x1f, 0xf8, 0xa2, 0x03, 0x80, 0xd2, 0x21, 0x00, 0x00, 0x90,
  0xe0, 0x1f, 0x80, 0xd2, 0x21, 0x80, 0x04, 0x91, 0x3f, 0x0e, 0x00, 0x94,
  0xa2, 0x02, 0x80, 0xd2, 0x21, 0x00, 0x00, 0x90, 0xe0, 0x1f, 0x80, 0xd2,
  0x21, 0x40, 0x2c, 0x91, 0x3a, 0x0e, 0x00, 0x94, 0xfe, 0x07, 0x41, 0xf8,
  0x00, 0x00, 0x80, 0xd2, 0xc0, 0x03, 0x5f, 0xd6, 0x1f, 0x20, 0x03, 0xd5,
  0x1f, 0x20, 0x03, 0xd5, 0xfe, 0x0f, 0x1f, 0xf8, 0xa2, 0x03, 0x80, 0xd2,
  0x21, 0x00, 0x00, 0x90, 0xe0, 0x1f, 0x80, 0xd2, 0x21, 0x80, 0x04, 0x91,
  0x2f, 0x0e, 0x00, 0x94, 0x42, 0x02, 0x80, 0xd2, 0x21, 0x00, 0x00, 0x90,
  0xe0, 0x1f, 0x80, 0xd2, 0x21, 0xa0, 0x2c, 0x91, 0x2a, 0x0e, 0x00, 0x94,
  0xfe, 0x07, 0x41, 0xf8, 0x00, 0x00, 0x80, 0xd2, 0xc0, 0x03, 0x5f, 0xd6,
  0x1f, 0x20, 0x03, 0xd5, 0x1f, 0x20, 0x03, 0xd5, 0xfe, 0x0f, 0x1f, 0xf8,
  0xa2, 0x03, 0x80, 0xd2, 0x21, 0x00, 0x00, 0x90, 0xe0, 0x1f, 0x80, 0xd2,
  0x21, 0x80, 0x04, 0x91, 0x1f, 0x0e, 0x00, 0x94, 0x42, 0x02, 0x80, 0xd2,
  0x21, 0x00, 0x00, 0x90, 0xe0, 0x1f, 0x80, 0xd2, 0x21, 0x00, 0x2d, 0x91,
  0x1a, 0x0e, 0x00, 0x94, 0xfe, 0x07, 0x41, 0xf8, 0x00, 0x00, 0x80, 0xd2,
  0xc0, 0x03, 0x5f, 0xd6, 0x1f, 0x20, 0x03, 0xd5, 0x1f, 0x20, 0x03, 0xd5,
  0xfe, 0x0f, 0x1f, 0xf8, 0xa2, 0x03, 0x80, 0xd2, 0x21, 0x00, 0x00, 0x90,
  0xe0, 0x1f, 0x80, 0xd2, 0x21, 0x80, 0x04, 0x91, 0x0f, 0x0e, 0x00, 0x94,
  0xe2, 0x02, 0x80, 0xd2, 0x21, 0x00, 0x00, 0x90, 0xe0, 0x1f, 0x80, 0xd2,
  0x21, 0x60, 0x2d, 0x91, 0x0a, 0x0e, 0x00, 0x94, 0xfe, 0x07, 0x41, 0xf8,
  0x00, 0x00, 0x80, 0xd2, 0xc0, 0x03, 0x5f, 0xd6, 0x1f, 0x20, 0x03, 0xd5,
  0x1f, 0x20, 0x03, 0xd5, 0xfe, 0x0f, 0x1f, 0xf8, 0xa2, 0x03, 0x80, 0xd2,
  0x21, 0x00, 0x00, 0x90, 0xe0, 0x1f, 0x80, 0xd2, 0x21, 0x80, 0x04, 0x91,
  0xff, 0x0d, 0x00, 0x94, 0xa2, 0x02, 0x80, 0xd2, 0x21, 0x00, 0x00, 0x90,
  0xe0, 0x1f, 0x80, 0xd2, 0x21, 0xc0, 0x2d, 0x91, 0xfa, 0x0d, 0x00, 0x94,
  0xfe, 0x07, 0x41, 0xf8, 0xa0, 0x04, 0x80, 0x92, 0xc0, 0x03, 0x5f, 0xd6,
  0x1f, 0x20, 0x03, 0xd5, 0x1f, 0x20, 0x03, 0xd5, 0xfe, 0x0f, 0x1f, 0xf8,
  0xa2, 0x03, 0x80, 0xd2, 0x21, 0x00, 0x00, 0x90, 0xe0, 0x1f, 0x80, 0xd2,
  0x21, 0x80, 0x04, 0x91, 0xef, 0x0d, 0x00, 0x94, 0x62, 0x02, 0x80, 0xd2,
  0x21, 0x00, 0x00, 0x90, 0xe0, 0x1f, 0x80, 0xd2, 0x21, 0x20, 0x2e, 0x91,
  0xea, 0x0d, 0x00, 0x94, 0xfe, 0x07, 0x41, 0xf8, 0xa0, 0x04, 0x80, 0x92,
  0xc0, 0x03, 0x5f, 0xd6, 0x1f, 0x20, 0x03, 0xd5, 0x1f, 0x20, 0x03, 0xd5,
  0xfe, 0x0f, 0x1f, 0xf8, 0xa2, 0x03, 0x80, 0xd2, 0x21, 0x00, 0x00, 0x90,
  0xe0, 0x1f, 0x80, 0xd2, 0x21, 0x80, 0x04, 0x91, 0xdf, 0x0d, 0x00, 0x94,
  0x22, 0x03, 0x80, 0xd2, 0x21, 0x00, 0x00, 0x90, 0xe0, 0x1f, 0x80, 0xd2,
  0x21, 0x80, 0x2e, 0x91, 0xda, 0x0d, 0x00, 0x94, 0xfe, 0x07, 0x41, 0xf8,
  0x00, 0x00, 0x80, 0xd2, 0xc0, 0x03, 0x5f, 0xd6, 0x1f, 0x20, 0x03, 0xd5,
  0x1f, 0x20, 0x03, 0xd5, 0xfe, 0x0f, 0x1f, 0xf8, 0xa2, 0x03, 0x80, 0xd2,
  0x21, 0x00, 0x00, 0x90, 0xe0, 0x1f, 0x80, 0xd2, 0x21, 0x80, 0x04, 0x91,
  0xcf, 0x0d, 0x00, 0x94, 0xe2, 0x01, 0x80, 0xd2, 0x21, 0x00, 0x00, 0x90,
  0xe0, 0x1f, 0x80, 0xd2, 0x21, 0x00, 0x2f, 0x91, 0xca, 0x0d, 0x00, 0x94,
  0xfe, 0x07, 0x41, 0xf8, 0x00, 0x00, 0x80, 0xd2, 0xc0, 0x03, 0x5f, 0xd6,
  0x1f, 0x20, 0x03, 0xd5, 0x1f, 0x20, 0x03, 0xd5, 0xfe, 0x0f, 0x1f, 0xf8,
  0xa2, 0x03, 0x80, 0xd2, 0x21, 0x00, 0x00, 0x90, 0xe0, 0x1f, 0x80, 0xd2,
  0x21, 0x80, 0x04, 0x91, 0xbf, 0x0d, 0x00, 0x94, 0xe2, 0x01, 0x80, 0xd2,
  0x21, 0x00, 0x00, 0x90, 0xe0, 0x1f, 0x80, 0xd2, 0x21, 0x40, 0x2f, 0x91,
  0xba, 0x0d, 0x00, 0x94, 0xfe, 0x07, 0x41, 0xf8, 0x00, 0x00, 0x80, 0xd2,
  0xc0, 0x03, 0x5f, 0xd6, 0x1f, 0x20, 0x03, 0xd5, 0x1f, 0x20, 0x03, 0xd5,
  0xfe, 0x0f, 0x1f, 0xf8, 0xa2, 0x03, 0x80, 0xd2, 0x21, 0x00, 0x00, 0x90,
  0xe0, 0x1f, 0x80, 0xd2, 0x21, 0x80, 0x04, 0x91, 0xaf, 0x0d, 0x00, 0x94,
  0x22, 0x03, 0x80, 0xd2, 0x21, 0x00, 0x00, 0x90, 0xe0, 0x1f, 0x80, 0xd2,
  0x21, 0x80, 0x2f, 0x91, 0xaa, 0x0d, 0x00, 0x94, 0xfe, 0x07, 0x41, 0xf8,
  0x00, 0x00, 0x80, 0xd2, 0xc0, 0x03, 0x5f, 0xd6, 0x1f, 0x20, 0x03, 0xd5,
  0x1f, 0x20, 0x03, 0xd5, 0xfe, 0x0f, 0x1f, 0xf8, 0xa2, 0x03, 0x80, 0xd2,
  0x21, 0x00, 0x00, 0x90, 0xe0, 0x1f, 0x80, 0xd2, 0x21, 0x80, 0x04, 0x91,
  0x9f, 0x0d, 0x00, 0x94, 0x22, 0x03, 0x80, 0xd2, 0x21, 0x00, 0x00, 0x90,
  0xe0, 0x1f, 0x80, 0xd2, 0x21, 0x00, 0x30, 0x91, 0x9a, 0x0d, 0x00, 0x94,
  0xfe, 0x07, 0x41, 0xf8, 0x00, 0x00, 0x80, 0xd2, 0xc0, 0x03, 0x5f, 0xd6,
  0x1f, 0x20, 0x03, 0xd5, 0x1f, 0x20, 0x03, 0xd5, 0xfe, 0x0f, 0x1f, 0xf8,
  0xa2, 0x03, 0x80, 0xd2, 0x21, 0x00, 0x00, 0x90, 0xe0, 0x1f, 0x80, 0xd2,
  0x21, 0x80, 0x04, 0x91, 0x8f, 0x0d, 0x00, 0x94, 0xe2, 0x02, 0x80, 0xd2,
  0x21, 0x00, 0x00, 0x90, 0xe0, 0x1f, 0x80, 0xd2, 0x21, 0x80, 0x30, 0x91,
  0x8a, 0x0d, 0x00, 0x94, 0xfe, 0x07, 0x41, 0xf8, 0x00, 0x00, 0x80, 0xd2,
  0xc0, 0x03, 0x5f, 0xd6, 0x1f, 0x20, 0x03, 0xd5, 0x1f, 0x20, 0x03, 0xd5,
  0xfe, 0x0f, 0x1f, 0xf8, 0xa2, 0x03, 0x80, 0xd2, 0x21, 0x00, 0x00, 0x90,
  0xe0, 0x1f, 0x80, 0xd2, 0x21, 0x80, 0x04, 0x91, 0x7f, 0x0d, 0x00, 0x94,
  0x02, 0x03, 0x80, 0xd2, 0x21, 0x00, 0x00, 0x90, 0xe0, 0x1f, 0x80, 0xd2,
  0x21, 0xe0, 0x30, 0x91, 0x7a, 0x0d, 0x00, 0x94, 0xfe, 0x07, 0x41, 0xf8,
  0x00, 0x00, 0x80, 0xd2, 0xc0, 0x03, 0x5f, 0xd6, 0x1f, 0x20, 0x03, 0xd5,
  0x1f, 0x20, 0x03, 0xd5, 0xfe, 0x0f, 0x1f, 0xf8, 0xa2, 0x03, 0x80, 0xd2,
  0x21, 0x00, 0x00, 0x90, 0xe0, 0x1f, 0x80, 0xd2, 0x21, 0x80, 0x04, 0x91,
  0x6f, 0x0d, 0x00, 0x94, 0xe2, 0x01, 0x80, 0xd2, 0x21, 0x00, 0x00, 0x90,
  0xe0, 0x1f, 0x80, 0xd2, 0x21, 0x40, 0x31, 0x91, 0x6a, 0x0d, 0x00, 0x94,
  0xfe, 0x07, 0x41, 0xf8, 0x00, 0x00, 0x80, 0xd2, 0xc0, 0x03, 0x5f, 0xd6,
  0x1f, 0x20, 0x03, 0xd5, 0x1f, 0x20, 0x03, 0xd5, 0xfe, 0x0f, 0x1f, 0xf8,
  0xa2, 0x03, 0x80, 0xd2, 0x21, 0x00, 0x00, 0x90, 0xe0, 0x1f, 0x80, 0xd2,
  0x21, 0x80, 0x04, 0x91, 0x5f, 0x0d, 0x00, 0x94, 0x62, 0x02, 0x80, 0xd2,
  0x21, 0x00, 0x00, 0x90, 0xe0, 0x1f, 0x80, 0xd2, 0x21, 0x80, 0x31, 0x91,
  0x5a, 0x0d, 0x00, 0x94, 0xfe, 0x07, 0x41, 0xf8, 0x00, 0x00, 0x80, 0xd2,
  0xc0, 0x03, 0x5f, 0xd6, 0x1f, 0x20, 0x03, 0xd5, 0x1f, 0x20, 0x03, 0xd5,
  0xfe, 0x0f, 0x1f, 0xf8, 0xa2, 0x03, 0x80, 0xd2, 0x21, 0x00, 0x00, 0x90,
  0xe0, 0x1f, 0x80, 0xd2, 0x21, 0x80, 0x04, 0x91, 0x4f, 0x0d, 0x00, 0x94,
  0x22, 0x02, 0x80, 0xd2, 0x21, 0x00, 0x00, 0x90, 0xe0, 0x1f, 0x80, 0xd2,
  0x21, 0xe0, 0x31, 0x91, 0x4a, 0x0d, 0x00, 0x94, 0xfe, 0x07, 0x41, 0xf8,
  0x00, 0x00, 0x80, 0xd2, 0xc0, 0x03, 0x5f, 0xd6, 0x1f, 0x20, 0x03, 0xd5,
  0x1f, 0x20, 0x03, 0xd5, 0xfe, 0x0f, 0x1f, 0xf8, 0xa2, 0x03, 0x80, 0xd2,
  0x21, 0x00, 0x00, 0x90, 0xe0, 0x1f, 0x80, 0xd2, 0x21, 0x80, 0x04, 0x91,
  0x3f, 0x0d, 0x00, 0x94, 0xc2, 0x01, 0x80, 0xd2, 0x21, 0x00, 0x00, 0x90,
  0xe0, 0x1f, 0x80, 0xd2, 0x21, 0x40, 0x32, 0x91, 0x3a, 0x0d, 0x00, 0x94,
  0xfe, 0x07, 0x41, 0xf8, 0x00, 0x00, 0x80, 0xd2, 0xc0, 0x03, 0x5f, 0xd6,
  0x1f, 0x20, 0x03, 0xd5, 0x1f, 0x20, 0x03, 0xd5, 0xfe, 0x0f, 0x1f, 0xf8,
  0xa2, 0x03, 0x80, 0xd2, 0x21, 0x00, 0x00, 0x90, 0xe0, 0x1f, 0x80, 0xd2,
  0x21, 0x80, 0x04, 0x91, 0x2f, 0x0d, 0x00, 0x94, 0xe2, 0x01, 0x80, 0xd2,
  0x21, 0x00, 0x00, 0x90, 0xe0, 0x1f, 0x80, 0xd2, 0x21, 0x80, 0x32, 0x91,
  0x2a, 0x0d, 0x00, 0x94, 0xfe, 0x07, 0x41, 0xf8, 0x00, 0x00, 0x80, 0xd2,
  0xc0, 0x03, 0x5f, 0xd6, 0x1f, 0x20, 0x03, 0xd5, 0x1f, 0x20, 0x03, 0xd5,
  0xfe, 0x0f, 0x1f, 0xf8, 0xa2, 0x03, 0x80, 0xd2, 0x21, 0x00, 0x00, 0x90,
  0xe0, 0x1f, 0x80, 0xd2, 0x21, 0x80, 0x04, 0x91, 0x1f, 0x0d, 0x00, 0x94,
  0xe2, 0x01, 0x80, 0xd2, 0x21, 0x00, 0x00, 0x90, 0xe0, 0x1f, 0x80, 0xd2,
  0x21, 0xc0, 0x32, 0x91, 0x1a, 0x0d, 0x00, 0x94, 0xfe, 0x07, 0x41, 0xf8,
  0x00, 0x00, 0x80, 0xd2, 0xc0, 0x03, 0x5f, 0xd6, 0x1f, 0x20, 0x03, 0xd5,
  0x1f, 0x20, 0x03, 0xd5, 0xfe, 0x0f, 0x1f, 0xf8, 0xa2, 0x03, 0x80, 0xd2,
  0x21, 0x00, 0x00, 0x90, 0xe0, 0x1f, 0x80, 0xd2, 0x21, 0x80, 0x04, 0x91,
  0x0f, 0x0d, 0x00, 0x94, 0xe2, 0x01, 0x80, 0xd2, 0x21, 0x00, 0x00, 0x90,
  0xe0, 0x1f, 0x80, 0xd2, 0x21, 0x00, 0x33, 0x91, 0x0a, 0x0d, 0x00, 0x94,
  0xfe, 0x07, 0x41, 0xf8, 0x00, 0x00, 0x80, 0xd2, 0xc0, 0x03, 0x5f, 0xd6,
  0x1f, 0x20, 0x03, 0xd5, 0x1f, 0x20, 0x03, 0xd5, 0xfe, 0x0f, 0x1f, 0xf8,
  0xa2, 0x03, 0x80, 0xd2, 0x21, 0x00, 0x00, 0x90, 0xe0, 0x1f, 0x80, 0xd2,
  0x21, 0x80, 0x04, 0x91, 0xff, 0x0c, 0x00, 0x94, 0xe2, 0x01, 0x80, 0xd2,
  0x21, 0x00, 0x00, 0x90, 0xe0, 0x1f, 0x80, 0xd2, 0x21, 0x40, 0x33, 0x91,
  0xfa, 0x0c, 0x00, 0x94, 0xfe, 0x07, 0x41, 0xf8, 0x00, 0x00, 0x80, 0xd2,
  0xc0, 0x03, 0x5f, 0xd6, 0x1f, 0x20, 0x03, 0xd5, 0x1f, 0x20, 0x03, 0xd5,
  0xfe, 0x0f, 0x1f, 0xf8, 0xa2, 0x03, 0x80, 0xd2, 0x21, 0x00, 0x00, 0x90,
  0xe0, 0x1f, 0x80, 0xd2, 0x21, 0x80, 0x04, 0x91, 0xef, 0x0c, 0x00, 0x94,
  0xe2, 0x01, 0x80, 0xd2, 0x21, 0x00, 0x00, 0x90, 0xe0, 0x1f, 0x80, 0xd2,
  0x21, 0x80, 0x33, 0x91, 0xea, 0x0c, 0x00, 0x94, 0xfe, 0x07, 0x41, 0xf8,
  0x00, 0x00, 0x80, 0xd2, 0xc0, 0x03, 0x5f, 0xd6, 0x1f, 0x20, 0x03, 0xd5,
  0x1f, 0x20, 0x03, 0xd5, 0xfe, 0x0f, 0x1f, 0xf8, 0xa2, 0x03, 0x80, 0xd2,
  0x21, 0x00, 0x00, 0x90, 0xe0, 0x1f, 0x80, 0xd2, 0x21, 0x80, 0x04, 0x91,
  0xdf, 0x0c, 0x00, 0x94, 0xe2, 0x01, 0x80, 0xd2, 0x21, 0x00, 0x00, 0x90,
  0xe0, 0x1f, 0x80, 0xd2, 0x21, 0xc0, 0x33, 0x91, 0xda, 0x0c, 0x00, 0x94,
  0xfe, 0x07, 0x41, 0xf8, 0x00, 0x00, 0x80, 0xd2, 0xc0, 0x03, 0x5f, 0xd6,
  0x1f, 0x20, 0x03, 0xd5, 0x1f, 0x20, 0x03, 0xd5, 0xfe, 0x0f, 0x1f, 0xf8,
  0xa2, 0x03, 0x80, 0xd2, 0x21, 0x00, 0x00, 0x90, 0xe0, 0x1f, 0x80, 0xd2,
  0x21, 0x80, 0x04, 0x91, 0xcf, 0x0c, 0x00, 0x94, 0x02, 0x02, 0x80, 0xd2,
  0x21, 0x00, 0x00, 0x90, 0xe0, 0x1f, 0x80, 0xd2, 0x21, 0x00, 0x34, 0x91,
  0xca, 0x0c, 0x00, 0x94, 0xfe, 0x07, 0x41, 0xf8, 0x00, 0x00, 0x80, 0xd2,
  0xc0, 0x03, 0x5f, 0xd6, 0x1f, 0x20, 0x03, 0xd5, 0x1f, 0x20, 0x03, 0xd5,
  0xfe, 0x0f, 0x1f, 0xf8, 0xa2, 0x03, 0x80, 0xd2, 0x21, 0x00, 0x00, 0x90,
  0xe0, 0x1f, 0x80, 0xd2, 0x21, 0x80, 0x04, 0x91, 0xbf, 0x0c, 0x00, 0x94,
  0x82, 0x02, 0x80, 0xd2, 0x21, 0x00, 0x00, 0x90, 0xe0, 0x1f, 0x80, 0xd2,
  0x21, 0x40, 0x34, 0x91, 0xba, 0x0c, 0x00, 0x94, 0xfe, 0x07, 0x41, 0xf8,
  0x00, 0x00, 0x80, 0xd2, 0xc0, 0x03, 0x5f, 0xd6, 0x1f, 0x20, 0x03, 0xd5,
  0x1f, 0x20, 0x03, 0xd5, 0xfe, 0x0f, 0x1f, 0xf8, 0xa2, 0x03, 0x80, 0xd2,
  0x21, 0x00, 0x00, 0x90, 0xe0, 0x1f, 0x80, 0xd2, 0x21, 0x80, 0x04, 0x91,
  0xaf, 0x0c, 0x00, 0x94, 0xe2, 0x01, 0x80, 0xd2, 0x21, 0x00, 0x00, 0x90,
  0xe0, 0x1f, 0x80, 0xd2, 0x21, 0xa0, 0x34, 0x91, 0xaa, 0x0c, 0x00, 0x94,
  0xfe, 0x07, 0x41, 0xf8, 0x00, 0x00, 0x80, 0xd2, 0xc0, 0x03, 0x5f, 0xd6,
  0x1f, 0x20, 0x03, 0xd5, 0x1f, 0x20, 0x03, 0xd5, 0xfe, 0x0f, 0x1f, 0xf8,
  0xa2, 0x03, 0x80, 0xd2, 0x21, 0x00, 0x00, 0x90, 0xe0, 0x1f, 0x80, 0xd2,
  0x21, 0x80, 0x04, 0x91, 0x9f, 0x0c, 0x00, 0x94, 0x62, 0x02, 0x80, 0xd2,
  0x21, 0x00, 0x00, 0x90, 0xe0, 0x1f, 0x80, 0xd2, 0x21, 0xe0, 0x34, 0x91,
  0x9a, 0x0c, 0x00, 0x94, 0xfe, 0x07, 0x41, 0xf8, 0x00, 0x00, 0x80, 0xd2,
  0xc0, 0x03, 0x5f, 0xd6, 0x1f, 0x20, 0x03, 0xd5, 0x1f, 0x20, 0x03, 0xd5,
  0xfe, 0x0f, 0x1f, 0xf8, 0xa2, 0x03, 0x80, 0xd2, 0x21, 0x00, 0x00, 0x90,
  0xe0, 0x1f, 0x80, 0xd2, 0x21, 0x80, 0x04, 0x91, 0x8f, 0x0c, 0x00, 0x94,
  0x02, 0x02, 0x80, 0xd2, 0x21, 0x00, 0x00, 0x90, 0xe0, 0x1f, 0x80, 0xd2,
  0x21, 0x40, 0x35, 0x91, 0x8a, 0x0c, 0x00, 0x94, 0xfe, 0x07, 0x41, 0xf8,
  0x00, 0x00, 0x80, 0xd2, 0xc0, 0x03, 0x5f, 0xd6, 0x1f, 0x20, 0x03, 0xd5,
  0x1f, 0x20, 0x03, 0xd5, 0xfe, 0x0f, 0x1f, 0xf8, 0xa2, 0x03, 0x80, 0xd2,
  0x21, 0x00, 0x00, 0x90, 0xe0, 0x1f, 0x80, 0xd2, 0x21, 0x80, 0x04, 0x91,
  0x7f, 0x0c, 0x00, 0x94, 0x62, 0x02, 0x80, 0xd2, 0x21, 0x00, 0x00, 0x90,
  0xe0, 0x1f, 0x80, 0xd2, 0x21, 0x80, 0x35, 0x91, 0x7a, 0x0c, 0x00, 0x94,
  0xfe, 0x07, 0x41, 0xf8, 0x00, 0x00, 0x80, 0xd2, 0xc0, 0x03, 0x5f, 0xd6,
  0x1f, 0x20, 0x03, 0xd5, 0x1f, 0x20, 0x03, 0xd5, 0xfe, 0x0f, 0x1f, 0xf8,
  0xa2, 0x03, 0x80, 0xd2, 0x21, 0x00, 0x00, 0x90, 0xe0, 0x1f, 0x80, 0xd2,
  0x21, 0x80, 0x04, 0x91, 0x6f, 0x0c, 0x00, 0x94, 0x62, 0x02, 0x80, 0xd2,
  0x21, 0x00, 0x00, 0x90, 0xe0, 0x1f, 0x80, 0xd2, 0x21, 0xe0, 0x35, 0x91,
  0x6a, 0x0c, 0x00, 0x94, 0xfe, 0x07, 0x41, 0xf8, 0x00, 0x00, 0x80, 0xd2,
  0xc0, 0x03, 0x5f, 0xd6, 0x1f, 0x20, 0x03, 0xd5, 0x1f, 0x20, 0x03, 0xd5,
  0xfe, 0x0f, 0x1f, 0xf8, 0xa2, 0x03, 0x80, 0xd2, 0x21, 0x00, 0x00, 0x90,
  0xe0, 0x1f, 0x80, 0xd2, 0x21, 0x80, 0x04, 0x91, 0x5f, 0x0c, 0x00, 0x94,
  0xa2, 0x02, 0x80, 0xd2, 0x21, 0x00, 0x00, 0x90, 0xe0, 0x1f, 0x80, 0xd2,
  0x21, 0x40, 0x36, 0x91, 0x5a, 0x0c, 0x00, 0x94, 0xfe, 0x07, 0x41, 0xf8,
  0x00, 0x00, 0x80, 0xd2, 0xc0, 0x03, 0x5f, 0xd6, 0x1f, 0x20, 0x03, 0xd5,
  0x1f, 0x20, 0x03, 0xd5, 0xfe, 0x0f, 0x1f, 0xf8, 0xa2, 0x03, 0x80, 0xd2,
  0x21, 0x00, 0x00, 0x90, 0xe0, 0x1f, 0x80, 0xd2, 0x21, 0x80, 0x04, 0x91,
  0x4f, 0x0c, 0x00, 0x94, 0x42, 0x03, 0x80, 0xd2, 0x21, 0x00, 0x00, 0x90,
  0xe0, 0x1f, 0x80, 0xd2, 0x21, 0xa0, 0x36, 0x91, 0x4a, 0x0c, 0x00, 0x94,
  0xfe, 0x07, 0x41, 0xf8, 0x00, 0x00, 0x80, 0xd2, 0xc0, 0x03, 0x5f, 0xd6,
  0x1f, 0x20, 0x03, 0xd5, 0x1f, 0x20, 0x03, 0xd5, 0xfe, 0x0f, 0x1f, 0xf8,
  0xa2, 0x03, 0x80, 0xd2, 0x21, 0x00, 0x00, 0x90, 0xe0, 0x1f, 0x80, 0xd2,
  0x21, 0x80, 0x04, 0x91, 0x3f, 0x0c, 0x00, 0x94, 0x22, 0x03, 0x80, 0xd2,
  0x21, 0x00, 0x00, 0x90, 0xe0, 0x1f, 0x80, 0xd2, 0x21, 0x20, 0x37, 0x91,
  0x3a, 0x0c, 0x00, 0x94, 0xfe, 0x07, 0x41, 0xf8, 0x00, 0x00, 0x80, 0xd2,
  0xc0, 0x03, 0x5f, 0xd6, 0x1f, 0x20, 0x03, 0xd5, 0x1f, 0x20, 0x03, 0xd5,
  0xfe, 0x0f, 0x1f, 0xf8, 0xa2, 0x03, 0x80, 0xd2, 0x21, 0x00, 0x00, 0x90,
  0xe0, 0x1f, 0x80, 0xd2, 0x21, 0x80, 0x04, 0x91, 0x2f, 0x0c, 0x00, 0x94,
  0xc2, 0x01, 0x80, 0xd2, 0x21, 0x00, 0x00, 0x90, 0xe0, 0x1f, 0x80, 0xd2,
  0x21, 0xa0, 0x37, 0x91, 0x2a, 0x0c, 0x00, 0x94, 0xfe, 0x07, 0x41, 0xf8,
  0x00, 0x00, 0x80, 0xd2, 0xc0, 0x03, 0x5f, 0xd6, 0x1f, 0x20, 0x03, 0xd5,
  0x1f, 0x20, 0x03, 0xd5, 0xfe, 0x0f, 0x1f, 0xf8, 0xa2, 0x03, 0x80, 0xd2,
  0x21, 0x00, 0x00, 0x90, 0xe0, 0x1f, 0x80, 0xd2, 0x21, 0x80, 0x04, 0x91,
  0x1f, 0x0c, 0x00, 0x94, 0xc2, 0x02, 0x80, 0xd2, 0x21, 0x00, 0x00, 0x90,
  0xe0, 0x1f, 0x80, 0xd2, 0x21, 0xe0, 0x37, 0x91, 0x1a, 0x0c, 0x00, 0x94,
  0xfe, 0x07, 0x41, 0xf8, 0x00, 0x00, 0x80, 0xd2, 0xc0, 0x03, 0x5f, 0xd6,
  0x1f, 0x20, 0x03, 0xd5, 0x1f, 0x20, 0x03, 0xd5, 0xfe, 0x0f, 0x1f, 0xf8,
  0xa2, 0x03, 0x80, 0xd2, 0x21, 0x00, 0x00, 0x90, 0xe0, 0x1f, 0x80, 0xd2,
  0x21, 0x80, 0x04, 0x91, 0x0f, 0x0c, 0x00, 0x94, 0xc2, 0x02, 0x80, 0xd2,
  0x21, 0x00, 0x00, 0x90, 0xe0, 0x1f, 0x80, 0xd2, 0x21, 0x40, 0x38, 0x91,
  0x0a, 0x0c, 0x00, 0x94, 0xfe, 0x07, 0x41, 0xf8, 0x00, 0x00, 0x80, 0xd2,
  0xc0, 0x03, 0x5f, 0xd6, 0x1f, 0x20, 0x03, 0xd5, 0x1f, 0x20, 0x03, 0xd5,
  0xfe, 0x0f, 0x1f, 0xf8, 0xa2, 0x03, 0x80, 0xd2, 0x21, 0x00, 0x00, 0x90,
  0xe0, 0x1f, 0x80, 0xd2, 0x21, 0x80, 0x04, 0x91, 0xff, 0x0b, 0x00, 0x94,
  0x02, 0x02, 0x80, 0xd2, 0x21, 0x00, 0x00, 0x90, 0xe0, 0x1f, 0x80, 0xd2,
  0x21, 0xa0, 0x38, 0x91, 0xfa, 0x0b, 0x00, 0x94, 0xfe, 0x07, 0x41, 0xf8,
  0x00, 0x00, 0x80, 0xd2, 0xc0, 0x03, 0x5f, 0xd6, 0x1f, 0x20, 0x03, 0xd5,
  0x1f, 0x20, 0x03, 0xd5, 0xfe, 0x0f, 0x1f, 0xf8, 0xa2, 0x03, 0x80, 0xd2,
  0x21, 0x00, 0x00, 0x90, 0xe0, 0x1f, 0x80, 0xd2, 0x21, 0x80, 0x04, 0x91,
  0xef, 0x0b, 0x00, 0x94, 0x02, 0x02, 0x80, 0xd2, 0x21, 0x00, 0x00, 0x90,
  0xe0, 0x1f, 0x80, 0xd2, 0x21, 0xe0, 0x38, 0x91, 0xea, 0x0b, 0x00, 0x94,
  0xfe, 0x07, 0x41, 0xf8, 0x00, 0x00, 0x80, 0xd2, 0xc0, 0x03, 0x5f, 0xd6,
  0x1f, 0x20, 0x03, 0xd5, 0x1f, 0x20, 0x03, 0xd5, 0xfe, 0x0f, 0x1f, 0xf8,
  0xa2, 0x03, 0x80, 0xd2, 0x21, 0x00, 0x00, 0x90, 0xe0, 0x1f, 0x80, 0xd2,
  0x21, 0x80, 0x04, 0x91, 0xdf, 0x0b, 0x00, 0x94, 0x22, 0x02, 0x80, 0xd2,
  0x21, 0x00, 0x00, 0x90, 0xe0, 0x1f, 0x80, 0xd2, 0x21, 0x20, 0x39, 0x91,
  0xda, 0x0b, 0x00, 0x94, 0xfe, 0x07, 0x41, 0xf8, 0x00, 0x00, 0x80, 0xd2,
  0xc0, 0x03, 0x5f, 0xd6, 0x1f, 0x20, 0x03, 0xd5, 0x1f, 0x20, 0x03, 0xd5,
  0xfe, 0x0f, 0x1f, 0xf8, 0xa2, 0x03, 0x80, 0xd2, 0x21, 0x00, 0x00, 0x90,
  0xe0, 0x1f, 0x80, 0xd2, 0x21, 0x80, 0x04, 0x91, 0xcf, 0x0b, 0x00, 0x94,
  0x42, 0x02, 0x80, 0xd2, 0x21, 0x00, 0x00, 0x90, 0xe0, 0x1f, 0x80, 0xd2,
  0x21, 0x80, 0x39, 0x91, 0xca, 0x0b, 0x00, 0x94, 0xfe, 0x07, 0x41, 0xf8,
  0x00, 0x00, 0x80, 0xd2, 0xc0, 0x03, 0x5f, 0xd6, 0x1f, 0x20, 0x03, 0xd5,
  0x1f, 0x20, 0x03, 0xd5, 0xfe, 0x0f, 0x1f, 0xf8, 0xa2, 0x03, 0x80, 0xd2,
  0x21, 0x00, 0x00, 0x90, 0xe0, 0x1f, 0x80, 0xd2, 0x21, 0x80, 0x04, 0x91,
  0xbf, 0x0b, 0x00, 0x94, 0x42, 0x02, 0x80, 0xd2, 0x21, 0x00, 0x00, 0x90,
  0xe0, 0x1f, 0x80, 0xd2, 0x21, 0xe0, 0x39, 0x91, 0xba, 0x0b, 0x00, 0x94,
  0xfe, 0x07, 0x41, 0xf8, 0x00, 0x00, 0x80, 0xd2, 0xc0, 0x03, 0x5f, 0xd6,
  0x1f, 0x20, 0x03, 0xd5, 0x1f, 0x20, 0x03, 0xd5, 0xfe, 0x0f, 0x1f, 0xf8,
  0xa2, 0x03, 0x80, 0xd2, 0x21, 0x00, 0x00, 0x90, 0xe0, 0x1f, 0x80, 0xd2,
  0x21, 0x80, 0x04, 0x91, 0xaf, 0x0b, 0x00, 0x94, 0x22, 0x02, 0x80, 0xd2,
  0x21, 0x00, 0x00, 0x90, 0xe0, 0x1f, 0x80, 0xd2, 0x21, 0x40, 0x3a, 0x91,
  0xaa, 0x0b, 0x00, 0x94, 0xfe, 0x07, 0x41, 0xf8, 0x00, 0x00, 0x80, 0xd2,
  0xc0, 0x03, 0x5f, 0xd6, 0x1f, 0x20, 0x03, 0xd5, 0x1f, 0x20, 0x03, 0xd5,
  0xfe, 0x0f, 0x1f, 0xf8, 0xa2, 0x03, 0x80, 0xd2, 0x21, 0x00, 0x00, 0x90,
  0xe0, 0x1f, 0x80, 0xd2, 0x21, 0x80, 0x04, 0x91, 0x9f, 0x0b, 0x00, 0x94,
  0x22, 0x02, 0x80, 0xd2, 0x21, 0x00, 0x00, 0x90, 0xe0, 0x1f, 0x80, 0xd2,
  0x21, 0xa0, 0x3a, 0x91, 0x9a, 0x0b, 0x00, 0x94, 0xfe, 0x07, 0x41, 0xf8,
  0x00, 0x00, 0x80, 0xd2, 0xc0, 0x03, 0x5f, 0xd6, 0x1f, 0x20, 0x03, 0xd5,
  0x1f, 0x20, 0x03, 0xd5, 0xfe, 0x0f, 0x1f, 0xf8, 0xa2, 0x03, 0x80, 0xd2,
  0x21, 0x00, 0x00, 0x90, 0xe0, 0x1f, 0x80, 0xd2, 0x21, 0x80, 0x04, 0x91,
  0x8f, 0x0b, 0x00, 0x94, 0xe2, 0x01, 0x80, 0xd2, 0x21, 0x00, 0x00, 0x90,
  0xe0, 0x1f, 0x80, 0xd2, 0x21, 0x00, 0x3b, 0x91, 0x8a, 0x0b, 0x00, 0x94,
  0xfe, 0x07, 0x41, 0xf8, 0x00, 0x00, 0x80, 0xd2, 0xc0, 0x03, 0x5f, 0xd6,
  0x1f, 0x20, 0x03, 0xd5, 0x1f, 0x20, 0x03, 0xd5, 0xfe, 0x0f, 0x1f, 0xf8,
  0xa2, 0x03, 0x80, 0xd2, 0x21, 0x00, 0x00, 0x90, 0xe0, 0x1f, 0x80, 0xd2,
  0x21, 0x80, 0x04, 0x91, 0x7f, 0x0b, 0x00, 0x94, 0x42, 0x02, 0x80, 0xd2,
  0x21, 0x00, 0x00, 0x90, 0xe0, 0x1f, 0x80, 0xd2, 0x21, 0x40, 0x3b, 0x91,
  0x7a, 0x0b, 0x00, 0x94, 0xfe, 0x07, 0x41, 0xf8, 0x00, 0x00, 0x80, 0xd2,
  0xc0, 0x03, 0x5f, 0xd6, 0x1f, 0x20, 0x03, 0xd5, 0x1f, 0x20, 0x03, 0xd5,
  0xfe, 0x0f, 0x1f, 0xf8, 0xa2, 0x03, 0x80, 0xd2, 0x21, 0x00, 0x00, 0x90,
  0xe0, 0x1f, 0x80, 0xd2, 0x21, 0x80, 0x04, 0x91, 0x6f, 0x0b, 0x00, 0x94,
  0x62, 0x02, 0x80, 0xd2, 0x21, 0x00, 0x00, 0x90, 0xe0, 0x1f, 0x80, 0xd2,
  0x21, 0xa0, 0x3b, 0x91, 0x6a, 0x0b, 0x00, 0x94, 0xfe, 0x07, 0x41, 0xf8,
  0x00, 0x00, 0x80, 0xd2, 0xc0, 0x03, 0x5f, 0xd6, 0x1f, 0x20, 0x03, 0xd5,
  0x1f, 0x20, 0x03, 0xd5, 0xfe, 0x0f, 0x1f, 0xf8, 0xa2, 0x03, 0x80, 0xd2,
  0x21, 0x00, 0x00, 0x90, 0xe0, 0x1f, 0x80, 0xd2, 0x21, 0x80, 0x04, 0x91,
  0x5f, 0x0b, 0x00, 0x94, 0x22, 0x02, 0x80, 0xd2, 0x21, 0x00, 0x00, 0x90,
  0xe0, 0x1f, 0x80, 0xd2, 0x21, 0x00, 0x3c, 0x91, 0x5a, 0x0b, 0x00, 0x94,
  0xfe, 0x07, 0x41, 0xf8, 0x00, 0x00, 0x80, 0xd2, 0xc0, 0x03, 0x5f, 0xd6,
  0x1f, 0x20, 0x03, 0xd5, 0x1f, 0x20, 0x03, 0xd5, 0xfe, 0x0f, 0x1f, 0xf8,
  0xa2, 0x03, 0x80, 0xd2, 0x21, 0x00, 0x00, 0x90, 0xe0, 0x1f, 0x80, 0xd2,
  0x21, 0x80, 0x04, 0x91, 0x4f, 0x0b, 0x00, 0x94, 0x42, 0x02, 0x80, 0xd2,
  0x21, 0x00, 0x00, 0x90, 0xe0, 0x1f, 0x80, 0xd2, 0x21, 0x60, 0x3c, 0x91,
  0x4a, 0x0b, 0x00, 0x94, 0xfe, 0x07, 0x41, 0xf8, 0x00, 0x00, 0x80, 0xd2,
  0xc0, 0x03, 0x5f, 0xd6, 0x1f, 0x20, 0x03, 0xd5, 0x1f, 0x20, 0x03, 0xd5,
  0xfe, 0x0f, 0x1f, 0xf8, 0xa2, 0x03, 0x80, 0xd2, 0x21, 0x00, 0x00, 0x90,
  0xe0, 0x1f, 0x80, 0xd2, 0x21, 0x80, 0x04, 0x91, 0x3f, 0x0b, 0x00, 0x94,
  0x22, 0x02, 0x80, 0xd2, 0x21, 0x00, 0x00, 0x90, 0xe0, 0x1f, 0x80, 0xd2,
  0x21, 0xc0, 0x3c, 0x91, 0x3a, 0x0b, 0x00, 0x94, 0xfe, 0x07, 0x41, 0xf8,
  0x00, 0x00, 0x80, 0xd2, 0xc0, 0x03, 0x5f, 0xd6, 0x1f, 0x20, 0x03, 0xd5,
  0x1f, 0x20, 0x03, 0xd5, 0xfe, 0x0f, 0x1f, 0xf8, 0xa2, 0x03, 0x80, 0xd2,
  0x21, 0x00, 0x00, 0x90, 0xe0, 0x1f, 0x80, 0xd2, 0x21, 0x80, 0x04, 0x91,
  0x2f, 0x0b, 0x00, 0x94, 0xc2, 0x01, 0x80, 0xd2, 0x21, 0x00, 0x00, 0x90,
  0xe0, 0x1f, 0x80, 0xd2, 0x21, 0x20, 0x3d, 0x91, 0x2a, 0x0b, 0x00, 0x94,
  0xfe, 0x07, 0x41, 0xf8, 0x00, 0x00, 0x80, 0xd2, 0xc0, 0x03, 0x5f, 0xd6,
  0x1f, 0x20, 0x03, 0xd5, 0x1f, 0x20, 0x03, 0xd5, 0xfe, 0x0f, 0x1f, 0xf8,
  0xa2, 0x03, 0x80, 0xd2, 0x21, 0x00, 0x00, 0x90, 0xe0, 0x1f, 0x80, 0xd2,
  0x21, 0x80, 0x04, 0x91, 0x1f, 0x0b, 0x00, 0x94, 0x02, 0x02, 0x80, 0xd2,
  0x01, 0x00, 0x00, 0xf0, 0xe0, 0x1f, 0x80, 0xd2, 0x21, 0x60, 0x3d, 0x91,
  0x1a, 0x0b, 0x00, 0x94, 0xfe, 0x07, 0x41, 0xf8, 0x00, 0x00, 0x80, 0xd2,
  0xc0, 0x03, 0x5f, 0xd6, 0x1f, 0x20, 0x03, 0xd5, 0x1f, 0x20, 0x03, 0xd5,
  0xfe, 0x0f, 0x1f, 0xf8, 0xa2, 0x03, 0x80, 0xd2, 0x01, 0x00, 0x00, 0xf0,
  0xe0, 0x1f, 0x80, 0xd2, 0x21, 0x80, 0x04, 0x91, 0x0f, 0x0b, 0x00, 0x94,
  0x02, 0x03, 0x80, 0xd2, 0x01, 0x00, 0x00, 0xf0, 0xe0, 0x1f, 0x80, 0xd2,
  0x21, 0xa0, 0x3d, 0x91, 0x0a, 0x0b, 0x00, 0x94, 0xfe, 0x07, 0x41, 0xf8,
  0x00, 0x00, 0x80, 0xd2, 0xc0, 0x03, 0x5f, 0xd6, 0x1f, 0x20, 0x03, 0xd5,
  0x1f, 0x20, 0x03, 0xd5, 0xfe, 0x0f, 0x1f, 0xf8, 0xa2, 0x03, 0x80, 0xd2,
  0x01, 0x00, 0x00, 0xf0, 0xe0, 0x1f, 0x80, 0xd2, 0x21, 0x80, 0x04, 0x91,
  0xff, 0x0a, 0x00, 0x94, 0x02, 0x03, 0x80, 0xd2, 0x01, 0x00, 0x00, 0xf0,
  0xe0, 0x1f, 0x80, 0xd2, 0x21, 0x00, 0x3e, 0x91, 0xfa, 0x0a, 0x00, 0x94,
  0xfe, 0x07, 0x41, 0xf8, 0x00, 0x00, 0x80, 0xd2, 0xc0, 0x03, 0x5f, 0xd6,
  0x1f, 0x20, 0x03, 0xd5, 0x1f, 0x20, 0x03, 0xd5, 0xfe, 0x0f, 0x1f, 0xf8,
  0xa2, 0x03, 0x80, 0xd2, 0x01, 0x00, 0x00, 0xf0, 0xe0, 0x1f, 0x80, 0xd2,
  0x21, 0x80, 0x04, 0x91, 0xef, 0x0a, 0x00, 0x94, 0xe2, 0x01, 0x80, 0xd2,
  0x01, 0x00, 0x00, 0xf0, 0xe0, 0x1f, 0x80, 0xd2, 0x21, 0x60, 0x3e, 0x91,
  0xea, 0x0a, 0x00, 0x94, 0xfe, 0x07, 0x41, 0xf8, 0x00, 0x00, 0x80, 0xd2,
  0xc0, 0x03, 0x5f, 0xd6, 0x1f, 0x20, 0x03, 0xd5, 0x1f, 0x20, 0x03, 0xd5,
  0xfe, 0x0f, 0x1f, 0xf8, 0xa2, 0x03, 0x80, 0xd2, 0x01, 0x00, 0x00, 0xf0,
  0xe0, 0x1f, 0x80, 0xd2, 0x21, 0x80, 0x04, 0x91, 0xdf, 0x0a, 0x00, 0x94,
  0x82, 0x03, 0x80, 0xd2, 0x01, 0x00, 0x00, 0xf0, 0xe0, 0x1f, 0x80, 0xd2,
  0x21, 0xa0, 0x3e, 0x91, 0xda, 0x0a, 0x00, 0x94, 0xfe, 0x07, 0x41, 0xf8,
  0x00, 0x00, 0x80, 0xd2, 0xc0, 0x03, 0x5f, 0xd6, 0x1f, 0x20, 0x03, 0xd5,
  0x1f, 0x20, 0x03, 0xd5, 0xfe, 0x0f, 0x1f, 0xf8, 0xa2, 0x03, 0x80, 0xd2,
  0x01, 0x00, 0x00, 0xf0, 0xe0, 0x1f, 0x80, 0xd2, 0x21, 0x80, 0x04, 0x91,
  0xcf, 0x0a, 0x00, 0x94, 0x82, 0x01, 0x80, 0xd2, 0x01, 0x00, 0x00, 0xf0,
  0xe0, 0x1f, 0x80, 0xd2, 0x21, 0x20, 0x3f, 0x91, 0xca, 0x0a, 0x00, 0x94,
  0xfe, 0x07, 0x41, 0xf8, 0x00, 0x00, 0x80, 0xd2, 0xc0, 0x03, 0x5f, 0xd6,
  0x1f, 0x20, 0x03, 0xd5, 0x1f, 0x20, 0x03, 0xd5, 0xfe, 0x0f, 0x1f, 0xf8,
  0xa2, 0x03, 0x80, 0xd2, 0x01, 0x00, 0x00, 0xf0, 0xe0, 0x1f, 0x80, 0xd2,
  0x21, 0x80, 0x04, 0x91, 0xbf, 0x0a, 0x00, 0x94, 0x22, 0x02, 0x80, 0xd2,
  0x01, 0x00, 0x00, 0xf0, 0xe0, 0x1f, 0x80, 0xd2, 0x21, 0x60, 0x3f, 0x91,
  0xba, 0x0a, 0x00, 0x94, 0xfe, 0x07, 0x41, 0xf8, 0x00, 0x00, 0x80, 0xd2,
  0xc0, 0x03, 0x5f, 0xd6, 0x1f, 0x20, 0x03, 0xd5, 0x1f, 0x20, 0x03, 0xd5,
  0xfe, 0x0f, 0x1f, 0xf8, 0xa2, 0x03, 0x80, 0xd2, 0x01, 0x00, 0x00, 0xf0,
  0xe0, 0x1f, 0x80, 0xd2, 0x21, 0x80, 0x04, 0x91, 0xaf, 0x0a, 0x00, 0x94,
  0x62, 0x02, 0x80, 0xd2, 0x01, 0x00, 0x00, 0xf0, 0xe0, 0x1f, 0x80, 0xd2,
  0x21, 0xc0, 0x3f, 0x91, 0xaa, 0x0a, 0x00, 0x94, 0xfe, 0x07, 0x41, 0xf8,
  0x00, 0x00, 0x80, 0xd2, 0xc0, 0x03, 0x5f, 0xd6, 0x1f, 0x20, 0x03, 0xd5,
  0x1f, 0x20, 0x03, 0xd5, 0xfe, 0x0f, 0x1f, 0xf8, 0xa2, 0x03, 0x80, 0xd2,
  0x01, 0x00, 0x00, 0xf0, 0xe0, 0x1f, 0x80, 0xd2, 0x21, 0x80, 0x04, 0x91,
  0x9f, 0x0a, 0x00, 0x94, 0xe2, 0x01, 0x80, 0xd2, 0x21, 0x00, 0x00, 0x90,
  0xe0, 0x1f, 0x80, 0xd2, 0x21, 0x20, 0x00, 0x91, 0x9a, 0x0a, 0x00, 0x94,
  0xfe, 0x07, 0x41, 0xf8, 0x00, 0x00, 0x80, 0xd2, 0xc0, 0x03, 0x5f, 0xd6,
  0x1f, 0x20, 0x03, 0xd5, 0x1f, 0x20, 0x03, 0xd5, 0xfe, 0x0f, 0x1f, 0xf8,
  0xa2, 0x03, 0x80, 0xd2, 0x01, 0x00, 0x00, 0xf0, 0xe0, 0x1f, 0x80, 0xd2,
  0x21, 0x80, 0x04, 0x91, 0x8f, 0x0a, 0x00, 0x94, 0x62, 0x02, 0x80, 0xd2,
  0x21, 0x00, 0x00, 0x90, 0xe0, 0x1f, 0x80, 0xd2, 0x21, 0x60, 0x00, 0x91,
  0x8a, 0x0a, 0x00, 0x94, 0xfe, 0x07, 0x41, 0xf8, 0x00, 0x00, 0x80, 0xd2,
  0xc0, 0x03, 0x5f, 0xd6, 0x1f, 0x20, 0x03, 0xd5, 0x1f, 0x20, 0x03, 0xd5,
  0xfe, 0x0f, 0x1f, 0xf8, 0xa2, 0x03, 0x80, 0xd2, 0x01, 0x00, 0x00, 0xf0,
  0xe0, 0x1f, 0x80, 0xd2, 0x21, 0x80, 0x04, 0x91, 0x7f, 0x0a, 0x00, 0x94,
  0x22, 0x02, 0x80, 0xd2, 0x21, 0x00, 0x00, 0x90, 0xe0, 0x1f, 0x80, 0xd2,
  0x21, 0xc0, 0x00, 0x91, 0x7a, 0x0a, 0x00, 0x94, 0xfe, 0x07, 0x41, 0xf8,
  0x00, 0x00, 0x80, 0xd2, 0xc0, 0x03, 0x5f, 0xd6, 0x1f, 0x20, 0x03, 0xd5,
  0x1f, 0x20, 0x03, 0xd5, 0xfe, 0x0f, 0x1f, 0xf8, 0xa2, 0x03, 0x80, 0xd2,
  0x01, 0x00, 0x00, 0xf0, 0xe0, 0x1f, 0x80, 0xd2, 0x21, 0x80, 0x04, 0x91,
  0x6f, 0x0a, 0x00, 0x94, 0x62, 0x02, 0x80, 0xd2, 0x01, 0x00, 0x00, 0xf0,
  0xe0, 0x1f, 0x80, 0xd2, 0x21, 0x40, 0x25, 0x91, 0x6a, 0x0a, 0x00, 0x94,
  0xfe, 0x07, 0x41, 0xf8, 0x00, 0x00, 0x80, 0xd2, 0xc0, 0x03, 0x5f, 0xd6,
  0x1f, 0x20, 0x03, 0xd5, 0x1f, 0x20, 0x03, 0xd5, 0xfe, 0x0f, 0x1f, 0xf8,
  0xa2, 0x03, 0x80, 0xd2, 0x01, 0x00, 0x00, 0xf0, 0xe0, 0x1f, 0x80, 0xd2,
  0x21, 0x80, 0x04, 0x91, 0x5f, 0x0a, 0x00, 0x94, 0x42, 0x02, 0x80, 0xd2,
  0x01, 0x00, 0x00, 0xf0, 0xe0, 0x1f, 0x80, 0xd2, 0x21, 0x40, 0x26, 0x91,
  0x5a, 0x0a, 0x00, 0x94, 0xfe, 0x07, 0x41, 0xf8, 0x00, 0x00, 0x80, 0xd2,
  0xc0, 0x03, 0x5f, 0xd6, 0x1f, 0x20, 0x03, 0xd5, 0x1f, 0x20, 0x03, 0xd5,
  0xfe, 0x0f, 0x1f, 0xf8, 0xa2, 0x03, 0x80, 0xd2, 0x01, 0x00, 0x00, 0xf0,
  0xe0, 0x1f, 0x80, 0xd2, 0x21, 0x80, 0x04, 0x91, 0x4f, 0x0a, 0x00, 0x94,
  0x62, 0x02, 0x80, 0xd2, 0x01, 0x00, 0x00, 0xf0, 0xe0, 0x1f, 0x80, 0xd2,
  0x21, 0xa0, 0x25, 0x91, 0x4a, 0x0a, 0x00, 0x94, 0xfe, 0x07, 0x41, 0xf8,
  0x00, 0x00, 0x80, 0xd2, 0xc0, 0x03, 0x5f, 0xd6, 0x1f, 0x20, 0x03, 0xd5,
  0x1f, 0x20, 0x03, 0xd5, 0xfe, 0x0f, 0x1f, 0xf8, 0xa2, 0x03, 0x80, 0xd2,
  0x01, 0x00, 0x00, 0xf0, 0xe0, 0x1f, 0x80, 0xd2, 0x21, 0x80, 0x04, 0x91,
  0x3f, 0x0a, 0x00, 0x94, 0x02, 0x02, 0x80, 0xd2, 0x01, 0x00, 0x00, 0xf0,
  0xe0, 0x1f, 0x80, 0xd2, 0x21, 0x00, 0x26, 0x91, 0x3a, 0x0a, 0x00, 0x94,
  0xfe, 0x07, 0x41, 0xf8, 0x00, 0x00, 0x80, 0xd2, 0xc0, 0x03, 0x5f, 0xd6,
  0x1f, 0x20, 0x03, 0xd5, 0x1f, 0x20, 0x03, 0xd5, 0xfe, 0x0f, 0x1f, 0xf8,
  0xa2, 0x03, 0x80, 0xd2, 0x01, 0x00, 0x00, 0xf0, 0xe0, 0x1f, 0x80, 0xd2,
  0x21, 0x80, 0x04, 0x91, 0x2f, 0x0a, 0x00, 0x94, 0x22, 0x02, 0x80, 0xd2,
  0x01, 0x00, 0x00, 0xf0, 0xe0, 0x1f, 0x80, 0xd2, 0x21, 0xa0, 0x26, 0x91,
  0x2a, 0x0a, 0x00, 0x94, 0xfe, 0x07, 0x41, 0xf8, 0x00, 0x00, 0x80, 0xd2,
  0xc0, 0x03, 0x5f, 0xd6, 0x1f, 0x20, 0x03, 0xd5, 0x1f, 0x20, 0x03, 0xd5,
  0xfe, 0x0f, 0x1f, 0xf8, 0xa2, 0x03, 0x80, 0xd2, 0x01, 0x00, 0x00, 0xf0,
  0xe0, 0x1f, 0x80, 0xd2, 0x21, 0x80, 0x04, 0x91, 0x1f, 0x0a, 0x00, 0x94,
  0x42, 0x02, 0x80, 0xd2, 0x01, 0x00, 0x00, 0xf0, 0xe0, 0x1f, 0x80, 0xd2,
  0x21, 0x00, 0x27, 0x91, 0x1a, 0x0a, 0x00, 0x94, 0xfe, 0x07, 0x41, 0xf8,
  0x00, 0x00, 0x80, 0xd2, 0xc0, 0x03, 0x5f, 0xd6, 0x1f, 0x20, 0x03, 0xd5,
  0x1f, 0x20, 0x03, 0xd5, 0xfe, 0x0f, 0x1f, 0xf8, 0xa2, 0x03, 0x80, 0xd2,
  0x01, 0x00, 0x00, 0xf0, 0xe0, 0x1f, 0x80, 0xd2, 0x21, 0x80, 0x04, 0x91,
  0x0f, 0x0a, 0x00, 0x94, 0x42, 0x02, 0x80, 0xd2, 0x01, 0x00, 0x00, 0xf0,
  0xe0, 0x1f, 0x80, 0xd2, 0x21, 0x60, 0x27, 0x91, 0x0a, 0x0a, 0x00, 0x94,
  0xfe, 0x07, 0x41, 0xf8, 0x00, 0x00, 0x80, 0xd2, 0xc0, 0x03, 0x5f, 0xd6,
  0x1f, 0x20, 0x03, 0xd5, 0x1f, 0x20, 0x03, 0xd5, 0xfe, 0x0f, 0x1f, 0xf8,
  0xa2, 0x03, 0x80, 0xd2, 0x01, 0x00, 0x00, 0xf0, 0xe0, 0x1f, 0x80, 0xd2,
  0x21, 0x80, 0x04, 0x91, 0xff, 0x09, 0x00, 0x94, 0x22, 0x02, 0x80, 0xd2,
  0x01, 0x00, 0x00, 0xf0, 0xe0, 0x1f, 0x80, 0xd2, 0x21, 0xc0, 0x27, 0x91,
  0xfa, 0x09, 0x00, 0x94, 0xfe, 0x07, 0x41, 0xf8, 0x00, 0x00, 0x80, 0xd2,
  0xc0, 0x03, 0x5f, 0xd6, 0x1f, 0x20, 0x03, 0xd5, 0x1f, 0x20, 0x03, 0xd5,
  0xfe, 0x0f, 0x1f, 0xf8, 0xa2, 0x03, 0x80, 0xd2, 0x01, 0x00, 0x00, 0xf0,
  0xe0, 0x1f, 0x80, 0xd2, 0x21, 0x80, 0x04, 0x91, 0xef, 0x09, 0x00, 0x94,
  0x42, 0x02, 0x80, 0xd2, 0x01, 0x00, 0x00, 0xf0, 0xe0, 0x1f, 0x80, 0xd2,
  0x21, 0x20, 0x28, 0x91, 0xea, 0x09, 0x00, 0x94, 0xfe, 0x07, 0x41, 0xf8,
  0x00, 0x00, 0x80, 0xd2, 0xc0, 0x03, 0x5f, 0xd6, 0x1f, 0x20, 0x03, 0xd5,
  0x1f, 0x20, 0x03, 0xd5, 0xfe, 0x0f, 0x1f, 0xf8, 0xa2, 0x03, 0x80, 0xd2,
  0x01, 0x00, 0x00, 0xf0, 0xe0, 0x1f, 0x80, 0xd2, 0x21, 0x80, 0x04, 0x91,
  0xdf, 0x09, 0x00, 0x94, 0x42, 0x02, 0x80, 0xd2, 0x01, 0x00, 0x00, 0xf0,
  0xe0, 0x1f, 0x80, 0xd2, 0x21, 0x80, 0x28, 0x91, 0xda, 0x09, 0x00, 0x94,
  0xfe, 0x07, 0x41, 0xf8, 0x00, 0x00, 0x80, 0xd2, 0xc0, 0x03, 0x5f, 0xd6,
  0x1f, 0x20, 0x03, 0xd5, 0x1f, 0x20, 0x03, 0xd5, 0xfe, 0x0f, 0x1f, 0xf8,
  0xa2, 0x03, 0x80, 0xd2, 0x01, 0x00, 0x00, 0xf0, 0xe0, 0x1f, 0x80, 0xd2,
  0x21, 0x80, 0x04, 0x91, 0xcf, 0x09, 0x00, 0x94, 0x42, 0x02, 0x80, 0xd2,
  0x01, 0x00, 0x00, 0xf0, 0xe0, 0x1f, 0x80, 0xd2, 0x21, 0xe0, 0x28, 0x91,
  0xca, 0x09, 0x00, 0x94, 0xfe, 0x07, 0x41, 0xf8, 0x00, 0x00, 0x80, 0xd2,
  0xc0, 0x03, 0x5f, 0xd6, 0x1f, 0x20, 0x03, 0xd5, 0x1f, 0x20, 0x03, 0xd5,
  0xfe, 0x0f, 0x1f, 0xf8, 0xa2, 0x03, 0x80, 0xd2, 0x01, 0x00, 0x00, 0xf0,
  0xe0, 0x1f, 0x80, 0xd2, 0x21, 0x80, 0x04, 0x91, 0xbf, 0x09, 0x00, 0x94,
  0x62, 0x02, 0x80, 0xd2, 0x01, 0x00, 0x00, 0xf0, 0xe0, 0x1f, 0x80, 0xd2,
  0x21, 0x40, 0x29, 0x91, 0xba, 0x09, 0x00, 0x94, 0xfe, 0x07, 0x41, 0xf8,
  0x00, 0x00, 0x80, 0xd2, 0xc0, 0x03, 0x5f, 0xd6, 0x1f, 0x20, 0x03, 0xd5,
  0x1f, 0x20, 0x03, 0xd5, 0xfe, 0x0f, 0x1f, 0xf8, 0xa2, 0x03, 0x80, 0xd2,
  0x01, 0x00, 0x00, 0xf0, 0xe0, 0x1f, 0x80, 0xd2, 0x21, 0x80, 0x04, 0x91,
  0xaf, 0x09, 0x00, 0x94, 0x62, 0x02, 0x80, 0xd2, 0x01, 0x00, 0x00, 0xf0,
  0xe0, 0x1f, 0x80, 0xd2, 0x21, 0xa0, 0x29, 0x91, 0xaa, 0x09, 0x00, 0x94,
  0xfe, 0x07, 0x41, 0xf8, 0x00, 0x00, 0x80, 0xd2, 0xc0, 0x03, 0x5f, 0xd6,
  0x1f, 0x20, 0x03, 0xd5, 0x1f, 0x20, 0x03, 0xd5, 0xfe, 0x0f, 0x1f, 0xf8,
  0xa2, 0x03, 0x80, 0xd2, 0x01, 0x00, 0x00, 0xf0, 0xe0, 0x1f, 0x80, 0xd2,
  0x21, 0x80, 0x04, 0x91, 0x9f, 0x09, 0x00, 0x94, 0x82, 0x02, 0x80, 0xd2,
  0x01, 0x00, 0x00, 0xf0, 0xe0, 0x1f, 0x80, 0xd2, 0x21, 0x00, 0x2a, 0x91,
  0x9a, 0x09, 0x00, 0x94, 0xfe, 0x07, 0x41, 0xf8, 0x00, 0x00, 0x80, 0xd2,
  0xc0, 0x03, 0x5f, 0xd6, 0x1f, 0x20, 0x03, 0xd5, 0x1f, 0x20, 0x03, 0xd5,
  0xfe, 0x0f, 0x1f, 0xf8, 0xa2, 0x03, 0x80, 0xd2, 0x01, 0x00, 0x00, 0xf0,
  0xe0, 0x1f, 0x80, 0xd2, 0x21, 0x80, 0x04, 0x91, 0x8f, 0x09, 0x00, 0x94,
  0xa2, 0x02, 0x80, 0xd2, 0x01, 0x00, 0x00, 0xf0, 0xe0, 0x1f, 0x80, 0xd2,
  0x21, 0x60, 0x2a, 0x91, 0x8a, 0x09, 0x00, 0x94, 0xfe, 0x07, 0x41, 0xf8,
  0x00, 0x00, 0x80, 0xd2, 0xc0, 0x03, 0x5f, 0xd6, 0x1f, 0x20, 0x03, 0xd5,
  0x1f, 0x20, 0x03, 0xd5, 0xfe, 0x0f, 0x1f, 0xf8, 0xa2, 0x03, 0x80, 0xd2,
  0x01, 0x00, 0x00, 0xf0, 0xe0, 0x1f, 0x80, 0xd2, 0x21, 0x80, 0x04, 0x91,
  0x7f, 0x09, 0x00, 0x94, 0xa2, 0x02, 0x80, 0xd2, 0x01, 0x00, 0x00, 0xf0,
  0xe0, 0x1f, 0x80, 0xd2, 0x21, 0xc0, 0x2a, 0x91, 0x7a, 0x09, 0x00, 0x94,
  0xfe, 0x07, 0x41, 0xf8, 0x00, 0x00, 0x80, 0xd2, 0xc0, 0x03, 0x5f, 0xd6,
  0x1f, 0x20, 0x03, 0xd5, 0x1f, 0x20, 0x03, 0xd5, 0xfe, 0x0f, 0x1f, 0xf8,
  0xa2, 0x03, 0x80, 0xd2, 0x01, 0x00, 0x00, 0xf0, 0xe0, 0x1f, 0x80, 0xd2,
  0x21, 0x80, 0x04, 0x91, 0x6f, 0x09, 0x00, 0x94, 0x22, 0x02, 0x80, 0xd2,
  0x01, 0x00, 0x00, 0xf0, 0xe0, 0x1f, 0x80, 0xd2, 0x21, 0xe0, 0x1d, 0x91,
  0x6a, 0x09, 0x00, 0x94, 0xfe, 0x07, 0x41, 0xf8, 0x00, 0x00, 0x80, 0xd2,
  0xc0, 0x03, 0x5f, 0xd6, 0x1f, 0x20, 0x03, 0xd5, 0x1f, 0x20, 0x03, 0xd5,
  0xfe, 0x0f, 0x1f, 0xf8, 0xa2, 0x03, 0x80, 0xd2, 0x01, 0x00, 0x00, 0xf0,
  0xe0, 0x1f, 0x80, 0xd2, 0x21, 0x80, 0x04, 0x91, 0x5f, 0x09, 0x00, 0x94,
  0x62, 0x02, 0x80, 0xd2, 0x01, 0x00, 0x00, 0xf0, 0xe0, 0x1f, 0x80, 0xd2,
  0x21, 0x40, 0x1e, 0x91, 0x5a, 0x09, 0x00, 0x94, 0xfe, 0x07, 0x41, 0xf8,
  0x00, 0x00, 0x80, 0xd2, 0xc0, 0x03, 0x5f, 0xd6, 0x1f, 0x20, 0x03, 0xd5,
  0x1f, 0x20, 0x03, 0xd5, 0xfe, 0x0f, 0x1f, 0xf8, 0xa2, 0x03, 0x80, 0xd2,
  0x01, 0x00, 0x00, 0xf0, 0xe0, 0x1f, 0x80, 0xd2, 0x21, 0x80, 0x04, 0x91,
  0x4f, 0x09, 0x00, 0x94, 0x22, 0x02, 0x80, 0xd2, 0x01, 0x00, 0x00, 0xf0,
  0xe0, 0x1f, 0x80, 0xd2, 0x21, 0x80, 0x24, 0x91, 0x4a, 0x09, 0x00, 0x94,
  0xfe, 0x07, 0x41, 0xf8, 0x00, 0x00, 0x80, 0xd2, 0xc0, 0x03, 0x5f, 0xd6,
  0x1f, 0x20, 0x03, 0xd5, 0x1f, 0x20, 0x03, 0xd5, 0xfe, 0x0f, 0x1f, 0xf8,
  0xa2, 0x03, 0x80, 0xd2, 0x01, 0x00, 0x00, 0xf0, 0xe0, 0x1f, 0x80, 0xd2,
  0x21, 0x80, 0x04, 0x91, 0x3f, 0x09, 0x00, 0x94, 0x62, 0x02, 0x80, 0xd2,
  0x01, 0x00, 0x00, 0xf0, 0xe0, 0x1f, 0x80, 0xd2, 0x21, 0xe0, 0x24, 0x91,
  0x3a, 0x09, 0x00, 0x94, 0xfe, 0x07, 0x41, 0xf8, 0x00, 0x00, 0x80, 0xd2,
  0xc0, 0x03, 0x5f, 0xd6, 0x1f, 0x20, 0x03, 0xd5, 0x1f, 0x20, 0x03, 0xd5,
  0xfe, 0x0f, 0x1f, 0xf8, 0xa2, 0x03, 0x80, 0xd2, 0x01, 0x00, 0x00, 0xf0,
  0xe0, 0x1f, 0x80, 0xd2, 0x21, 0x80, 0x04, 0x91, 0x2f, 0x09, 0x00, 0x94,
  0x82, 0x02, 0x80, 0xd2, 0x01, 0x00, 0x00, 0xf0, 0xe0, 0x1f, 0x80, 0xd2,
  0x21, 0x20, 0x23, 0x91, 0x2a, 0x09, 0x00, 0x94, 0xfe, 0x07, 0x41, 0xf8,
  0x00, 0x00, 0x80, 0xd2, 0xc0, 0x03, 0x5f, 0xd6, 0x1f, 0x20, 0x03, 0xd5,
  0x1f, 0x20, 0x03, 0xd5, 0xfe, 0x0f, 0x1f, 0xf8, 0xa2, 0x03, 0x80, 0xd2,
  0x01, 0x00, 0x00, 0xf0, 0xe0, 0x1f, 0x80, 0xd2, 0x21, 0x80, 0x04, 0x91,
  0x1f, 0x09, 0x00, 0x94, 0x82, 0x02, 0x80, 0xd2, 0x01, 0x00, 0x00, 0xf0,
  0xe0, 0x1f, 0x80, 0xd2, 0x21, 0x80, 0x23, 0x91, 0x1a, 0x09, 0x00, 0x94,
  0xfe, 0x07, 0x41, 0xf8, 0x00, 0x00, 0x80, 0xd2, 0xc0, 0x03, 0x5f, 0xd6,
  0x1f, 0x20, 0x03, 0xd5, 0x1f, 0x20, 0x03, 0xd5, 0xfe, 0x0f, 0x1f, 0xf8,
  0xa2, 0x03, 0x80, 0xd2, 0x01, 0x00, 0x00, 0xf0, 0xe0, 0x1f, 0x80, 0xd2,
  0x21, 0x80, 0x04, 0x91, 0x0f, 0x09, 0x00, 0x94, 0x02, 0x02, 0x80, 0xd2,
  0x01, 0x00, 0x00, 0xf0, 0xe0, 0x1f, 0x80, 0xd2, 0x21, 0xe0, 0x23, 0x91,
  0x0a, 0x09, 0x00, 0x94, 0xfe, 0x07, 0x41, 0xf8, 0x00, 0x00, 0x80, 0xd2,
  0xc0, 0x03, 0x5f, 0xd6, 0x1f, 0x20, 0x03, 0xd5, 0x1f, 0x20, 0x03, 0xd5,
  0xfe, 0x0f, 0x1f, 0xf8, 0xa2, 0x03, 0x80, 0xd2, 0x01, 0x00, 0x00, 0xf0,
  0xe0, 0x1f, 0x80, 0xd2, 0x21, 0x80, 0x04, 0x91, 0xff, 0x08, 0x00, 0x94,
  0x22, 0x02, 0x80, 0xd2, 0x01, 0x00, 0x00, 0xf0, 0xe0, 0x1f, 0x80, 0xd2,
  0x21, 0x20, 0x24, 0x91, 0xfa, 0x08, 0x00, 0x94, 0xfe, 0x07, 0x41, 0xf8,
  0x00, 0x00, 0x80, 0xd2, 0xc0, 0x03, 0x5f, 0xd6, 0x1f, 0x20, 0x03, 0xd5,
  0x1f, 0x20, 0x03, 0xd5, 0xfe, 0x0f, 0x1f, 0xf8, 0xa2, 0x03, 0x80, 0xd2,
  0x01, 0x00, 0x00, 0xf0, 0xe0, 0x1f, 0x80, 0xd2, 0x21, 0x80, 0x04, 0x91,
  0xef, 0x08, 0x00, 0x94, 0x42, 0x02, 0x80, 0xd2, 0x01, 0x00, 0x00, 0xf0,
  0xe0, 0x1f, 0x80, 0xd2, 0x21, 0x20, 0x20, 0x91, 0xea, 0x08, 0x00, 0x94,
  0xfe, 0x07, 0x41, 0xf8, 0x00, 0x00, 0x80, 0xd2, 0xc0, 0x03, 0x5f, 0xd6,
  0x1f, 0x20, 0x03, 0xd5, 0x1f, 0x20, 0x03, 0xd5, 0xfe, 0x0f, 0x1f, 0xf8,
  0xa2, 0x03, 0x80, 0xd2, 0x01, 0x00, 0x00, 0xf0, 0xe0, 0x1f, 0x80, 0xd2,
  0x21, 0x80, 0x04, 0x91, 0xdf, 0x08, 0x00, 0x94, 0x62, 0x02, 0x80, 0xd2,
  0x01, 0x00, 0x00, 0xf0, 0xe0, 0x1f, 0x80, 0xd2, 0x21, 0x80, 0x20, 0x91,
  0xda, 0x08, 0x00, 0x94, 0xfe, 0x07, 0x41, 0xf8, 0x00, 0x00, 0x80, 0xd2,
  0xc0, 0x03, 0x5f, 0xd6, 0x1f, 0x20, 0x03, 0xd5, 0x1f, 0x20, 0x03, 0xd5,
  0xfe, 0x0f, 0x1f, 0xf8, 0xa2, 0x03, 0x80, 0xd2, 0x01, 0x00, 0x00, 0xf0,
  0xe0, 0x1f, 0x80, 0xd2, 0x21, 0x80, 0x04, 0x91, 0xcf, 0x08, 0x00, 0x94,
  0x62, 0x02, 0x80, 0xd2, 0x01, 0x00, 0x00, 0xf0, 0xe0, 0x1f, 0x80, 0xd2,
  0x21, 0xe0, 0x20, 0x91, 0xca, 0x08, 0x00, 0x94, 0xfe, 0x07, 0x41, 0xf8,
  0x00, 0x00, 0x80, 0xd2, 0xc0, 0x03, 0x5f, 0xd6, 0x1f, 0x20, 0x03, 0xd5,
  0x1f, 0x20, 0x03, 0xd5, 0xfe, 0x0f, 0x1f, 0xf8, 0xa2, 0x03, 0x80, 0xd2,
  0x01, 0x00, 0x00, 0xf0, 0xe0, 0x1f, 0x80, 0xd2, 0x21, 0x80, 0x04, 0x91,
  0xbf, 0x08, 0x00, 0x94, 0x82, 0x02, 0x80, 0xd2, 0x01, 0x00, 0x00, 0xf0,
  0xe0, 0x1f, 0x80, 0xd2, 0x21, 0x40, 0x21, 0x91, 0xba, 0x08, 0x00, 0x94,
  0xfe, 0x07, 0x41, 0xf8, 0x00, 0x00, 0x80, 0xd2, 0xc0, 0x03, 0x5f, 0xd6,
  0x1f, 0x20, 0x03, 0xd5, 0x1f, 0x20, 0x03, 0xd5, 0xfe, 0x0f, 0x1f, 0xf8,
  0xa2, 0x03, 0x80, 0xd2, 0x01, 0x00, 0x00, 0xf0, 0xe0, 0x1f, 0x80, 0xd2,
  0x21, 0x80, 0x04, 0x91, 0xaf, 0x08, 0x00, 0x94, 0x82, 0x02, 0x80, 0xd2,
  0x01, 0x00, 0x00, 0xf0, 0xe0, 0x1f, 0x80, 0xd2, 0x21, 0xa0, 0x21, 0x91,
  0xaa, 0x08, 0x00, 0x94, 0xfe, 0x07, 0x41, 0xf8, 0x00, 0x00, 0x80, 0xd2,
  0xc0, 0x03, 0x5f, 0xd6, 0x1f, 0x20, 0x03, 0xd5, 0x1f, 0x20, 0x03, 0xd5,
  0xfe, 0x0f, 0x1f, 0xf8, 0xa2, 0x03, 0x80, 0xd2, 0x01, 0x00, 0x00, 0xf0,
  0xe0, 0x1f, 0x80, 0xd2, 0x21, 0x80, 0x04, 0x91, 0x9f, 0x08, 0x00, 0x94,
  0x22, 0x02, 0x80, 0xd2, 0x01, 0x00, 0x00, 0xf0, 0xe0, 0x1f, 0x80, 0xd2,
  0x21, 0x00, 0x22, 0x91, 0x9a, 0x08, 0x00, 0x94, 0xfe, 0x07, 0x41, 0xf8,
  0x00, 0x00, 0x80, 0xd2, 0xc0, 0x03, 0x5f, 0xd6, 0x1f, 0x20, 0x03, 0xd5,
  0x1f, 0x20, 0x03, 0xd5, 0xfe, 0x0f, 0x1f, 0xf8, 0xa2, 0x03, 0x80, 0xd2,
  0x01, 0x00, 0x00, 0xf0, 0xe0, 0x1f, 0x80, 0xd2, 0x21, 0x80, 0x04, 0x91,
  0x8f, 0x08, 0x00, 0x94, 0x82, 0x02, 0x80, 0xd2, 0x01, 0x00, 0x00, 0xf0,
  0xe0, 0x1f, 0x80, 0xd2, 0x21, 0x60, 0x22, 0x91, 0x8a, 0x08, 0x00, 0x94,
  0xfe, 0x07, 0x41, 0xf8, 0x00, 0x00, 0x80, 0xd2, 0xc0, 0x03, 0x5f, 0xd6,
  0x1f, 0x20, 0x03, 0xd5, 0x1f, 0x20, 0x03, 0xd5, 0xfe, 0x0f, 0x1f, 0xf8,
  0xa2, 0x03, 0x80, 0xd2, 0x01, 0x00, 0x00, 0xf0, 0xe0, 0x1f, 0x80, 0xd2,
  0x21, 0x80, 0x04, 0x91, 0x7f, 0x08, 0x00, 0x94, 0x82, 0x02, 0x80, 0xd2,
  0x01, 0x00, 0x00, 0xf0, 0xe0, 0x1f, 0x80, 0xd2, 0x21, 0xc0, 0x22, 0x91,
  0x7a, 0x08, 0x00, 0x94, 0xfe, 0x07, 0x41, 0xf8, 0x00, 0x00, 0x80, 0xd2,
  0xc0, 0x03, 0x5f, 0xd6, 0x1f, 0x20, 0x03, 0xd5, 0x1f, 0x20, 0x03, 0xd5,
  0xfe, 0x0f, 0x1f, 0xf8, 0xa2, 0x03, 0x80, 0xd2, 0x01, 0x00, 0x00, 0xf0,
  0xe0, 0x1f, 0x80, 0xd2, 0x21, 0x80, 0x04, 0x91, 0x6f, 0x08, 0x00, 0x94,
  0x02, 0x02, 0x80, 0xd2, 0x21, 0x00, 0x00, 0x90, 0xe0, 0x1f, 0x80, 0xd2,
  0x21, 0x20, 0x01, 0x91, 0x6a, 0x08, 0x00, 0x94, 0xfe, 0x07, 0x41, 0xf8,
  0x00, 0x00, 0x80, 0xd2, 0xc0, 0x03, 0x5f, 0xd6, 0x1f, 0x20, 0x03, 0xd5,
  0x1f, 0x20, 0x03, 0xd5, 0xfe, 0x0f, 0x1f, 0xf8, 0xa2, 0x03, 0x80, 0xd2,
  0x01, 0x00, 0x00, 0xf0, 0xe0, 0x1f, 0x80, 0xd2, 0x21, 0x80, 0x04, 0x91,
  0x5f, 0x08, 0x00, 0x94, 0x42, 0x02, 0x80, 0xd2, 0x21, 0x00, 0x00, 0x90,
  0xe0, 0x1f, 0x80, 0xd2, 0x21, 0x60, 0x01, 0x91, 0x5a, 0x08, 0x00, 0x94,
  0xfe, 0x07, 0x41, 0xf8, 0x00, 0x00, 0x80, 0xd2, 0xc0, 0x03, 0x5f, 0xd6,
  0x1f, 0x20, 0x03, 0xd5, 0x1f, 0x20, 0x03, 0xd5, 0xfe, 0x0f, 0x1f, 0xf8,
  0xa2, 0x03, 0x80, 0xd2, 0x01, 0x00, 0x00, 0xf0, 0xe0, 0x1f, 0x80, 0xd2,
  0x21, 0x80, 0x04, 0x91, 0x4f, 0x08, 0x00, 0x94, 0xa2, 0x01, 0x80, 0xd2,
  0x21, 0x00, 0x00, 0x90, 0xe0, 0x1f, 0x80, 0xd2, 0x21, 0xc0, 0x01, 0x91,
  0x4a, 0x08, 0x00, 0x94, 0xfe, 0x07, 0x41, 0xf8, 0x00, 0x00, 0x80, 0xd2,
  0xc0, 0x03, 0x5f, 0xd6, 0x1f, 0x20, 0x03, 0xd5, 0x1f, 0x20, 0x03, 0xd5,
  0xfe, 0x0f, 0x1f, 0xf8, 0xa2, 0x03, 0x80, 0xd2, 0x01, 0x00, 0x00, 0xf0,
  0xe0, 0x1f, 0x80, 0xd2, 0x21, 0x80, 0x04, 0x91, 0x3f, 0x08, 0x00, 0x94,
  0xc2, 0x01, 0x80, 0xd2, 0x21, 0x00, 0x00, 0x90, 0xe0, 0x1f, 0x80, 0xd2,
  0x21, 0x00, 0x02, 0x91, 0x3a, 0x08, 0x00, 0x94, 0xfe, 0x07, 0x41, 0xf8,
  0x00, 0x00, 0x80, 0xd2, 0xc0, 0x03, 0x5f, 0xd6, 0x1f, 0x20, 0x03, 0xd5,
  0x1f, 0x20, 0x03, 0xd5, 0xfe, 0x0f, 0x1f, 0xf8, 0xa2, 0x03, 0x80, 0xd2,
  0x01, 0x00, 0x00, 0xf0, 0xe0, 0x1f, 0x80, 0xd2, 0x21, 0x80, 0x04, 0x91,
  0x2f, 0x08, 0x00, 0x94, 0xc2, 0x02, 0x80, 0xd2, 0x21, 0x00, 0x00, 0x90,
  0xe0, 0x1f, 0x80, 0xd2, 0x21, 0x40, 0x02, 0x91, 0x2a, 0x08, 0x00, 0x94,
  0xfe, 0x07, 0x41, 0xf8, 0x00, 0x00, 0x80, 0xd2, 0xc0, 0x03, 0x5f, 0xd6,
  0x1f, 0x20, 0x03, 0xd5, 0x1f, 0x20, 0x03, 0xd5, 0xfe, 0x0f, 0x1f, 0xf8,
  0xa2, 0x03, 0x80, 0xd2, 0x01, 0x00, 0x00, 0xf0, 0xe0, 0x1f, 0x80, 0xd2,
  0x21, 0x80, 0x04, 0x91, 0x1f, 0x08, 0x00, 0x94, 0xe2, 0x01, 0x80, 0xd2,
  0x21, 0x00, 0x00, 0x90, 0xe0, 0x1f, 0x80, 0xd2, 0x21, 0xa0, 0x02, 0x91,
  0x1a, 0x08, 0x00, 0x94, 0xfe, 0x07, 0x41, 0xf8, 0x00, 0x00, 0x80, 0xd2,
  0xc0, 0x03, 0x5f, 0xd6, 0x1f, 0x20, 0x03, 0xd5, 0x1f, 0x20, 0x03, 0xd5,
  0xfe, 0x0f, 0x1f, 0xf8, 0xa2, 0x03, 0x80, 0xd2, 0x01, 0x00, 0x00, 0xf0,
  0xe0, 0x1f, 0x80, 0xd2, 0x21, 0x80, 0x04, 0x91, 0x0f, 0x08, 0x00, 0x94,
  0x02, 0x02, 0x80, 0xd2, 0x21, 0x00, 0x00, 0x90, 0xe0, 0x1f, 0x80, 0xd2,
  0x21, 0xe0, 0x02, 0x91, 0x0a, 0x08, 0x00, 0x94, 0xfe, 0x07, 0x41, 0xf8,
  0x00, 0x00, 0x80, 0xd2, 0xc0, 0x03, 0x5f, 0xd6, 0x1f, 0x20, 0x03, 0xd5,
  0x1f, 0x20, 0x03, 0xd5, 0xfe, 0x0f, 0x1f, 0xf8, 0xa2, 0x03, 0x80, 0xd2,
  0x01, 0x00, 0x00, 0xf0, 0xe0, 0x1f, 0x80, 0xd2, 0x21, 0x80, 0x04, 0x91,
  0xff, 0x07, 0x00, 0x94, 0x42, 0x03, 0x80, 0xd2, 0x21, 0x00, 0x00, 0x90,
  0xe0, 0x1f, 0x80, 0xd2, 0x21, 0x20, 0x03, 0x91, 0xfa, 0x07, 0x00, 0x94,
  0xfe, 0x07, 0x41, 0xf8, 0x00, 0x00, 0x80, 0xd2, 0xc0, 0x03, 0x5f, 0xd6,
  0x1f, 0x20, 0x03, 0xd5, 0x1f, 0x20, 0x03, 0xd5, 0xfe, 0x0f, 0x1f, 0xf8,
  0xa2, 0x03, 0x80, 0xd2, 0x01, 0x00, 0x00, 0xf0, 0xe0, 0x1f, 0x80, 0xd2,
  0x21, 0x80, 0x04, 0x91, 0xef, 0x07, 0x00, 0x94, 0x02, 0x03, 0x80, 0xd2,
  0x21, 0x00, 0x00, 0x90, 0xe0, 0x1f, 0x80, 0xd2, 0x21, 0xa0, 0x03, 0x91,
  0xea, 0x07, 0x00, 0x94, 0xfe, 0x07, 0x41, 0xf8, 0x00, 0x00, 0x80, 0xd2,
  0xc0, 0x03, 0x5f, 0xd6, 0x1f, 0x20, 0x03, 0xd5, 0x1f, 0x20, 0x03, 0xd5,
  0xfe, 0x0f, 0x1f, 0xf8, 0xa2, 0x03, 0x80, 0xd2, 0x01, 0x00, 0x00, 0xf0,
  0xe0, 0x1f, 0x80, 0xd2, 0x21, 0x80, 0x04, 0x91, 0xdf, 0x07, 0x00, 0x94,
  0x22, 0x02, 0x80, 0xd2, 0x21, 0x00, 0x00, 0x90, 0xe0, 0x1f, 0x80, 0xd2,
  0x21, 0x00, 0x04, 0x91, 0xda, 0x07, 0x00, 0x94, 0xfe, 0x07, 0x41, 0xf8,
  0x00, 0x00, 0x80, 0xd2, 0xc0, 0x03, 0x5f, 0xd6, 0x1f, 0x20, 0x03, 0xd5,
  0x1f, 0x20, 0x03, 0xd5, 0xfe, 0x0f, 0x1f, 0xf8, 0xa2, 0x03, 0x80, 0xd2,
  0x01, 0x00, 0x00, 0xf0, 0xe0, 0x1f, 0x80, 0xd2, 0x21, 0x80, 0x04, 0x91,
  0xcf, 0x07, 0x00, 0x94, 0x02, 0x02, 0x80, 0xd2, 0x21, 0x00, 0x00, 0x90,
  0xe0, 0x1f, 0x80, 0xd2, 0x21, 0x60, 0x04, 0x91, 0xca, 0x07, 0x00, 0x94,
  0xfe, 0x07, 0x41, 0xf8, 0x00, 0x00, 0x80, 0xd2, 0xc0, 0x03, 0x5f, 0xd6,
  0x1f, 0x20, 0x03, 0xd5, 0x1f, 0x20, 0x03, 0xd5, 0xfe, 0x0f, 0x1f, 0xf8,
  0xa2, 0x03, 0x80, 0xd2, 0x01, 0x00, 0x00, 0xf0, 0xe0, 0x1f, 0x80, 0xd2,
  0x21, 0x80, 0x04, 0x91, 0xbf, 0x07, 0x00, 0x94, 0xc2, 0x02, 0x80, 0xd2,
  0x21, 0x00, 0x00, 0x90, 0xe0, 0x1f, 0x80, 0xd2, 0x21, 0xa0, 0x04, 0x91,
  0xba, 0x07, 0x00, 0x94, 0xfe, 0x07, 0x41, 0xf8, 0x00, 0x00, 0x80, 0xd2,
  0xc0, 0x03, 0x5f, 0xd6, 0x1f, 0x20, 0x03, 0xd5, 0x1f, 0x20, 0x03, 0xd5,
  0xfe, 0x0f, 0x1f, 0xf8, 0xa2, 0x03, 0x80, 0xd2, 0x01, 0x00, 0x00, 0xf0,
  0xe0, 0x1f, 0x80, 0xd2, 0x21, 0x80, 0x04, 0x91, 0xaf, 0x07, 0x00, 0x94,
  0xc2, 0x02, 0x80, 0xd2, 0x21, 0x00, 0x00, 0x90, 0xe0, 0x1f, 0x80, 0xd2,
  0x21, 0x00, 0x05, 0x91, 0xaa, 0x07, 0x00, 0x94, 0xfe, 0x07, 0x41, 0xf8,
  0x00, 0x00, 0x80, 0xd2, 0xc0, 0x03, 0x5f, 0xd6, 0x1f, 0x20, 0x03, 0xd5,
  0x1f, 0x20, 0x03, 0xd5, 0xfe, 0x0f, 0x1f, 0xf8, 0xa2, 0x03, 0x80, 0xd2,
  0x01, 0x00, 0x00, 0xf0, 0xe0, 0x1f, 0x80, 0xd2, 0x21, 0x80, 0x04, 0x91,
  0x9f, 0x07, 0x00, 0x94, 0x42, 0x03, 0x80, 0xd2, 0x21, 0x00, 0x00, 0x90,
  0xe0, 0x1f, 0x80, 0xd2, 0x21, 0x60, 0x05, 0x91, 0x9a, 0x07, 0x00, 0x94,
  0xfe, 0x07, 0x41, 0xf8, 0x00, 0x00, 0x80, 0xd2, 0xc0, 0x03, 0x5f, 0xd6,
  0x1f, 0x20, 0x03, 0xd5, 0x1f, 0x20, 0x03, 0xd5, 0xfe, 0x0f, 0x1f, 0xf8,
  0xa2, 0x03, 0x80, 0xd2, 0x01, 0x00, 0x00, 0xf0, 0xe0, 0x1f, 0x80, 0xd2,
  0x21, 0x80, 0x04, 0x91, 0x8f, 0x07, 0x00, 0x94, 0x42, 0x03, 0x80, 0xd2,
  0x21, 0x00, 0x00, 0x90, 0xe0, 0x1f, 0x80, 0xd2, 0x21, 0xe0, 0x05, 0x91,
  0x8a, 0x07, 0x00, 0x94, 0xfe, 0x07, 0x41, 0xf8, 0x00, 0x00, 0x80, 0xd2,
  0xc0, 0x03, 0x5f, 0xd6, 0x1f, 0x20, 0x03, 0xd5, 0x1f, 0x20, 0x03, 0xd5,
  0xfe, 0x0f, 0x1f, 0xf8, 0xa2, 0x03, 0x80, 0xd2, 0x01, 0x00, 0x00, 0xf0,
  0xe0, 0x1f, 0x80, 0xd2, 0x21, 0x80, 0x04, 0x91, 0x7f, 0x07, 0x00, 0x94,
  0xc2, 0x02, 0x80, 0xd2, 0x21, 0x00, 0x00, 0x90, 0xe0, 0x1f, 0x80, 0xd2,
  0x21, 0x60, 0x06, 0x91, 0x7a, 0x07, 0x00, 0x94, 0xfe, 0x07, 0x41, 0xf8,
  0x00, 0x00, 0x80, 0xd2, 0xc0, 0x03, 0x5f, 0xd6, 0x1f, 0x20, 0x03, 0xd5,
  0x1f, 0x20, 0x03, 0xd5, 0xfe, 0x0f, 0x1f, 0xf8, 0xa2, 0x03, 0x80, 0xd2,
  0x01, 0x00, 0x00, 0xf0, 0xe0, 0x1f, 0x80, 0xd2, 0x21, 0x80, 0x04, 0x91,
  0x6f, 0x07, 0x00, 0x94, 0xe2, 0x01, 0x80, 0xd2, 0x21, 0x00, 0x00, 0x90,
  0xe0, 0x1f, 0x80, 0xd2, 0x21, 0xc0, 0x06, 0x91, 0x6a, 0x07, 0x00, 0x94,
  0xfe, 0x07, 0x41, 0xf8, 0x00, 0x00, 0x80, 0xd2, 0xc0, 0x03, 0x5f, 0xd6,
  0x1f, 0x20, 0x03, 0xd5, 0x1f, 0x20, 0x03, 0xd5, 0xfe, 0x0f, 0x1f, 0xf8,
  0xa2, 0x03, 0x80, 0xd2, 0x01, 0x00, 0x00, 0xf0, 0xe0, 0x1f, 0x80, 0xd2,
  0x21, 0x80, 0x04, 0x91, 0x5f, 0x07, 0x00, 0x94, 0x22, 0x02, 0x80, 0xd2,
  0x21, 0x00, 0x00, 0x90, 0xe0, 0x1f, 0x80, 0xd2, 0x21, 0x00, 0x07, 0x91,
  0x5a, 0x07, 0x00, 0x94, 0xfe, 0x07, 0x41, 0xf8, 0x00, 0x00, 0x80, 0xd2,
  0xc0, 0x03, 0x5f, 0xd6, 0x1f, 0x20, 0x03, 0xd5, 0x1f, 0x20, 0x03, 0xd5,
  0xfe, 0x0f, 0x1f, 0xf8, 0xa2, 0x03, 0x80, 0xd2, 0x01, 0x00, 0x00, 0xf0,
  0xe0, 0x1f, 0x80, 0xd2, 0x21, 0x80, 0x04, 0x91, 0x4f, 0x07, 0x00, 0x94,
  0xc2, 0x01, 0x80, 0xd2, 0x21, 0x00, 0x00, 0x90, 0xe0, 0x1f, 0x80, 0xd2,
  0x21, 0x60, 0x07, 0x91, 0x4a, 0x07, 0x00, 0x94, 0xfe, 0x07, 0x41, 0xf8,
  0x00, 0x00, 0x80, 0xd2, 0xc0, 0x03, 0x5f, 0xd6, 0x1f, 0x20, 0x03, 0xd5,
  0x1f, 0x20, 0x03, 0xd5, 0xfe, 0x0f, 0x1f, 0xf8, 0xa2, 0x03, 0x80, 0xd2,
  0x01, 0x00, 0x00, 0xf0, 0xe0, 0x1f, 0x80, 0xd2, 0x21, 0x80, 0x04, 0x91,
  0x3f, 0x07, 0x00, 0x94, 0x22, 0x03, 0x80, 0xd2, 0x21, 0x00, 0x00, 0x90,
  0xe0, 0x1f, 0x80, 0xd2, 0x21, 0xa0, 0x07, 0x91, 0x3a, 0x07, 0x00, 0x94,
  0xfe, 0x07, 0x41, 0xf8, 0x00, 0x00, 0x80, 0xd2, 0xc0, 0x03, 0x5f, 0xd6,
  0x1f, 0x20, 0x03, 0xd5, 0x1f, 0x20, 0x03, 0xd5, 0xfe, 0x0f, 0x1f, 0xf8,
  0xa2, 0x03, 0x80, 0xd2, 0x01, 0x00, 0x00, 0xf0, 0xe0, 0x1f, 0x80, 0xd2,
  0x21, 0x80, 0x04, 0x91, 0x2f, 0x07, 0x00, 0x94, 0x42, 0x03, 0x80, 0xd2,
  0x21, 0x00, 0x00, 0x90, 0xe0, 0x1f, 0x80, 0xd2, 0x21, 0x20, 0x08, 0x91,
  0x2a, 0x07, 0x00, 0x94, 0xfe, 0x07, 0x41, 0xf8, 0x00, 0x00, 0x80, 0xd2,
  0xc0, 0x03, 0x5f, 0xd6, 0x1f, 0x20, 0x03, 0xd5, 0x1f, 0x20, 0x03, 0xd5,
  0xfe, 0x0f, 0x1f, 0xf8, 0xa2, 0x03, 0x80, 0xd2, 0x01, 0x00, 0x00, 0xf0,
  0xe0, 0x1f, 0x80, 0xd2, 0x21, 0x80, 0x04, 0x91, 0x1f, 0x07, 0x00, 0x94,
  0xa2, 0x01, 0x80, 0xd2, 0x01, 0x00, 0x00, 0xf0, 0xe0, 0x1f, 0x80, 0xd2,
  0x21, 0xa0, 0x08, 0x91, 0x1a, 0x07, 0x00, 0x94, 0xfe, 0x07, 0x41, 0xf8,
  0x00, 0x00, 0x80, 0xd2, 0xc0, 0x03, 0x5f, 0xd6, 0x1f, 0x20, 0x03, 0xd5,
  0x1f, 0x20, 0x03, 0xd5, 0xfe, 0x0f, 0x1f, 0xf8, 0xa2, 0x03, 0x80, 0xd2,
  0x01, 0x00, 0x00, 0xd0, 0xe0, 0x1f, 0x80, 0xd2, 0x21, 0x80, 0x04, 0x91,
  0x0f, 0x07, 0x00, 0x94, 0xa2, 0x02, 0x80, 0xd2, 0x01, 0x00, 0x00, 0xf0,
  0xe0, 0x1f, 0x80, 0xd2, 0x21, 0xe0, 0x08, 0x91, 0x0a, 0x07, 0x00, 0x94,
  0xfe, 0x07, 0x41, 0xf8, 0x00, 0x00, 0x80, 0xd2, 0xc0, 0x03, 0x5f, 0xd6,
  0x1f, 0x20, 0x03, 0xd5, 0x1f, 0x20, 0x03, 0xd5, 0xfe, 0x0f, 0x1f, 0xf8,
  0xa2, 0x03, 0x80, 0xd2, 0x01, 0x00, 0x00, 0xd0, 0xe0, 0x1f, 0x80, 0xd2,
  0x21, 0x80, 0x04, 0x91, 0xff, 0x06, 0x00, 0x94, 0xc2, 0x02, 0x80, 0xd2,
  0x01, 0x00, 0x00, 0xf0, 0xe0, 0x1f, 0x80, 0xd2, 0x21, 0x40, 0x09, 0x91,
  0xfa, 0x06, 0x00, 0x94, 0xfe, 0x07, 0x41, 0xf8, 0x00, 0x00, 0x80, 0xd2,
  0xc0, 0x03, 0x5f, 0xd6, 0x1f, 0x20, 0x03, 0xd5, 0x1f, 0x20, 0x03, 0xd5,
  0xfe, 0x0f, 0x1f, 0xf8, 0xa2, 0x03, 0x80, 0xd2, 0x01, 0x00, 0x00, 0xd0,
  0xe0, 0x1f, 0x80, 0xd2, 0x21, 0x80, 0x04, 0x91, 0xef, 0x06, 0x00, 0x94,
  0xc2, 0x02, 0x80, 0xd2, 0x01, 0x00, 0x00, 0xf0, 0xe0, 0x1f, 0x80, 0xd2,
  0x21, 0xa0, 0x09, 0x91, 0xea, 0x06, 0x00, 0x94, 0xfe, 0x07, 0x41, 0xf8,
  0x00, 0x00, 0x80, 0xd2, 0xc0, 0x03, 0x5f, 0xd6, 0x1f, 0x20, 0x03, 0xd5,
  0x1f, 0x20, 0x03, 0xd5, 0xfe, 0x0f, 0x1f, 0xf8, 0xa2, 0x03, 0x80, 0xd2,
  0x01, 0x00, 0x00, 0xd0, 0xe0, 0x1f, 0x80, 0xd2, 0x21, 0x80, 0x04, 0x91,
  0xdf, 0x06, 0x00, 0x94, 0x42, 0x02, 0x80, 0xd2, 0x01, 0x00, 0x00, 0xf0,
  0xe0, 0x1f, 0x80, 0xd2, 0x21, 0x00, 0x0a, 0x91, 0xda, 0x06, 0x00, 0x94,
  0xfe, 0x07, 0x41, 0xf8, 0x00, 0x00, 0x80, 0xd2, 0xc0, 0x03, 0x5f, 0xd6,
  0x1f, 0x20, 0x03, 0xd5, 0x1f, 0x20, 0x03, 0xd5, 0xfe, 0x0f, 0x1f, 0xf8,
  0xa2, 0x03, 0x80, 0xd2, 0x01, 0x00, 0x00, 0xd0, 0xe0, 0x1f, 0x80, 0xd2,
  0x21, 0x80, 0x04, 0x91, 0xcf, 0x06, 0x00, 0x94, 0x02, 0x02, 0x80, 0xd2,
  0x01, 0x00, 0x00, 0xf0, 0xe0, 0x1f, 0x80, 0xd2, 0x21, 0x60, 0x0a, 0x91,
  0xca, 0x06, 0x00, 0x94, 0xfe, 0x07, 0x41, 0xf8, 0x00, 0x00, 0x80, 0xd2,
  0xc0, 0x03, 0x5f, 0xd6, 0x1f, 0x20, 0x03, 0xd5, 0x1f, 0x20, 0x03, 0xd5,
  0xfe, 0x0f, 0x1f, 0xf8, 0xa2, 0x03, 0x80, 0xd2, 0x01, 0x00, 0x00, 0xd0,
  0xe0, 0x1f, 0x80, 0xd2, 0x21, 0x80, 0x04, 0x91, 0xbf, 0x06, 0x00, 0x94,
  0x82, 0x01, 0x80, 0xd2, 0x01, 0x00, 0x00, 0xf0, 0xe0, 0x1f, 0x80, 0xd2,
  0x21, 0xa0, 0x0a, 0x91, 0xba, 0x06, 0x00, 0x94, 0xfe, 0x07, 0x41, 0xf8,
  0x00, 0x00, 0x80, 0xd2, 0xc0, 0x03, 0x5f, 0xd6, 0x1f, 0x20, 0x03, 0xd5,
  0x1f, 0x20, 0x03, 0xd5, 0xfe, 0x0f, 0x1f, 0xf8, 0xa2, 0x03, 0x80, 0xd2,
  0x01, 0x00, 0x00, 0xd0, 0xe0, 0x1f, 0x80, 0xd2, 0x21, 0x80, 0x04, 0x91,
  0xaf, 0x06, 0x00, 0x94, 0x22, 0x02, 0x80, 0xd2, 0x01, 0x00, 0x00, 0xf0,
  0xe0, 0x1f, 0x80, 0xd2, 0x21, 0xe0, 0x0a, 0x91, 0xaa, 0x06, 0x00, 0x94,
  0xfe, 0x07, 0x41, 0xf8, 0x00, 0x00, 0x80, 0xd2, 0xc0, 0x03, 0x5f, 0xd6,
  0x1f, 0x20, 0x03, 0xd5, 0x1f, 0x20, 0x03, 0xd5, 0xfe, 0x0f, 0x1f, 0xf8,
  0xa2, 0x03, 0x80, 0xd2, 0x01, 0x00, 0x00, 0xd0, 0xe0, 0x1f, 0x80, 0xd2,
  0x21, 0x80, 0x04, 0x91, 0x9f, 0x06, 0x00, 0x94, 0x82, 0x02, 0x80, 0xd2,
  0x01, 0x00, 0x00, 0xf0, 0xe0, 0x1f, 0x80, 0xd2, 0x21, 0x40, 0x0b, 0x91,
  0x9a, 0x06, 0x00, 0x94, 0xfe, 0x07, 0x41, 0xf8, 0x00, 0x00, 0x80, 0xd2,
  0xc0, 0x03, 0x5f, 0xd6, 0x1f, 0x20, 0x03, 0xd5, 0x1f, 0x20, 0x03, 0xd5,
  0xfe, 0x0f, 0x1f, 0xf8, 0xa2, 0x03, 0x80, 0xd2, 0x01, 0x00, 0x00, 0xd0,
  0xe0, 0x1f, 0x80, 0xd2, 0x21, 0x80, 0x04, 0x91, 0x8f, 0x06, 0x00, 0x94,
  0x62, 0x02, 0x80, 0xd2, 0x01, 0x00, 0x00, 0xf0, 0xe0, 0x1f, 0x80, 0xd2,
  0x21, 0xa0, 0x0b, 0x91, 0x8a, 0x06, 0x00, 0x94, 0xfe, 0x07, 0x41, 0xf8,
  0x00, 0x00, 0x80, 0xd2, 0xc0, 0x03, 0x5f, 0xd6, 0x1f, 0x20, 0x03, 0xd5,
  0x1f, 0x20, 0x03, 0xd5, 0xfe, 0x0f, 0x1f, 0xf8, 0xa2, 0x03, 0x80, 0xd2,
  0x01, 0x00, 0x00, 0xd0, 0xe0, 0x1f, 0x80, 0xd2, 0x21, 0x80, 0x04, 0x91,
  0x7f, 0x06, 0x00, 0x94, 0xe2, 0x01, 0x80, 0xd2, 0x01, 0x00, 0x00, 0xf0,
  0xe0, 0x1f, 0x80, 0xd2, 0x21, 0x00, 0x0c, 0x91, 0x7a, 0x06, 0x00, 0x94,
  0xfe, 0x07, 0x41, 0xf8, 0x00, 0x00, 0x80, 0xd2, 0xc0, 0x03, 0x5f, 0xd6,
  0x1f, 0x20, 0x03, 0xd5, 0x1f, 0x20, 0x03, 0xd5, 0xfe, 0x0f, 0x1f, 0xf8,
  0xa2, 0x03, 0x80, 0xd2, 0x01, 0x00, 0x00, 0xd0, 0xe0, 0x1f, 0x80, 0xd2,
  0x21, 0x80, 0x04, 0x91, 0x6f, 0x06, 0x00, 0x94, 0x22, 0x02, 0x80, 0xd2,
  0x01, 0x00, 0x00, 0xd0, 0xe0, 0x1f, 0x80, 0xd2, 0x21, 0xa0, 0x1e, 0x91,
  0x6a, 0x06, 0x00, 0x94, 0xfe, 0x07, 0x41, 0xf8, 0x00, 0x00, 0x80, 0xd2,
  0xc0, 0x03, 0x5f, 0xd6, 0x1f, 0x20, 0x03, 0xd5, 0x1f, 0x20, 0x03, 0xd5,
  0xfe, 0x0f, 0x1f, 0xf8, 0xa2, 0x03, 0x80, 0xd2, 0x01, 0x00, 0x00, 0xd0,
  0xe0, 0x1f, 0x80, 0xd2, 0x21, 0x80, 0x04, 0x91, 0x5f, 0x06, 0x00, 0x94,
  0x22, 0x02, 0x80, 0xd2, 0x01, 0x00, 0x00, 0xd0, 0xe0, 0x1f, 0x80, 0xd2,
  0x21, 0x00, 0x1f, 0x91, 0x5a, 0x06, 0x00, 0x94, 0xfe, 0x07, 0x41, 0xf8,
  0x00, 0x00, 0x80, 0xd2, 0xc0, 0x03, 0x5f, 0xd6, 0x1f, 0x20, 0x03, 0xd5,
  0x1f, 0x20, 0x03, 0xd5, 0xfe, 0x0f, 0x1f, 0xf8, 0xa2, 0x03, 0x80, 0xd2,
  0x01, 0x00, 0x00, 0xd0, 0xe0, 0x1f, 0x80, 0xd2, 0x21, 0x80, 0x04, 0x91,
  0x4f, 0x06, 0x00, 0x94, 0x22, 0x02, 0x80, 0xd2, 0x01, 0x00, 0x00, 0xd0,
  0xe0, 0x1f, 0x80, 0xd2, 0x21, 0x60, 0x1f, 0x91, 0x4a, 0x06, 0x00, 0x94,
  0xfe, 0x07, 0x41, 0xf8, 0x00, 0x00, 0x80, 0xd2, 0xc0, 0x03, 0x5f, 0xd6,
  0x1f, 0x20, 0x03, 0xd5, 0x1f, 0x20, 0x03, 0xd5, 0xfe, 0x0f, 0x1f, 0xf8,
  0xa2, 0x03, 0x80, 0xd2, 0x01, 0x00, 0x00, 0xd0, 0xe0, 0x1f, 0x80, 0xd2,
  0x21, 0x80, 0x04, 0x91, 0x3f, 0x06, 0x00, 0x94, 0x42, 0x02, 0x80, 0xd2,
  0x01, 0x00, 0x00, 0xd0, 0xe0, 0x1f, 0x80, 0xd2, 0x21, 0xc0, 0x1f, 0x91,
  0x3a, 0x06, 0x00, 0x94, 0xfe, 0x07, 0x41, 0xf8, 0x00, 0x00, 0x80, 0xd2,
  0xc0, 0x03, 0x5f, 0xd6, 0x1f, 0x20, 0x03, 0xd5, 0x1f, 0x20, 0x03, 0xd5,
  0xfe, 0x0f, 0x1f, 0xf8, 0xa2, 0x03, 0x80, 0xd2, 0x01, 0x00, 0x00, 0xd0,
  0xe0, 0x1f, 0x80, 0xd2, 0x21, 0x80, 0x04, 0x91, 0x2f, 0x06, 0x00, 0x94,
  0xc2, 0x01, 0x80, 0xd2, 0x01, 0x00, 0x00, 0xd0, 0xe0, 0x1f, 0x80, 0xd2,
  0x21, 0xc0, 0x1c, 0x91, 0x2a, 0x06, 0x00, 0x94, 0xfe, 0x07, 0x41, 0xf8,
  0x00, 0x00, 0x80, 0xd2, 0xc0, 0x03, 0x5f, 0xd6, 0x1f, 0x20, 0x03, 0xd5,
  0x1f, 0x20, 0x03, 0xd5, 0xfe, 0x0f, 0x1f, 0xf8, 0xa2, 0x03, 0x80, 0xd2,
  0x01, 0x00, 0x00, 0xd0, 0xe0, 0x1f, 0x80, 0xd2, 0x21, 0x80, 0x04, 0x91,
  0x1f, 0x06, 0x00, 0x94, 0xe2, 0x01, 0x80, 0xd2, 0x01, 0x00, 0x00, 0xd0,
  0xe0, 0x1f, 0x80, 0xd2, 0x21, 0x00, 0x1d, 0x91, 0x1a, 0x06, 0x00, 0x94,
  0xfe, 0x07, 0x41, 0xf8, 0x00, 0x00, 0x80, 0xd2, 0xc0, 0x03, 0x5f, 0xd6,
  0x1f, 0x20, 0x03, 0xd5, 0x1f, 0x20, 0x03, 0xd5, 0xfe, 0x0f, 0x1f, 0xf8,
  0xa2, 0x03, 0x80, 0xd2, 0x01, 0x00, 0x00, 0xd0, 0xe0, 0x1f, 0x80, 0xd2,
  0x21, 0x80, 0x04, 0x91, 0x0f, 0x06, 0x00, 0x94, 0xe2, 0x01, 0x80, 0xd2,
  0x01, 0x00, 0x00, 0xd0, 0xe0, 0x1f, 0x80, 0xd2, 0x21, 0x40, 0x1d, 0x91,
  0x0a, 0x06, 0x00, 0x94, 0xfe, 0x07, 0x41, 0xf8, 0x00, 0x00, 0x80, 0xd2,
  0xc0, 0x03, 0x5f, 0xd6, 0x1f, 0x20, 0x03, 0xd5, 0x1f, 0x20, 0x03, 0xd5,
  0xfe, 0x0f, 0x1f, 0xf8, 0xa2, 0x03, 0x80, 0xd2, 0x01, 0x00, 0x00, 0xd0,
  0xe0, 0x1f, 0x80, 0xd2, 0x21, 0x80, 0x04, 0x91, 0xff, 0x05, 0x00, 0x94,
  0x82, 0x02, 0x80, 0xd2, 0x01, 0x00, 0x00, 0xd0, 0xe0, 0x1f, 0x80, 0xd2,
  0x21, 0x80, 0x1d, 0x91, 0xfa, 0x05, 0x00, 0x94, 0xfe, 0x07, 0x41, 0xf8,
  0x00, 0x00, 0x80, 0xd2, 0xc0, 0x03, 0x5f, 0xd6, 0x1f, 0x20, 0x03, 0xd5,
  0x1f, 0x20, 0x03, 0xd5, 0xfe, 0x0f, 0x1f, 0xf8, 0xa2, 0x03, 0x80, 0xd2,
  0x01, 0x00, 0x00, 0xd0, 0xe0, 0x1f, 0x80, 0xd2, 0x21, 0x80, 0x04, 0x91,
  0xef, 0x05, 0x00, 0x94, 0xc2, 0x03, 0x80, 0xd2, 0x01, 0x00, 0x00, 0xd0,
  0xe0, 0x1f, 0x80, 0xd2, 0x21, 0xc0, 0x19, 0x91, 0xea, 0x05, 0x00, 0x94,
  0xfe, 0x07, 0x41, 0xf8, 0x00, 0x00, 0x80, 0xd2, 0xc0, 0x03, 0x5f, 0xd6,
  0x1f, 0x20, 0x03, 0xd5, 0x1f, 0x20, 0x03, 0xd5, 0xfe, 0x0f, 0x1f, 0xf8,
  0xa2, 0x03, 0x80, 0xd2, 0x01, 0x00, 0x00, 0xd0, 0xe0, 0x1f, 0x80, 0xd2,
  0x21, 0x80, 0x04, 0x91, 0xdf, 0x05, 0x00, 0x94, 0x42, 0x02, 0x80, 0xd2,
  0x01, 0x00, 0x00, 0xd0, 0xe0, 0x1f, 0x80, 0xd2, 0x21, 0x40, 0x1a, 0x91,
  0xda, 0x05, 0x00, 0x94, 0xfe, 0x07, 0x41, 0xf8, 0x00, 0x00, 0x80, 0xd2,
  0xc0, 0x03, 0x5f, 0xd6, 0x1f, 0x20, 0x03, 0xd5, 0x1f, 0x20, 0x03, 0xd5,
  0xfe, 0x0f, 0x1f, 0xf8, 0xa2, 0x03, 0x80, 0xd2, 0x01, 0x00, 0x00, 0xd0,
  0xe0, 0x1f, 0x80, 0xd2, 0x21, 0x80, 0x04, 0x91, 0xcf, 0x05, 0x00, 0x94,
  0x42, 0x02, 0x80, 0xd2, 0x01, 0x00, 0x00, 0xd0, 0xe0, 0x1f, 0x80, 0xd2,
  0x21, 0xa0, 0x1a, 0x91, 0xca, 0x05, 0x00, 0x94, 0xfe, 0x07, 0x41, 0xf8,
  0x00, 0x00, 0x80, 0xd2, 0xc0, 0x03, 0x5f, 0xd6, 0x1f, 0x20, 0x03, 0xd5,
  0x1f, 0x20, 0x03, 0xd5, 0xfe, 0x0f, 0x1f, 0xf8, 0xa2, 0x03, 0x80, 0xd2,
  0x01, 0x00, 0x00, 0xd0, 0xe0, 0x1f, 0x80, 0xd2, 0x21, 0x80, 0x04, 0x91,
  0xbf, 0x05, 0x00, 0x94, 0x62, 0x02, 0x80, 0xd2, 0x01, 0x00, 0x00, 0xd0,
  0xe0, 0x1f, 0x80, 0xd2, 0x21, 0x00, 0x1b, 0x91, 0xba, 0x05, 0x00, 0x94,
  0xfe, 0x07, 0x41, 0xf8, 0x00, 0x00, 0x80, 0xd2, 0xc0, 0x03, 0x5f, 0xd6,
  0x1f, 0x20, 0x03, 0xd5, 0x1f, 0x20, 0x03, 0xd5, 0xfe, 0x0f, 0x1f, 0xf8,
  0xa2, 0x03, 0x80, 0xd2, 0x01, 0x00, 0x00, 0xd0, 0xe0, 0x1f, 0x80, 0xd2,
  0x21, 0x80, 0x04, 0x91, 0xaf, 0x05, 0x00, 0x94, 0x42, 0x02, 0x80, 0xd2,
  0x01, 0x00, 0x00, 0xd0, 0xe0, 0x1f, 0x80, 0xd2, 0x21, 0x60, 0x1b, 0x91,
  0xaa, 0x05, 0x00, 0x94, 0xfe, 0x07, 0x41, 0xf8, 0x00, 0x00, 0x80, 0xd2,
  0xc0, 0x03, 0x5f, 0xd6, 0x1f, 0x20, 0x03, 0xd5, 0x1f, 0x20, 0x03, 0xd5,
  0xfe, 0x0f, 0x1f, 0xf8, 0xa2, 0x03, 0x80, 0xd2, 0x01, 0x00, 0x00, 0xd0,
  0xe0, 0x1f, 0x80, 0xd2, 0x21, 0x80, 0x04, 0x91, 0x9f, 0x05, 0x00, 0x94,
  0x42, 0x02, 0x80, 0xd2, 0x01, 0x00, 0x00, 0xd0, 0xe0, 0x1f, 0x80, 0xd2,
  0x21, 0xc0, 0x1b, 0x91, 0x9a, 0x05, 0x00, 0x94, 0xfe, 0x07, 0x41, 0xf8,
  0x00, 0x00, 0x80, 0xd2, 0xc0, 0x03, 0x5f, 0xd6, 0x1f, 0x20, 0x03, 0xd5,
  0x1f, 0x20, 0x03, 0xd5, 0xfe, 0x0f, 0x1f, 0xf8, 0xa2, 0x03, 0x80, 0xd2,
  0x01, 0x00, 0x00, 0xd0, 0xe0, 0x1f, 0x80, 0xd2, 0x21, 0x80, 0x04, 0x91,
  0x8f, 0x05, 0x00, 0x94, 0xc2, 0x01, 0x80, 0xd2, 0x01, 0x00, 0x00, 0xd0,
  0xe0, 0x1f, 0x80, 0xd2, 0x21, 0x20, 0x1c, 0x91, 0x8a, 0x05, 0x00, 0x94,
  0xfe, 0x07, 0x41, 0xf8, 0x00, 0x00, 0x80, 0xd2, 0xc0, 0x03, 0x5f, 0xd6,
  0x1f, 0x20, 0x03, 0xd5, 0x1f, 0x20, 0x03, 0xd5, 0xfe, 0x0f, 0x1f, 0xf8,
  0xa2, 0x03, 0x80, 0xd2, 0x01, 0x00, 0x00, 0xd0, 0xe0, 0x1f, 0x80, 0xd2,
  0x21, 0x80, 0x04, 0x91, 0x7f, 0x05, 0x00, 0x94, 0xa2, 0x02, 0x80, 0xd2,
  0x01, 0x00, 0x00, 0xd0, 0xe0, 0x1f, 0x80, 0xd2, 0x21, 0x60, 0x1c, 0x91,
  0x7a, 0x05, 0x00, 0x94, 0xfe, 0x07, 0x41, 0xf8, 0x00, 0x00, 0x80, 0xd2,
  0xc0, 0x03, 0x5f, 0xd6, 0x1f, 0x20, 0x03, 0xd5, 0x1f, 0x20, 0x03, 0xd5,
  0xfe, 0x0f, 0x1f, 0xf8, 0xa2, 0x03, 0x80, 0xd2, 0x01, 0x00, 0x00, 0xd0,
  0xe0, 0x1f, 0x80, 0xd2, 0x21, 0x80, 0x04, 0x91, 0x6f, 0x05, 0x00, 0x94,
  0x02, 0x02, 0x80, 0xd2, 0x01, 0x00, 0x00, 0xd0, 0xe0, 0x1f, 0x80, 0xd2,
  0x21, 0x00, 0x15, 0x91, 0x6a, 0x05, 0x00, 0x94, 0xfe, 0x07, 0x41, 0xf8,
  0x00, 0x00, 0x80, 0xd2, 0xc0, 0x03, 0x5f, 0xd6, 0x1f, 0x20, 0x03, 0xd5,
  0x1f, 0x20, 0x03, 0xd5, 0xfe, 0x0f, 0x1f, 0xf8, 0xa2, 0x03, 0x80, 0xd2,
  0x01, 0x00, 0x00, 0xd0, 0xe0, 0x1f, 0x80, 0xd2, 0x21, 0x80, 0x04, 0x91,
  0x5f, 0x05, 0x00, 0x94, 0xe2, 0x01, 0x80, 0xd2, 0x01, 0x00, 0x00, 0xd0,
  0xe0, 0x1f, 0x80, 0xd2, 0x21, 0x40, 0x15, 0x91, 0x5a, 0x05, 0x00, 0x94,
  0xfe, 0x07, 0x41, 0xf8, 0x00, 0x00, 0x80, 0xd2, 0xc0, 0x03, 0x5f, 0xd6,
  0x1f, 0x20, 0x03, 0xd5, 0x1f, 0x20, 0x03, 0xd5, 0xfe, 0x0f, 0x1f, 0xf8,
  0xa2, 0x03, 0x80, 0xd2, 0x01, 0x00, 0x00, 0xd0, 0xe0, 0x1f, 0x80, 0xd2,
  0x21, 0x80, 0x04, 0x91, 0x4f, 0x05, 0x00, 0x94, 0x02, 0x02, 0x80, 0xd2,
  0x01, 0x00, 0x00, 0xd0, 0xe0, 0x1f, 0x80, 0xd2, 0x21, 0x80, 0x15, 0x91,
  0x4a, 0x05, 0x00, 0x94, 0xfe, 0x07, 0x41, 0xf8, 0x00, 0x00, 0x80, 0xd2,
  0xc0, 0x03, 0x5f, 0xd6, 0x1f, 0x20, 0x03, 0xd5, 0x1f, 0x20, 0x03, 0xd5,
  0xfe, 0x0f, 0x1f, 0xf8, 0xa2, 0x03, 0x80, 0xd2, 0x01, 0x00, 0x00, 0xd0,
  0xe0, 0x1f, 0x80, 0xd2, 0x21, 0x80, 0x04, 0x91, 0x3f, 0x05, 0x00, 0x94,
  0xc2, 0x01, 0x80, 0xd2, 0x01, 0x00, 0x00, 0xd0, 0xe0, 0x1f, 0x80, 0xd2,
  0x21, 0xc0, 0x15, 0x91, 0x3a, 0x05, 0x00, 0x94, 0xfe, 0x07, 0x41, 0xf8,
  0x00, 0x00, 0x80, 0xd2, 0xc0, 0x03, 0x5f, 0xd6, 0x1f, 0x20, 0x03, 0xd5,
  0x1f, 0x20, 0x03, 0xd5, 0xfe, 0x0f, 0x1f, 0xf8, 0xa2, 0x03, 0x80, 0xd2,
  0x01, 0x00, 0x00, 0xd0, 0xe0, 0x1f, 0x80, 0xd2, 0x21, 0x80, 0x04, 0x91,
  0x2f, 0x05, 0x00, 0x94, 0x82, 0x02, 0x80, 0xd2, 0x01, 0x00, 0x00, 0xd0,
  0xe0, 0x1f, 0x80, 0xd2, 0x21, 0x00, 0x16, 0x91, 0x2a, 0x05, 0x00, 0x94,
  0xfe, 0x07, 0x41, 0xf8, 0x00, 0x00, 0x80, 0xd2, 0xc0, 0x03, 0x5f, 0xd6,
  0x1f, 0x20, 0x03, 0xd5, 0x1f, 0x20, 0x03, 0xd5, 0xfe, 0x0f, 0x1f, 0xf8,
  0xa2, 0x03, 0x80, 0xd2, 0x01, 0x00, 0x00, 0xd0, 0xe0, 0x1f, 0x80, 0xd2,
  0x21, 0x80, 0x04, 0x91, 0x1f, 0x05, 0x00, 0x94, 0x22, 0x02, 0x80, 0xd2,
  0x01, 0x00, 0x00, 0xd0, 0xe0, 0x1f, 0x80, 0xd2, 0x21, 0x60, 0x16, 0x91,
  0x1a, 0x05, 0x00, 0x94, 0xfe, 0x07, 0x41, 0xf8, 0x00, 0x00, 0x80, 0xd2,
  0xc0, 0x03, 0x5f, 0xd6, 0x1f, 0x20, 0x03, 0xd5, 0x1f, 0x20, 0x03, 0xd5,
  0xfe, 0x0f, 0x1f, 0xf8, 0xa2, 0x03, 0x80, 0xd2, 0x01, 0x00, 0x00, 0xd0,
  0xe0, 0x1f, 0x80, 0xd2, 0x21, 0x80, 0x04, 0x91, 0x0f, 0x05, 0x00, 0x94,
  0x22, 0x02, 0x80, 0xd2, 0x01, 0x00, 0x00, 0xd0, 0xe0, 0x1f, 0x80, 0xd2,
  0x21, 0xc0, 0x16, 0x91, 0x0a, 0x05, 0x00, 0x94, 0xfe, 0x07, 0x41, 0xf8,
  0x00, 0x00, 0x80, 0xd2, 0xc0, 0x03, 0x5f, 0xd6, 0x1f, 0x20, 0x03, 0xd5,
  0x1f, 0x20, 0x03, 0xd5, 0xfe, 0x0f, 0x1f, 0xf8, 0xa2, 0x03, 0x80, 0xd2,
  0x01, 0x00, 0x00, 0xd0, 0xe0, 0x1f, 0x80, 0xd2, 0x21, 0x80, 0x04, 0x91,
  0xff, 0x04, 0x00, 0x94, 0xc2, 0x01, 0x80, 0xd2, 0x01, 0x00, 0x00, 0xd0,
  0xe0, 0x1f, 0x80, 0xd2, 0x21, 0x20, 0x17, 0x91, 0xfa, 0x04, 0x00, 0x94,
  0xfe, 0x07, 0x41, 0xf8, 0x00, 0x00, 0x80, 0xd2, 0xc0, 0x03, 0x5f, 0xd6,
  0x1f, 0x20, 0x03, 0xd5, 0x1f, 0x20, 0x03, 0xd5, 0xfe, 0x0f, 0x1f, 0xf8,
  0xa2, 0x03, 0x80, 0xd2, 0x01, 0x00, 0x00, 0xd0, 0xe0, 0x1f, 0x80, 0xd2,
  0x21, 0x80, 0x04, 0x91, 0xef, 0x04, 0x00, 0x94, 0xc2, 0x01, 0x80, 0xd2,
  0x01, 0x00, 0x00, 0xd0, 0xe0, 0x1f, 0x80, 0xd2, 0x21, 0x60, 0x17, 0x91,
  0xea, 0x04, 0x00, 0x94, 0xfe, 0x07, 0x41, 0xf8, 0x00, 0x00, 0x80, 0xd2,
  0xc0, 0x03, 0x5f, 0xd6, 0x1f, 0x20, 0x03, 0xd5, 0x1f, 0x20, 0x03, 0xd5,
  0xfe, 0x0f, 0x1f, 0xf8, 0xa2, 0x03, 0x80, 0xd2, 0x01, 0x00, 0x00, 0xd0,
  0xe0, 0x1f, 0x80, 0xd2, 0x21, 0x80, 0x04, 0x91, 0xdf, 0x04, 0x00, 0x94,
  0xe2, 0x01, 0x80, 0xd2, 0x01, 0x00, 0x00, 0xd0, 0xe0, 0x1f, 0x80, 0xd2,
  0x21, 0xa0, 0x17, 0x91, 0xda, 0x04, 0x00, 0x94, 0xfe, 0x07, 0x41, 0xf8,
  0x00, 0x00, 0x80, 0xd2, 0xc0, 0x03, 0x5f, 0xd6, 0x1f, 0x20, 0x03, 0xd5,
  0x1f, 0x20, 0x03, 0xd5, 0xfe, 0x0f, 0x1f, 0xf8, 0xa2, 0x03, 0x80, 0xd2,
  0x01, 0x00, 0x00, 0xd0, 0xe0, 0x1f, 0x80, 0xd2, 0x21, 0x80, 0x04, 0x91,
  0xcf, 0x04, 0x00, 0x94, 0x42, 0x02, 0x80, 0xd2, 0x01, 0x00, 0x00, 0xd0,
  0xe0, 0x1f, 0x80, 0xd2, 0x21, 0xe0, 0x17, 0x91, 0xca, 0x04, 0x00, 0x94,
  0xfe, 0x07, 0x41, 0xf8, 0x00, 0x00, 0x80, 0xd2, 0xc0, 0x03, 0x5f, 0xd6,
  0x1f, 0x20, 0x03, 0xd5, 0x1f, 0x20, 0x03, 0xd5, 0xfe, 0x0f, 0x1f, 0xf8,
  0xa2, 0x03, 0x80, 0xd2, 0x01, 0x00, 0x00, 0xd0, 0xe0, 0x1f, 0x80, 0xd2,
  0x21, 0x80, 0x04, 0x91, 0xbf, 0x04, 0x00, 0x94, 0x02, 0x02, 0x80, 0xd2,
  0x01, 0x00, 0x00, 0xd0, 0xe0, 0x1f, 0x80, 0xd2, 0x21, 0x40, 0x18, 0x91,
  0xba, 0x04, 0x00, 0x94, 0xfe, 0x07, 0x41, 0xf8, 0x00, 0x00, 0x80, 0xd2,
  0xc0, 0x03, 0x5f, 0xd6, 0x1f, 0x20, 0x03, 0xd5, 0x1f, 0x20, 0x03, 0xd5,
  0xfe, 0x0f, 0x1f, 0xf8, 0xa2, 0x03, 0x80, 0xd2, 0x01, 0x00, 0x00, 0xd0,
  0xe0, 0x1f, 0x80, 0xd2, 0x21, 0x80, 0x04, 0x91, 0xaf, 0x04, 0x00, 0x94,
  0xc2, 0x01, 0x80, 0xd2, 0x01, 0x00, 0x00, 0xd0, 0xe0, 0x1f, 0x80, 0xd2,
  0x21, 0x80, 0x18, 0x91, 0xaa, 0x04, 0x00, 0x94, 0xfe, 0x07, 0x41, 0xf8,
  0x00, 0x00, 0x80, 0xd2, 0xc0, 0x03, 0x5f, 0xd6, 0x1f, 0x20, 0x03, 0xd5,
  0x1f, 0x20, 0x03, 0xd5, 0xfe, 0x0f, 0x1f, 0xf8, 0xa2, 0x03, 0x80, 0xd2,
  0x01, 0x00, 0x00, 0xd0, 0xe0, 0x1f, 0x80, 0xd2, 0x21, 0x80, 0x04, 0x91,
  0x9f, 0x04, 0x00, 0x94, 0x02, 0x02, 0x80, 0xd2, 0x01, 0x00, 0x00, 0xd0,
  0xe0, 0x1f, 0x80, 0xd2, 0x21, 0xc0, 0x18, 0x91, 0x9a, 0x04, 0x00, 0x94,
  0xfe, 0x07, 0x41, 0xf8, 0x00, 0x00, 0x80, 0xd2, 0xc0, 0x03, 0x5f, 0xd6,
  0x1f, 0x20, 0x03, 0xd5, 0x1f, 0x20, 0x03, 0xd5, 0xfe, 0x0f, 0x1f, 0xf8,
  0xa2, 0x03, 0x80, 0xd2, 0x01, 0x00, 0x00, 0xd0, 0xe0, 0x1f, 0x80, 0xd2,
  0x21, 0x80, 0x04, 0x91, 0x8f, 0x04, 0x00, 0x94, 0x22, 0x02, 0x80, 0xd2,
  0x01, 0x00, 0x00, 0xd0, 0xe0, 0x1f, 0x80, 0xd2, 0x21, 0x00, 0x19, 0x91,
  0x8a, 0x04, 0x00, 0x94, 0xfe, 0x07, 0x41, 0xf8, 0x00, 0x00, 0x80, 0xd2,
  0xc0, 0x03, 0x5f, 0xd6, 0x1f, 0x20, 0x03, 0xd5, 0x1f, 0x20, 0x03, 0xd5,
  0xfe, 0x0f, 0x1f, 0xf8, 0xa2, 0x03, 0x80, 0xd2, 0x01, 0x00, 0x00, 0xd0,
  0xe0, 0x1f, 0x80, 0xd2, 0x21, 0x80, 0x04, 0x91, 0x7f, 0x04, 0x00, 0x94,
  0x62, 0x02, 0x80, 0xd2, 0x01, 0x00, 0x00, 0xd0, 0xe0, 0x1f, 0x80, 0xd2,
  0x21, 0x60, 0x19, 0x91, 0x7a, 0x04, 0x00, 0x94, 0xfe, 0x07, 0x41, 0xf8,
  0x00, 0x00, 0x80, 0xd2, 0xc0, 0x03, 0x5f, 0xd6, 0x1f, 0x20, 0x03, 0xd5,
  0x1f, 0x20, 0x03, 0xd5, 0xfe, 0x0f, 0x1f, 0xf8, 0xa2, 0x03, 0x80, 0xd2,
  0x01, 0x00, 0x00, 0xd0, 0xe0, 0x1f, 0x80, 0xd2, 0x21, 0x80, 0x04, 0x91,
  0x6f, 0x04, 0x00, 0x94, 0x02, 0x02, 0x80, 0xd2, 0x01, 0x00, 0x00, 0xd0,
  0xe0, 0x1f, 0x80, 0xd2, 0x21, 0x60, 0x0a, 0x91, 0x6a, 0x04, 0x00, 0x94,
  0xfe, 0x07, 0x41, 0xf8, 0x00, 0x00, 0x80, 0xd2, 0xc0, 0x03, 0x5f, 0xd6,
  0x1f, 0x20, 0x03, 0xd5, 0x1f, 0x20, 0x03, 0xd5, 0xfe, 0x0f, 0x1f, 0xf8,
  0xa2, 0x03, 0x80, 0xd2, 0x01, 0x00, 0x00, 0xd0, 0xe0, 0x1f, 0x80, 0xd2,
  0x21, 0x80, 0x04, 0x91, 0x5f, 0x04, 0x00, 0x94, 0x22, 0x02, 0x80, 0xd2,
  0x01, 0x00, 0x00, 0xd0, 0xe0, 0x1f, 0x80, 0xd2, 0x21, 0xa0, 0x0a, 0x91,
  0x5a, 0x04, 0x00, 0x94, 0xfe, 0x07, 0x41, 0xf8, 0x00, 0x00, 0x80, 0xd2,
  0xc0, 0x03, 0x5f, 0xd6, 0x1f, 0x20, 0x03, 0xd5, 0x1f, 0x20, 0x03, 0xd5,
  0xfe, 0x0f, 0x1f, 0xf8, 0xa2, 0x03, 0x80, 0xd2, 0x01, 0x00, 0x00, 0xd0,
  0xe0, 0x1f, 0x80, 0xd2, 0x21, 0x80, 0x04, 0x91, 0x4f, 0x04, 0x00, 0x94,
  0x22, 0x02, 0x80, 0xd2, 0x01, 0x00, 0x00, 0xd0, 0xe0, 0x1f, 0x80, 0xd2,
  0x21, 0x00, 0x0b, 0x91, 0x4a, 0x04, 0x00, 0x94, 0xfe, 0x07, 0x41, 0xf8,
  0x00, 0x00, 0x80, 0xd2, 0xc0, 0x03, 0x5f, 0xd6, 0x1f, 0x20, 0x03, 0xd5,
  0x1f, 0x20, 0x03, 0xd5, 0xfe, 0x0f, 0x1f, 0xf8, 0xa2, 0x03, 0x80, 0xd2,
  0x01, 0x00, 0x00, 0xd0, 0xe0, 0x1f, 0x80, 0xd2, 0x21, 0x80, 0x04, 0x91,
  0x3f, 0x04, 0x00, 0x94, 0x62, 0x02, 0x80, 0xd2, 0x01, 0x00, 0x00, 0xd0,
  0xe0, 0x1f, 0x80, 0xd2, 0x21, 0x60, 0x0b, 0x91, 0x3a, 0x04, 0x00, 0x94,
  0xfe, 0x07, 0x41, 0xf8, 0x00, 0x00, 0x80, 0xd2, 0xc0, 0x03, 0x5f, 0xd6,
  0x1f, 0x20, 0x03, 0xd5, 0x1f, 0x20, 0x03, 0xd5, 0xfe, 0x0f, 0x1f, 0xf8,
  0xa2, 0x03, 0x80, 0xd2, 0x01, 0x00, 0x00, 0xd0, 0xe0, 0x1f, 0x80, 0xd2,
  0x21, 0x80, 0x04, 0x91, 0x2f, 0x04, 0x00, 0x94, 0x62, 0x02, 0x80, 0xd2,
  0x01, 0x00, 0x00, 0xd0, 0xe0, 0x1f, 0x80, 0xd2, 0x21, 0xc0, 0x0b, 0x91,
  0x2a, 0x04, 0x00, 0x94, 0xfe, 0x07, 0x41, 0xf8, 0x00, 0x00, 0x80, 0xd2,
  0xc0, 0x03, 0x5f, 0xd6, 0x1f, 0x20, 0x03, 0xd5, 0x1f, 0x20, 0x03, 0xd5,
  0xfe, 0x0f, 0x1f, 0xf8, 0xa2, 0x03, 0x80, 0xd2, 0x01, 0x00, 0x00, 0xd0,
  0xe0, 0x1f, 0x80, 0xd2, 0x21, 0x80, 0x04, 0x91, 0x1f, 0x04, 0x00, 0x94,
  0x82, 0x02, 0x80, 0xd2, 0x01, 0x00, 0x00, 0xd0, 0xe0, 0x1f, 0x80, 0xd2,
  0x21, 0x20, 0x0c, 0x91, 0x1a, 0x04, 0x00, 0x94, 0xfe, 0x07, 0x41, 0xf8,
  0x00, 0x00, 0x80, 0xd2, 0xc0, 0x03, 0x5f, 0xd6, 0x1f, 0x20, 0x03, 0xd5,
  0x1f, 0x20, 0x03, 0xd5, 0xfe, 0x0f, 0x1f, 0xf8, 0xa2, 0x03, 0x80, 0xd2,
  0x01, 0x00, 0x00, 0xd0, 0xe0, 0x1f, 0x80, 0xd2, 0x21, 0x80, 0x04, 0x91,
  0x0f, 0x04, 0x00, 0x94, 0x42, 0x02, 0x80, 0xd2, 0x01, 0x00, 0x00, 0xd0,
  0xe0, 0x1f, 0x80, 0xd2, 0x21, 0x80, 0x0c, 0x91, 0x0a, 0x04, 0x00, 0x94,
  0xfe, 0x07, 0x41, 0xf8, 0x00, 0x00, 0x80, 0xd2, 0xc0, 0x03, 0x5f, 0xd6,
  0x1f, 0x20, 0x03, 0xd5, 0x1f, 0x20, 0x03, 0xd5, 0xfe, 0x0f, 0x1f, 0xf8,
  0xa2, 0x03, 0x80, 0xd2, 0x01, 0x00, 0x00, 0xd0, 0xe0, 0x1f, 0x80, 0xd2,
  0x21, 0x80, 0x04, 0x91, 0xff, 0x03, 0x00, 0x94, 0xa2, 0x02, 0x80, 0xd2,
  0x01, 0x00, 0x00, 0xd0, 0xe0, 0x1f, 0x80, 0xd2, 0x21, 0xe0, 0x0c, 0x91,
  0xfa, 0x03, 0x00, 0x94, 0xfe, 0x07, 0x41, 0xf8, 0x00, 0x00, 0x80, 0xd2,
  0xc0, 0x03, 0x5f, 0xd6, 0x1f, 0x20, 0x03, 0xd5, 0x1f, 0x20, 0x03, 0xd5,
  0xfe, 0x0f, 0x1f, 0xf8, 0xa2, 0x03, 0x80, 0xd2, 0x01, 0x00, 0x00, 0xd0,
  0xe0, 0x1f, 0x80, 0xd2, 0x21, 0x80, 0x04, 0x91, 0xef, 0x03, 0x00, 0x94,
  0xa2, 0x02, 0x80, 0xd2, 0x01, 0x00, 0x00, 0xd0, 0xe0, 0x1f, 0x80, 0xd2,
  0x21, 0x40, 0x0d, 0x91, 0xea, 0x03, 0x00, 0x94, 0xfe, 0x07, 0x41, 0xf8,
  0x00, 0x00, 0x80, 0xd2, 0xc0, 0x03, 0x5f, 0xd6, 0x1f, 0x20, 0x03, 0xd5,
  0x1f, 0x20, 0x03, 0xd5, 0xfe, 0x0f, 0x1f, 0xf8, 0xa2, 0x03, 0x80, 0xd2,
  0x01, 0x00, 0x00, 0xd0, 0xe0, 0x1f, 0x80, 0xd2, 0x21, 0x80, 0x04, 0x91,
  0xdf, 0x03, 0x00, 0x94, 0x42, 0x02, 0x80, 0xd2, 0x01, 0x00, 0x00, 0xd0,
  0xe0, 0x1f, 0x80, 0xd2, 0x21, 0xa0, 0x0d, 0x91, 0xda, 0x03, 0x00, 0x94,
  0xfe, 0x07, 0x41, 0xf8, 0x00, 0x00, 0x80, 0xd2, 0xc0, 0x03, 0x5f, 0xd6,
  0x1f, 0x20, 0x03, 0xd5, 0x1f, 0x20, 0x03, 0xd5, 0xfe, 0x0f, 0x1f, 0xf8,
  0xa2, 0x03, 0x80, 0xd2, 0x01, 0x00, 0x00, 0xd0, 0xe0, 0x1f, 0x80, 0xd2,
  0x21, 0x80, 0x04, 0x91, 0xcf, 0x03, 0x00, 0x94, 0x42, 0x02, 0x80, 0xd2,
  0x01, 0x00, 0x00, 0xd0, 0xe0, 0x1f, 0x80, 0xd2, 0x21, 0x00, 0x0e, 0x91,
  0xca, 0x03, 0x00, 0x94, 0xfe, 0x07, 0x41, 0xf8, 0x00, 0x00, 0x80, 0xd2,
  0xc0, 0x03, 0x5f, 0xd6, 0x1f, 0x20, 0x03, 0xd5, 0x1f, 0x20, 0x03, 0xd5,
  0xfe, 0x0f, 0x1f, 0xf8, 0xa2, 0x03, 0x80, 0xd2, 0x01, 0x00, 0x00, 0xd0,
  0xe0, 0x1f, 0x80, 0xd2, 0x21, 0x80, 0x04, 0x91, 0xbf, 0x03, 0x00, 0x94,
  0xe2, 0x01, 0x80, 0xd2, 0x01, 0x00, 0x00, 0xd0, 0xe0, 0x1f, 0x80, 0xd2,
  0x21, 0x60, 0x0e, 0x91, 0xba, 0x03, 0x00, 0x94, 0xfe, 0x07, 0x41, 0xf8,
  0x00, 0x00, 0x80, 0xd2, 0xc0, 0x03, 0x5f, 0xd6, 0x1f, 0x20, 0x03, 0xd5,
  0x1f, 0x20, 0x03, 0xd5, 0xfe, 0x0f, 0x1f, 0xf8, 0xa2, 0x03, 0x80, 0xd2,
  0x01, 0x00, 0x00, 0xd0, 0xe0, 0x1f, 0x80, 0xd2, 0x21, 0x80, 0x04, 0x91,
  0xaf, 0x03, 0x00, 0x94, 0xe2, 0x01, 0x80, 0xd2, 0x01, 0x00, 0x00, 0xd0,
  0xe0, 0x1f, 0x80, 0xd2, 0x21, 0xa0, 0x0e, 0x91, 0xaa, 0x03, 0x00, 0x94,
  0xfe, 0x07, 0x41, 0xf8, 0x00, 0x00, 0x80, 0xd2, 0xc0, 0x03, 0x5f, 0xd6,
  0x1f, 0x20, 0x03, 0xd5, 0x1f, 0x20, 0x03, 0xd5, 0xfe, 0x0f, 0x1f, 0xf8,
  0xa2, 0x03, 0x80, 0xd2, 0x01, 0x00, 0x00, 0xd0, 0xe0, 0x1f, 0x80, 0xd2,
  0x21, 0x80, 0x04, 0x91, 0x9f, 0x03, 0x00, 0x94, 0x22, 0x02, 0x80, 0xd2,
  0x01, 0x00, 0x00, 0xd0, 0xe0, 0x1f, 0x80, 0xd2, 0x21, 0xe0, 0x0e, 0x91,
  0x9a, 0x03, 0x00, 0x94, 0xfe, 0x07, 0x41, 0xf8, 0x00, 0x00, 0x80, 0xd2,
  0xc0, 0x03, 0x5f, 0xd6, 0x1f, 0x20, 0x03, 0xd5, 0x1f, 0x20, 0x03, 0xd5,
  0xfe, 0x0f, 0x1f, 0xf8, 0xa2, 0x03, 0x80, 0xd2, 0x01, 0x00, 0x00, 0xd0,
  0xe0, 0x1f, 0x80, 0xd2, 0x21, 0x80, 0x04, 0x91, 0x8f, 0x03, 0x00, 0x94,
  0xe2, 0x01, 0x80, 0xd2, 0x01, 0x00, 0x00, 0xd0, 0xe0, 0x1f, 0x80, 0xd2,
  0x21, 0x40, 0x0f, 0x91, 0x8a, 0x03, 0x00, 0x94, 0xfe, 0x07, 0x41, 0xf8,
  0x00, 0x00, 0x80, 0xd2, 0xc0, 0x03, 0x5f, 0xd6, 0x1f, 0x20, 0x03, 0xd5,
  0x1f, 0x20, 0x03, 0xd5, 0xfe, 0x0f, 0x1f, 0xf8, 0xa2, 0x03, 0x80, 0xd2,
  0x01, 0x00, 0x00, 0xd0, 0xe0, 0x1f, 0x80, 0xd2, 0x21, 0x80, 0x04, 0x91,
  0x7f, 0x03, 0x00, 0x94, 0xe2, 0x01, 0x80, 0xd2, 0x01, 0x00, 0x00, 0xd0,
  0xe0, 0x1f, 0x80, 0xd2, 0x21, 0x80, 0x0f, 0x91, 0x7a, 0x03, 0x00, 0x94,
  0xfe, 0x07, 0x41, 0xf8, 0x00, 0x00, 0x80, 0xd2, 0xc0, 0x03, 0x5f, 0xd6,
  0x1f, 0x20, 0x03, 0xd5, 0x1f, 0x20, 0x03, 0xd5, 0xfe, 0x0f, 0x1f, 0xf8,
  0xa2, 0x03, 0x80, 0xd2, 0x01, 0x00, 0x00, 0xd0, 0xe0, 0x1f, 0x80, 0xd2,
  0x21, 0x80, 0x04, 0x91, 0x6f, 0x03, 0x00, 0x94, 0x82, 0x02, 0x80, 0xd2,
  0x01, 0x00, 0x00, 0xd0, 0xe0, 0x1f, 0x80, 0xd2, 0x21, 0xc0, 0x0f, 0x91,
  0x6a, 0x03, 0x00, 0x94, 0xfe, 0x07, 0x41, 0xf8, 0x00, 0x00, 0x80, 0xd2,
  0xc0, 0x03, 0x5f, 0xd6, 0x1f, 0x20, 0x03, 0xd5, 0x1f, 0x20, 0x03, 0xd5,
  0xfe, 0x0f, 0x1f, 0xf8, 0xa2, 0x03, 0x80, 0xd2, 0x01, 0x00, 0x00, 0xd0,
  0xe0, 0x1f, 0x80, 0xd2, 0x21, 0x80, 0x04, 0x91, 0x5f, 0x03, 0x00, 0x94,
  0x82, 0x02, 0x80, 0xd2, 0x01, 0x00, 0x00, 0xd0, 0xe0, 0x1f, 0x80, 0xd2,
  0x21, 0x20, 0x10, 0x91, 0x5a, 0x03, 0x00, 0x94, 0xfe, 0x07, 0x41, 0xf8,
  0x00, 0x00, 0x80, 0xd2, 0xc0, 0x03, 0x5f, 0xd6, 0x1f, 0x20, 0x03, 0xd5,
  0x1f, 0x20, 0x03, 0xd5, 0xfe, 0x0f, 0x1f, 0xf8, 0xa2, 0x03, 0x80, 0xd2,
  0x01, 0x00, 0x00, 0xd0, 0xe0, 0x1f, 0x80, 0xd2, 0x21, 0x80, 0x04, 0x91,
  0x4f, 0x03, 0x00, 0x94, 0xe2, 0x01, 0x80, 0xd2, 0x01, 0x00, 0x00, 0xd0,
  0xe0, 0x1f, 0x80, 0xd2, 0x21, 0x80, 0x10, 0x91, 0x4a, 0x03, 0x00, 0x94,
  0xfe, 0x07, 0x41, 0xf8, 0x00, 0x00, 0x80, 0xd2, 0xc0, 0x03, 0x5f, 0xd6,
  0x1f, 0x20, 0x03, 0xd5, 0x1f, 0x20, 0x03, 0xd5, 0xfe, 0x0f, 0x1f, 0xf8,
  0xa2, 0x03, 0x80, 0xd2, 0x01, 0x00, 0x00, 0xd0, 0xe0, 0x1f, 0x80, 0xd2,
  0x21, 0x80, 0x04, 0x91, 0x3f, 0x03, 0x00, 0x94, 0x42, 0x02, 0x80, 0xd2,
  0x01, 0x00, 0x00, 0xd0, 0xe0, 0x1f, 0x80, 0xd2, 0x21, 0xc0, 0x10, 0x91,
  0x3a, 0x03, 0x00, 0x94, 0xfe, 0x07, 0x41, 0xf8, 0x00, 0x00, 0x80, 0xd2,
  0xc0, 0x03, 0x5f, 0xd6, 0x1f, 0x20, 0x03, 0xd5, 0x1f, 0x20, 0x03, 0xd5,
  0xfe, 0x0f, 0x1f, 0xf8, 0xa2, 0x03, 0x80, 0xd2, 0x01, 0x00, 0x00, 0xd0,
  0xe0, 0x1f, 0x80, 0xd2, 0x21, 0x80, 0x04, 0x91, 0x2f, 0x03, 0x00, 0x94,
  0xc2, 0x01, 0x80, 0xd2, 0x01, 0x00, 0x00, 0xd0, 0xe0, 0x1f, 0x80, 0xd2,
  0x21, 0x20, 0x11, 0x91, 0x2a, 0x03, 0x00, 0x94, 0xfe, 0x07, 0x41, 0xf8,
  0x00, 0x00, 0x80, 0xd2, 0xc0, 0x03, 0x5f, 0xd6, 0x1f, 0x20, 0x03, 0xd5,
  0x1f, 0x20, 0x03, 0xd5, 0xfe, 0x0f, 0x1f, 0xf8, 0xa2, 0x03, 0x80, 0xd2,
  0x01, 0x00, 0x00, 0xd0, 0xe0, 0x1f, 0x80, 0xd2, 0x21, 0x80, 0x04, 0x91,
  0x1f, 0x03, 0x00, 0x94, 0x02, 0x02, 0x80, 0xd2, 0x01, 0x00, 0x00, 0xb0,
  0xe0, 0x1f, 0x80, 0xd2, 0x21, 0x60, 0x11, 0x91, 0x1a, 0x03, 0x00, 0x94,
  0xfe, 0x07, 0x41, 0xf8, 0x00, 0x00, 0x80, 0xd2, 0xc0, 0x03, 0x5f, 0xd6,
  0x1f, 0x20, 0x03, 0xd5, 0x1f, 0x20, 0x03, 0xd5, 0xfe, 0x0f, 0x1f, 0xf8,
  0xa2, 0x03, 0x80, 0xd2, 0x01, 0x00, 0x00, 0xb0, 0xe0, 0x1f, 0x80, 0xd2,
  0x21, 0x80, 0x04, 0x91, 0x0f, 0x03, 0x00, 0x94, 0xc2, 0x01, 0x80, 0xd2,
  0x01, 0x00, 0x00, 0xb0, 0xe0, 0x1f, 0x80, 0xd2, 0x21, 0xa0, 0x11, 0x91,
  0x0a, 0x03, 0x00, 0x94, 0xfe, 0x07, 0x41, 0xf8, 0x00, 0x00, 0x80, 0xd2,
  0xc0, 0x03, 0x5f, 0xd6, 0x1f, 0x20, 0x03, 0xd5, 0x1f, 0x20, 0x03, 0xd5,
  0xfe, 0x0f, 0x1f, 0xf8, 0xa2, 0x03, 0x80, 0xd2, 0x01, 0x00, 0x00, 0xb0,
  0xe0, 0x1f, 0x80, 0xd2, 0x21, 0x80, 0x04, 0x91, 0xff, 0x02, 0x00, 0x94,
  0x02, 0x02, 0x80, 0xd2, 0x01, 0x00, 0x00, 0xb0, 0xe0, 0x1f, 0x80, 0xd2,
  0x21, 0xe0, 0x11, 0x91, 0xfa, 0x02, 0x00, 0x94, 0xfe, 0x07, 0x41, 0xf8,
  0x00, 0x00, 0x80, 0xd2, 0xc0, 0x03, 0x5f, 0xd6, 0x1f, 0x20, 0x03, 0xd5,
  0x1f, 0x20, 0x03, 0xd5, 0xfe, 0x0f, 0x1f, 0xf8, 0xa2, 0x03, 0x80, 0xd2,
  0x01, 0x00, 0x00, 0xb0, 0xe0, 0x1f, 0x80, 0xd2, 0x21, 0x80, 0x04, 0x91,
  0xef, 0x02, 0x00, 0x94, 0x42, 0x02, 0x80, 0xd2, 0x01, 0x00, 0x00, 0xb0,
  0xe0, 0x1f, 0x80, 0xd2, 0x21, 0x20, 0x12, 0x91, 0xea, 0x02, 0x00, 0x94,
  0xfe, 0x07, 0x41, 0xf8, 0x00, 0x00, 0x80, 0xd2, 0xc0, 0x03, 0x5f, 0xd6,
  0x1f, 0x20, 0x03, 0xd5, 0x1f, 0x20, 0x03, 0xd5, 0xfe, 0x0f, 0x1f, 0xf8,
  0xa2, 0x03, 0x80, 0xd2, 0x01, 0x00, 0x00, 0xb0, 0xe0, 0x1f, 0x80, 0xd2,
  0x21, 0x80, 0x04, 0x91, 0xdf, 0x02, 0x00, 0x94, 0xc2, 0x01, 0x80, 0xd2,
  0x01, 0x00, 0x00, 0xb0, 0xe0, 0x1f, 0x80, 0xd2, 0x21, 0x80, 0x12, 0x91,
  0xda, 0x02, 0x00, 0x94, 0xfe, 0x07, 0x41, 0xf8, 0x00, 0x00, 0x80, 0xd2,
  0xc0, 0x03, 0x5f, 0xd6, 0x1f, 0x20, 0x03, 0xd5, 0x1f, 0x20, 0x03, 0xd5,
  0xfe, 0x0f, 0x1f, 0xf8, 0xa2, 0x03, 0x80, 0xd2, 0x01, 0x00, 0x00, 0xb0,
  0xe0, 0x1f, 0x80, 0xd2, 0x21, 0x80, 0x04, 0x91, 0xcf, 0x02, 0x00, 0x94,
  0xc2, 0x02, 0x80, 0xd2, 0x01, 0x00, 0x00, 0xb0, 0xe0, 0x1f, 0x80, 0xd2,
  0x21, 0xc0, 0x12, 0x91, 0xca, 0x02, 0x00, 0x94, 0xfe, 0x07, 0x41, 0xf8,
  0x00, 0x00, 0x80, 0xd2, 0xc0, 0x03, 0x5f, 0xd6, 0x1f, 0x20, 0x03, 0xd5,
  0x1f, 0x20, 0x03, 0xd5, 0xfe, 0x0f, 0x1f, 0xf8, 0xa2, 0x03, 0x80, 0xd2,
  0x01, 0x00, 0x00, 0xb0, 0xe0, 0x1f, 0x80, 0xd2, 0x21, 0x80, 0x04, 0x91,
  0xbf, 0x02, 0x00, 0x94, 0x22, 0x02, 0x80, 0xd2, 0x01, 0x00, 0x00, 0xb0,
  0xe0, 0x1f, 0x80, 0xd2, 0x21, 0x20, 0x13, 0x91, 0xba, 0x02, 0x00, 0x94,
  0xfe, 0x07, 0x41, 0xf8, 0x00, 0x00, 0x80, 0xd2, 0xc0, 0x03, 0x5f, 0xd6,
  0x1f, 0x20, 0x03, 0xd5, 0x1f, 0x20, 0x03, 0xd5, 0xfe, 0x0f, 0x1f, 0xf8,
  0xa2, 0x03, 0x80, 0xd2, 0x01, 0x00, 0x00, 0xb0, 0xe0, 0x1f, 0x80, 0xd2,
  0x21, 0x80, 0x04, 0x91, 0xaf, 0x02, 0x00, 0x94, 0x22, 0x02, 0x80, 0xd2,
  0x01, 0x00, 0x00, 0xb0, 0xe0, 0x1f, 0x80, 0xd2, 0x21, 0x80, 0x13, 0x91,
  0xaa, 0x02, 0x00, 0x94, 0xfe, 0x07, 0x41, 0xf8, 0x00, 0x00, 0x80, 0xd2,
  0xc0, 0x03, 0x5f, 0xd6, 0x1f, 0x20, 0x03, 0xd5, 0x1f, 0x20, 0x03, 0xd5,
  0xfe, 0x0f, 0x1f, 0xf8, 0xa2, 0x03, 0x80, 0xd2, 0x01, 0x00, 0x00, 0xb0,
  0xe0, 0x1f, 0x80, 0xd2, 0x21, 0x80, 0x04, 0x91, 0x9f, 0x02, 0x00, 0x94,
  0x82, 0x02, 0x80, 0xd2, 0x01, 0x00, 0x00, 0xb0, 0xe0, 0x1f, 0x80, 0xd2,
  0x21, 0xe0, 0x13, 0x91, 0x9a, 0x02, 0x00, 0x94, 0xfe, 0x07, 0x41, 0xf8,
  0x00, 0x00, 0x80, 0xd2, 0xc0, 0x03, 0x5f, 0xd6, 0x1f, 0x20, 0x03, 0xd5,
  0x1f, 0x20, 0x03, 0xd5, 0xfe, 0x0f, 0x1f, 0xf8, 0xa2, 0x03, 0x80, 0xd2,
  0x01, 0x00, 0x00, 0xb0, 0xe0, 0x1f, 0x80, 0xd2, 0x21, 0x80, 0x04, 0x91,
  0x8f, 0x02, 0x00, 0x94, 0xc2, 0x02, 0x80, 0xd2, 0x01, 0x00, 0x00, 0xb0,
  0xe0, 0x1f, 0x80, 0xd2, 0x21, 0x40, 0x14, 0x91, 0x8a, 0x02, 0x00, 0x94,
  0xfe, 0x07, 0x41, 0xf8, 0x00, 0x00, 0x80, 0xd2, 0xc0, 0x03, 0x5f, 0xd6,
  0x1f, 0x20, 0x03, 0xd5, 0x1f, 0x20, 0x03, 0xd5, 0x1f, 0x40, 0x06, 0xf1,
  0x09, 0x01, 0x00, 0x54, 0xa2, 0x00, 0x80, 0xd2, 0xc1, 0xff, 0xff, 0xf0,
  0xe2, 0x01, 0xa0, 0xf2, 0x1f, 0x00, 0x02, 0xeb, 0x20, 0x80, 0x2a, 0x91,
  0x00, 0x00, 0x9f, 0x9a, 0xc0, 0x03, 0x5f, 0xd6, 0x01, 0x00, 0x00, 0xd0,
  0x21, 0x40, 0x0f, 0x91, 0x20, 0x78, 0x60, 0xf8, 0xc0, 0x03, 0x5f, 0xd6,
  0x1f, 0x20, 0x03, 0xd5, 0x1f, 0x20, 0x03, 0xd5, 0x1f, 0x20, 0x03, 0xd5,
  0xe9, 0x03, 0x01, 0xaa, 0xe8, 0x03, 0x00, 0xaa, 0xe1, 0x03, 0x02, 0xaa,
  0xe2, 0x03, 0x03, 0xaa, 0xe3, 0x03, 0x04, 0xaa, 0xe4, 0x03, 0x05, 0xaa,
  0xe5, 0x03, 0x06, 0xaa, 0xe6, 0x03, 0x07, 0xaa, 0x1f, 0x40, 0x06, 0xf1,
  0xc9, 0x01, 0x00, 0x54, 0x08, 0xc0, 0x43, 0xd1, 0x00, 0x00, 0x80, 0xd2,
  0x08, 0x15, 0x00, 0xf1, 0x21, 0x01, 0x00, 0x54, 0xc7, 0xff, 0xff, 0xf0,
  0xe7, 0x80, 0x2a, 0x91, 0xfe, 0x0f, 0x1f, 0xf8, 0xe0, 0x03, 0x09, 0xaa,
  0xe0, 0x00, 0x3f, 0xd6, 0x00, 0x7c, 0x40, 0x93, 0xfe, 0x07, 0x41, 0xf8,
  0xc0, 0x03, 0x5f, 0xd6, 0xc0, 0x03, 0x5f, 0xd6, 0x00, 0x00, 0x00, 0xd0,
  0x00, 0x40, 0x0f, 0x91, 0x07, 0x78, 0x68, 0xf8, 0xc7, 0xfe, 0xff, 0xb5,
  0x00, 0x00, 0x80, 0xd2, 0xc0, 0x03, 0x5f, 0xd6, 0x1f, 0x20, 0x03, 0xd5,
  0x1f, 0x20, 0x03, 0xd5, 0x1f, 0x20, 0x03, 0xd5, 0xf3, 0x53, 0xbe, 0xa9,
  0x41, 0xd0, 0x3b, 0xd5, 0x34, 0x80, 0x55, 0xb8, 0x01, 0x8c, 0x40, 0xb9,
  0xfe, 0x0f, 0x00, 0xf9, 0x21, 0x78, 0x01, 0x12, 0x3f, 0x00, 0x14, 0x6b,
  0x80, 0x06, 0x00, 0x54, 0x13, 0x30, 0x02, 0x91, 0x03, 0x00, 0x00, 0x14,
  0x74, 0xfe, 0x00, 0x88, 0x80, 0x05, 0x00, 0x34, 0x60, 0xfe, 0x5f, 0x88,
  0xa0, 0xff, 0xff, 0x34, 0xf5, 0x0b, 0x00, 0xf9, 0xbf, 0x3b, 0x03, 0xd5,
  0x94, 0x02, 0x02, 0x32, 0x03, 0x00, 0x00, 0x14, 0x74, 0xfe, 0x00, 0x88,
  0x60, 0x04, 0x00, 0x34, 0x60, 0xfe, 0x5f, 0x88, 0xa0, 0xff, 0xff, 0x34,
  0xbf, 0x3b, 0x03, 0xd5, 0x15, 0x00, 0x02, 0x32, 0x20, 0x03, 0xf0, 0x36,
  0x00, 0x1e, 0x80, 0xd2, 0xb6, 0xff, 0xff, 0x97, 0xe4, 0x03, 0x00, 0xaa,
  0x00, 0xff, 0xff, 0xb4, 0xb5, 0x7e, 0x40, 0x93, 0xe0, 0x03, 0x13, 0xaa,
  0xe2, 0x03, 0x15, 0xaa, 0x03, 0x00, 0x80, 0xd2, 0x01, 0x10, 0x80, 0xd2,
  0x80, 0x00, 0x3f, 0xd6, 0x1f, 0x98, 0x00, 0xb1, 0x01, 0xfe, 0xff, 0x54,
  0x00, 0x1e, 0x80, 0xd2, 0xaa, 0xff, 0xff, 0x97, 0xe4, 0x03, 0x00, 0xaa,
  0x80, 0xfd, 0xff, 0xb4, 0xe2, 0x03, 0x15, 0xaa, 0xe0, 0x03, 0x13, 0xaa,
  0x03, 0x00, 0x80, 0xd2, 0x01, 0x00, 0x80, 0xd2, 0x80, 0x00, 0x3f, 0xd6,
  0xe6, 0xff, 0xff, 0x17, 0x75, 0xfe, 0x01, 0x88, 0x21, 0xfd, 0xff, 0x34,
  0x61, 0xfe, 0x5f, 0x88, 0x3f, 0x00, 0x00, 0x6b, 0x80, 0xff, 0xff, 0x54,
  0xbf, 0x3b, 0x03, 0xd5, 0xdf, 0xff, 0xff, 0x17, 0xf5, 0x0b, 0x40, 0xf9,
  0x20, 0x00, 0x80, 0x52, 0xfe, 0x0f, 0x40, 0xf9, 0xf3, 0x53, 0xc2, 0xa8,
  0xc0, 0x03, 0x5f, 0xd6, 0xfe, 0x0f, 0x40, 0xf9, 0x00, 0x00, 0x80, 0x52,
  0xf3, 0x53, 0xc2, 0xa8, 0xc0, 0x03, 0x5f, 0xd6, 0x1f, 0x20, 0x03, 0xd5,
  0xf3, 0x7b, 0xbf, 0xa9, 0x13, 0x30, 0x02, 0x91, 0x01, 0x00, 0x80, 0x52,
  0x1f, 0x20, 0x03, 0xd5, 0x62, 0xfe, 0x5f, 0x88, 0x61, 0xfe, 0x00, 0x88,
  0xc0, 0xff, 0xff, 0x35, 0x62, 0x00, 0xf0, 0x37, 0xf3, 0x7b, 0xc1, 0xa8,
  0xc0, 0x03, 0x5f, 0xd6, 0x00, 0x1e, 0x80, 0xd2, 0x85, 0xff, 0xff, 0x97,
  0xe3, 0x03, 0x00, 0xaa, 0x60, 0xff, 0xff, 0xb4, 0xe0, 0x03, 0x13, 0xaa,
  0x22, 0x00, 0x80, 0xd2, 0x21, 0x10, 0x80, 0xd2, 0x60, 0x00, 0x3f, 0xd6,
  0x1f, 0x98, 0x00, 0xb1, 0xa1, 0xfe, 0xff, 0x54, 0x00, 0x1e, 0x80, 0xd2,
  0x7b, 0xff, 0xff, 0x97, 0xe3, 0x03, 0x00, 0xaa, 0x20, 0xfe, 0xff, 0xb4,
  0xe0, 0x03, 0x13, 0xaa, 0x22, 0x00, 0x80, 0xd2, 0xf3, 0x7b, 0xc1, 0xa8,
  0xe1, 0x03, 0x02, 0xaa, 0xf0, 0x03, 0x03, 0xaa, 0x00, 0x02, 0x1f, 0xd6,
  0x1f, 0x20, 0x03, 0xd5, 0x1f, 0x20, 0x03, 0xd5, 0xf3, 0x7b, 0xbe, 0xa9,
  0xf3, 0x03, 0x00, 0xaa, 0xe1, 0x7f, 0x00, 0x39, 0x01, 0x10, 0x40, 0xf9,
  0xe1, 0x02, 0x00, 0xb4, 0x62, 0x16, 0x40, 0xf9, 0x5f, 0x00, 0x01, 0xeb,
  0xa0, 0x00, 0x00, 0x54, 0xe0, 0x7f, 0x40, 0x39, 0x61, 0x92, 0x40, 0xb9,
  0x1f, 0x00, 0x01, 0x6b, 0x61, 0x01, 0x00, 0x54, 0x63, 0x26, 0x40, 0xf9,
  0xe0, 0x03, 0x13, 0xaa, 0xe1, 0x7f, 0x00, 0x91, 0x22, 0x00, 0x80, 0xd2,
  0x60, 0x00, 0x3f, 0xd6, 0x1f, 0x04, 0x00, 0xf1, 0xa1, 0x01, 0x00, 0x54,
  0xe0, 0x7f, 0x40, 0x39, 0xf3, 0x7b, 0xc2, 0xa8, 0xc0, 0x03, 0x5f, 0xd6,
  0x41, 0x04, 0x00, 0x91, 0x61, 0x16, 0x00, 0xf9, 0x40, 0x00, 0x00, 0x39,
  0xf3, 0x7b, 0xc2, 0xa8, 0xc0, 0x03, 0x5f, 0xd6, 0x61, 0x00, 0x00, 0x94,
  0x60, 0x00, 0x00, 0x35, 0x61, 0x12, 0x40, 0xf9, 0xe7, 0xff, 0xff, 0x17,
  0x00, 0x00, 0x80, 0x12, 0xf4, 0xff, 0xff, 0x17, 0x1f, 0x20, 0x03, 0xd5,
  0x1f, 0x20, 0x03, 0xd5, 0x1f, 0x20, 0x03, 0xd5, 0xc0, 0x03, 0x5f, 0xd6,
  0x1f, 0x20, 0x03, 0xd5, 0x1f, 0x20, 0x03, 0xd5, 0x1f, 0x20, 0x03, 0xd5,
  0xf3, 0x7b, 0xbf, 0xa9, 0x00, 0x78, 0x40, 0xb9, 0xfa, 0xff, 0xff, 0x97,
  0xf3, 0x03, 0x00, 0x2a, 0xc0, 0x00, 0x80, 0xd2, 0x43, 0xff, 0xff, 0x97,
  0xe0, 0x00, 0x00, 0xb4, 0xe1, 0x03, 0x00, 0xaa, 0x60, 0x7e, 0x40, 0x93,
  0x20, 0x00, 0x3f, 0xd6, 0xce, 0x01, 0x00, 0x94, 0xf3, 0x7b, 0xc1, 0xa8,
  0xc0, 0x03, 0x5f, 0xd6, 0x00, 0x00, 0x80, 0xd2, 0xca, 0x01, 0x00, 0x94,
  0xf3, 0x7b, 0xc1, 0xa8, 0xc0, 0x03, 0x5f, 0xd6, 0x1f, 0x20, 0x03, 0xd5,
  0x1f, 0x20, 0x03, 0xd5, 0x1f, 0x20, 0x03, 0xd5, 0xe3, 0x03, 0x00, 0xaa,
  0xf3, 0x53, 0xbd, 0xa9, 0x80, 0x11, 0x80, 0xd2, 0xf3, 0x03, 0x01, 0xaa,
  0xf4, 0x03, 0x02, 0x2a, 0xf5, 0x7b, 0x01, 0xa9, 0x75, 0x78, 0x40, 0xb9,
  0x2d, 0xff, 0xff, 0x97, 0xe5, 0x03, 0x00, 0xaa, 0x00, 0x00, 0x80, 0xd2,
  0xe5, 0x00, 0x00, 0xb4, 0x84, 0x7e, 0x40, 0x93, 0xa0, 0x7e, 0x40, 0x93,
  0xe3, 0xa3, 0x00, 0x91, 0xe2, 0x03, 0x13, 0xaa, 0x61, 0xfe, 0x60, 0x93,
  0xa0, 0x00, 0x3f, 0xd6, 0xb3, 0x01, 0x00, 0x94, 0x1f, 0x00, 0x00, 0xf1,
  0xe1, 0x17, 0x40, 0xf9, 0xf5, 0x7b, 0x41, 0xa9, 0x20, 0xa0, 0x9f, 0xda,
  0xf3, 0x53, 0xc3, 0xa8, 0xc0, 0x03, 0x5f, 0xd6, 0xf3, 0x53, 0xbc, 0xa9,
  0xf3, 0x03, 0x00, 0xaa, 0xf4, 0x03, 0x01, 0xaa, 0xf5, 0x5b, 0x01, 0xa9,
  0x03, 0x00, 0x00, 0x90, 0x61, 0x02, 0x40, 0xb9, 0xfe, 0x13, 0x00, 0xf9,
  0x60, 0xc0, 0x36, 0x91, 0x60, 0x26, 0x00, 0xf9, 0xf5, 0x03, 0x02, 0xaa,
  0x21, 0x01, 0x30, 0x36, 0xe2, 0x03, 0x15, 0xaa, 0xe1, 0x03, 0x14, 0xaa,
  0xe0, 0x03, 0x13, 0xaa, 0xde, 0x01, 0x00, 0x94, 0xf5, 0x5b, 0x41, 0xa9,
  0xfe, 0x13, 0x40, 0xf9, 0xf3, 0x53, 0xc4, 0xa8, 0xc0, 0x03, 0x5f, 0xd6,
  0x76, 0x7a, 0x40, 0xb9, 0xc0, 0x06, 0x80, 0xd2, 0x07, 0xff, 0xff, 0x97,
  0xe3, 0x03, 0x00, 0xaa, 0x80, 0xfe, 0xff, 0xb4, 0xc0, 0x7e, 0x40, 0x93,
  0xe2, 0xe3, 0x00, 0x91, 0x61, 0x82, 0x8a, 0xd2, 0x60, 0x00, 0x3f, 0xd6,
  0xe0, 0xfd, 0xff, 0xb4, 0x00, 0x00, 0x80, 0x12, 0x60, 0x92, 0x00, 0xb9,
  0xe2, 0x03, 0x15, 0xaa, 0xe1, 0x03, 0x14, 0xaa, 0xe0, 0x03, 0x13, 0xaa,
  0xca, 0x01, 0x00, 0x94, 0xf5, 0x5b, 0x41, 0xa9, 0xfe, 0x13, 0x40, 0xf9,
  0xf3, 0x53, 0xc4, 0xa8, 0xc0, 0x03, 0x5f, 0xd6, 0x1f, 0x20, 0x03, 0xd5,
  0x02, 0x88, 0x40, 0xb9, 0xe1, 0x03, 0x00, 0xaa, 0x03, 0x00, 0x40, 0xb9,
  0x40, 0x04, 0x00, 0x51, 0x00, 0x00, 0x02, 0x2a, 0x20, 0x88, 0x00, 0xb9,
  0x03, 0x01, 0x18, 0x37, 0x22, 0x8c, 0x45, 0xa9, 0x00, 0x00, 0x80, 0x52,
  0x3f, 0xfc, 0x00, 0xa9, 0x22, 0x1c, 0x00, 0xf9, 0x43, 0x00, 0x03, 0x8b,
  0x23, 0x08, 0x02, 0xa9, 0xc0, 0x03, 0x5f, 0xd6, 0x63, 0x00, 0x1b, 0x32,
  0x00, 0x00, 0x80, 0x12, 0x23, 0x00, 0x00, 0xb9, 0xc0, 0x03, 0x5f, 0xd6,
  0x1f, 0x20, 0x03, 0xd5, 0x1f, 0x20, 0x03, 0xd5, 0x9c, 0x01, 0x00, 0x14,
  0x1f, 0x20, 0x03, 0xd5, 0x1f, 0x20, 0x03, 0xd5, 0x1f, 0x20, 0x03, 0xd5,
  0xf3, 0x53, 0xbe, 0xa9, 0xf4, 0x03, 0x00, 0xaa, 0xf5, 0x7b, 0x01, 0xa9,
  0xf5, 0x03, 0x01, 0xaa, 0x0c, 0x01, 0x00, 0x94, 0xf3, 0x03, 0x00, 0xaa,
  0xe3, 0x03, 0x15, 0xaa, 0xe2, 0x03, 0x13, 0xaa, 0xe0, 0x03, 0x14, 0xaa,
  0x21, 0x00, 0x80, 0xd2, 0x46, 0x00, 0x00, 0x94, 0x1f, 0x00, 0x13, 0xeb,
  0xf5, 0x7b, 0x41, 0xa9, 0xe0, 0x03, 0x9f, 0x5a, 0xf3, 0x53, 0xc2, 0xa8,
  0xc0, 0x03, 0x5f, 0xd6, 0xf3, 0x53, 0xbd, 0xa9, 0xf4, 0x03, 0x00, 0xaa,
  0xf5, 0x5b, 0x01, 0xa9, 0xf6, 0x03, 0x01, 0xaa, 0xf5, 0x03, 0x02, 0xaa,
  0x41, 0x10, 0x40, 0xf9, 0xfe, 0x13, 0x00, 0xf9, 0xe1, 0x05, 0x00, 0xb4,
  0xa0, 0x16, 0x40, 0xf9, 0x21, 0x00, 0x00, 0xcb, 0x3f, 0x00, 0x16, 0xeb,
  0xe3, 0x02, 0x00, 0x54, 0xa1, 0x92, 0x40, 0xb9, 0xf3, 0x03, 0x16, 0xaa,
  0x01, 0x02, 0xf8, 0x36, 0xe1, 0x03, 0x14, 0xaa, 0xe2, 0x03, 0x13, 0xaa,
  0x5f, 0x00, 0x00, 0x94, 0xa1, 0x16, 0x40, 0xf9, 0xe0, 0x03, 0x16, 0xaa,
  0x21, 0x00, 0x13, 0x8b, 0xa1, 0x16, 0x00, 0xf9, 0xf5, 0x5b, 0x41, 0xa9,
  0xfe, 0x13, 0x40, 0xf9, 0xf3, 0x53, 0xc3, 0xa8, 0xc0, 0x03, 0x5f, 0xd6,
  0x84, 0x6a, 0x63, 0x38, 0x9f, 0x28, 0x00, 0x71, 0xe0, 0x01, 0x00, 0x54,
  0xf3, 0x03, 0x03, 0xaa, 0x63, 0x06, 0x00, 0xd1, 0x73, 0xff, 0xff, 0xb5,
  0xf3, 0x03, 0x16, 0xaa, 0xee, 0xff, 0xff, 0x17, 0xfe, 0x13, 0x40, 0xf9,
  0xe2, 0x03, 0x16, 0xaa, 0xa3, 0x26, 0x40, 0xf9, 0xe1, 0x03, 0x14, 0xaa,
  0xe0, 0x03, 0x15, 0xaa, 0xf5, 0x5b, 0x41, 0xa9, 0xf0, 0x03, 0x03, 0xaa,
  0xf3, 0x53, 0xc3, 0xa8, 0x00, 0x02, 0x1f, 0xd6, 0xa3, 0x26, 0x40, 0xf9,
  0xe2, 0x03, 0x13, 0xaa, 0xe1, 0x03, 0x14, 0xaa, 0xe0, 0x03, 0x15, 0xaa,
  0x60, 0x00, 0x3f, 0xd6, 0x7f, 0x02, 0x00, 0xeb, 0xa8, 0xfc, 0xff, 0x54,
  0xa0, 0x16, 0x40, 0xf9, 0x94, 0x02, 0x13, 0x8b, 0xd3, 0x02, 0x13, 0xcb,
  0xda, 0xff, 0xff, 0x17, 0xe0, 0x03, 0x02, 0xaa, 0xa1, 0xff, 0xff, 0x97,
  0x60, 0x00, 0x00, 0x35, 0xa1, 0x12, 0x40, 0xf9, 0xce, 0xff, 0xff, 0x17,
  0x00, 0x00, 0x80, 0xd2, 0xda, 0xff, 0xff, 0x17, 0x1f, 0x20, 0x03, 0xd5,
  0x1f, 0x20, 0x03, 0xd5, 0x1f, 0x20, 0x03, 0xd5, 0xf3, 0x53, 0xbc, 0xa9,
  0x3f, 0x00, 0x00, 0xf1, 0xf4, 0x03, 0x03, 0xaa, 0xf5, 0x5b, 0x01, 0xa9,
  0xf5, 0x03, 0x01, 0xaa, 0x53, 0x10, 0x9f, 0x9a, 0xf7, 0x63, 0x02, 0xa9,
  0x37, 0x7c, 0x02, 0x9b, 0x61, 0x8c, 0x40, 0xb9, 0xfe, 0x1b, 0x00, 0xf9,
  0xc1, 0x01, 0xf8, 0x36, 0xe2, 0x03, 0x03, 0xaa, 0xe1, 0x03, 0x17, 0xaa,
  0xb3, 0xff, 0xff, 0x97, 0xf6, 0x03, 0x00, 0xaa, 0xe0, 0x03, 0x13, 0xaa,
  0xff, 0x02, 0x16, 0xeb, 0x40, 0x00, 0x00, 0x54, 0xc0, 0x0a, 0xd5, 0x9a,
  0xf5, 0x5b, 0x41, 0xa9, 0xf7, 0x63, 0x42, 0xa9, 0xfe, 0x1b, 0x40, 0xf9,
  0xf3, 0x53, 0xc4, 0xa8, 0xc0, 0x03, 0x5f, 0xd6, 0xf6, 0x03, 0x00, 0xaa,
  0xe0, 0x03, 0x03, 0xaa, 0xa2, 0xfe, 0xff, 0x97, 0xf8, 0x03, 0x00, 0x2a,
  0xe2, 0x03, 0x14, 0xaa, 0xe0, 0x03, 0x16, 0xaa, 0xe1, 0x03, 0x17, 0xaa,
  0xa1, 0xff, 0xff, 0x97, 0xf6, 0x03, 0x00, 0xaa, 0xd8, 0xfd, 0xff, 0x34,
  0xe0, 0x03, 0x14, 0xaa, 0xd9, 0xfe, 0xff, 0x97, 0xeb, 0xff, 0xff, 0x17,
  0x1f, 0x20, 0x03, 0xd5, 0x1f, 0x20, 0x03, 0xd5, 0x1f, 0x20, 0x03, 0xd5,
  0x1f, 0x20, 0x03, 0xd5, 0x1f, 0x20, 0x03, 0xd5, 0x1f, 0x20, 0x03, 0xd5,
  0x1f, 0x20, 0x03, 0xd5, 0x1f, 0x20, 0x03, 0xd5, 0x1f, 0x20, 0x03, 0xd5,
  0x1f, 0x20, 0x03, 0xd5, 0x1f, 0x20, 0x03, 0xd5, 0x5f, 0x24, 0x03, 0xd5,
  0x24, 0x00, 0x02, 0x8b, 0x05, 0x00, 0x02, 0x8b, 0x5f, 0x00, 0x02, 0xf1,
  0x88, 0x07, 0x00, 0x54, 0x5f, 0x80, 0x00, 0xf1, 0xc8, 0x03, 0x00, 0x54,
  0x5f, 0x40, 0x00, 0xf1, 0xc3, 0x00, 0x00, 0x54, 0x26, 0x1c, 0x40, 0xa9,
  0x8c, 0x34, 0x7f, 0xa9, 0x06, 0x1c, 0x00, 0xa9, 0xac, 0x34, 0x3f, 0xa9,
  0xc0, 0x03, 0x5f, 0xd6, 0xc2, 0x00, 0x18, 0x36, 0x26, 0x00, 0x40, 0xf9,
  0x87, 0x80, 0x5f, 0xf8, 0x06, 0x00, 0x00, 0xf9, 0xa7, 0x80, 0x1f, 0xf8,
  0xc0, 0x03, 0x5f, 0xd6, 0xc2, 0x00, 0x10, 0x36, 0x26, 0x00, 0x40, 0xb9,
  0x88, 0xc0, 0x5f, 0xb8, 0x06, 0x00, 0x00, 0xb9, 0xa8, 0xc0, 0x1f, 0xb8,
  0xc0, 0x03, 0x5f, 0xd6, 0x02, 0x01, 0x00, 0xb4, 0x4e, 0xfc, 0x41, 0xd3,
  0x26, 0x00, 0x40, 0x39, 0x8a, 0xf0, 0x5f, 0x38, 0x28, 0x68, 0x6e, 0x38,
  0x06, 0x00, 0x00, 0x39, 0x08, 0x68, 0x2e, 0x38, 0xaa, 0xf0, 0x1f, 0x38,
  0xc0, 0x03, 0x5f, 0xd6, 0x1f, 0x20, 0x03, 0xd5, 0x26, 0x1c, 0x40, 0xa9,
  0x28, 0x24, 0x41, 0xa9, 0x8a, 0x2c, 0x7e, 0xa9, 0x8c, 0x34, 0x7f, 0xa9,
  0x5f, 0x00, 0x01, 0xf1, 0xe8, 0x00, 0x00, 0x54, 0x06, 0x1c, 0x00, 0xa9,
  0x08, 0x24, 0x01, 0xa9, 0xaa, 0x2c, 0x3e, 0xa9, 0xac, 0x34, 0x3f, 0xa9,
  0xc0, 0x03, 0x5f, 0xd6, 0x1f, 0x20, 0x03, 0xd5, 0x2e, 0x3c, 0x42, 0xa9,
  0x30, 0x44, 0x43, 0xa9, 0x5f, 0x80, 0x01, 0xf1, 0xa9, 0x00, 0x00, 0x54,
  0x82, 0x0c, 0x7c, 0xa9, 0x81, 0x10, 0x7d, 0xa9, 0xa2, 0x0c, 0x3c, 0xa9,
  0xa1, 0x10, 0x3d, 0xa9, 0x06, 0x1c, 0x00, 0xa9, 0x08, 0x24, 0x01, 0xa9,
  0x0e, 0x3c, 0x02, 0xa9, 0x10, 0x44, 0x03, 0xa9, 0xaa, 0x2c, 0x3e, 0xa9,
  0xac, 0x34, 0x3f, 0xa9, 0xc0, 0x03, 0x5f, 0xd6, 0x1f, 0x20, 0x03, 0xd5,
  0x0e, 0x00, 0x01, 0xcb, 0x2e, 0xfc, 0xff, 0xb4, 0xdf, 0x01, 0x02, 0xeb,
  0xa3, 0x04, 0x00, 0x54, 0x2c, 0x34, 0x40, 0xa9, 0x0e, 0x0c, 0x40, 0x92,
  0x03, 0xec, 0x7c, 0x92, 0x21, 0x00, 0x0e, 0xcb, 0x42, 0x00, 0x0e, 0x8b,
  0x26, 0x1c, 0x41, 0xa9, 0x0c, 0x34, 0x00, 0xa9, 0x28, 0x24, 0x42, 0xa9,
  0x2a, 0x2c, 0x43, 0xa9, 0x2c, 0x34, 0xc4, 0xa9, 0x42, 0x40, 0x02, 0xf1,
  0x69, 0x01, 0x00, 0x54, 0x66, 0x1c, 0x01, 0xa9, 0x26, 0x1c, 0x41, 0xa9,
  0x68, 0x24, 0x02, 0xa9, 0x28, 0x24, 0x42, 0xa9, 0x6a, 0x2c, 0x03, 0xa9,
  0x2a, 0x2c, 0x43, 0xa9, 0x6c, 0x34, 0x84, 0xa9, 0x2c, 0x34, 0xc4, 0xa9,
  0x42, 0x00, 0x01, 0xf1, 0xe8, 0xfe, 0xff, 0x54, 0x8e, 0x3c, 0x7c, 0xa9,
  0x66, 0x1c, 0x01, 0xa9, 0x86, 0x1c, 0x7d, 0xa9, 0x68, 0x24, 0x02, 0xa9,
  0x88, 0x24, 0x7e, 0xa9, 0x6a, 0x2c, 0x03, 0xa9, 0x8a, 0x2c, 0x7f, 0xa9,
  0x6c, 0x34, 0x04, 0xa9, 0xae, 0x3c, 0x3c, 0xa9, 0xa6, 0x1c, 0x3d, 0xa9,
  0xa8, 0x24, 0x3e, 0xa9, 0xaa, 0x2c, 0x3f, 0xa9, 0xc0, 0x03, 0x5f, 0xd6,
  0x1f, 0x20, 0x03, 0xd5, 0x8c, 0x34, 0x7f, 0xa9, 0xae, 0x0c, 0x40, 0x92,
  0x84, 0x00, 0x0e, 0xcb, 0x42, 0x00, 0x0e, 0xcb, 0x86, 0x1c, 0x7f, 0xa9,
  0xac, 0x34, 0x3f, 0xa9, 0x88, 0x24, 0x7e, 0xa9, 0x8a, 0x2c, 0x7d, 0xa9,
  0x8c, 0x34, 0xfc, 0xa9, 0xa5, 0x00, 0x0e, 0xcb, 0x42, 0x00, 0x02, 0xf1,
  0x69, 0x01, 0x00, 0x54, 0xa6, 0x1c, 0x3f, 0xa9, 0x86, 0x1c, 0x7f, 0xa9,
  0xa8, 0x24, 0x3e, 0xa9, 0x88, 0x24, 0x7e, 0xa9, 0xaa, 0x2c, 0x3d, 0xa9,
  0x8a, 0x2c, 0x7d, 0xa9, 0xac, 0x34, 0xbc, 0xa9, 0x8c, 0x34, 0xfc, 0xa9,
  0x42, 0x00, 0x01, 0xf1, 0xe8, 0xfe, 0xff, 0x54, 0x22, 0x0c, 0x43, 0xa9,
  0xa6, 0x1c, 0x3f, 0xa9, 0x26, 0x1c, 0x42, 0xa9, 0xa8, 0x24, 0x3e, 0xa9,
  0x28, 0x24, 0x41, 0xa9, 0xaa, 0x2c, 0x3d, 0xa9, 0x2a, 0x2c, 0x40, 0xa9,
  0xac, 0x34, 0x3c, 0xa9, 0x02, 0x0c, 0x03, 0xa9, 0x06, 0x1c, 0x02, 0xa9,
  0x08, 0x24, 0x01, 0xa9, 0x0a, 0x2c, 0x00, 0xa9, 0xc0, 0x03, 0x5f, 0xd6,
  0x1f, 0x20, 0x03, 0xd5, 0x1f, 0x20, 0x03, 0xd5, 0x1f, 0x20, 0x03, 0xd5,
  0x1f, 0x20, 0x03, 0xd5, 0x1f, 0x20, 0x03, 0xd5, 0x5f, 0x24, 0x03, 0xd5,
  0x04, 0x2c, 0x40, 0x92, 0x9f, 0x80, 0x3f, 0xf1, 0xc8, 0x06, 0x00, 0x54,
  0x02, 0x0c, 0x40, 0xa9, 0xe8, 0xc3, 0x00, 0xb2, 0x44, 0x00, 0x08, 0xcb,
  0x45, 0xd8, 0x00, 0xb2, 0x66, 0x00, 0x08, 0xcb, 0x67, 0xd8, 0x00, 0xb2,
  0x84, 0x00, 0x25, 0xea, 0xc5, 0x00, 0x27, 0x8a, 0xa0, 0x08, 0x40, 0xfa,
  0x00, 0x01, 0x00, 0x54, 0x84, 0x30, 0x85, 0x9a, 0x00, 0x01, 0x80, 0xd2,
  0x84, 0x0c, 0xc0, 0xda, 0xe0, 0x33, 0x80, 0x9a, 0x84, 0x10, 0xc0, 0xda,
  0x00, 0x0c, 0x44, 0x8b, 0xc0, 0x03, 0x5f, 0xd6, 0x02, 0x0c, 0x41, 0xa9,
  0x44, 0x00, 0x08, 0xcb, 0x45, 0xd8, 0x00, 0xb2, 0x66, 0x00, 0x08, 0xcb,
  0x67, 0xd8, 0x00, 0xb2, 0x84, 0x00, 0x25, 0xea, 0xc5, 0x00, 0x27, 0x8a,
  0xa0, 0x08, 0x40, 0xfa, 0x40, 0x01, 0x00, 0x54, 0x84, 0x30, 0x85, 0x9a,
  0x00, 0x03, 0x80, 0xd2, 0x84, 0x0c, 0xc0, 0xda, 0x06, 0x02, 0x80, 0xd2,
  0x84, 0x10, 0xc0, 0xda, 0xc0, 0x30, 0x80, 0x9a, 0x00, 0x0c, 0x44, 0x8b,
  0xc0, 0x03, 0x5f, 0xd6, 0x1f, 0x20, 0x03, 0xd5, 0x01, 0xe8, 0x7b, 0x92,
  0x21, 0x08, 0xc1, 0xad, 0x20, 0xac, 0x22, 0x6e, 0x00, 0xac, 0x20, 0x6e,
  0x00, 0x98, 0x20, 0x0e, 0x03, 0x00, 0x66, 0x9e, 0x63, 0xff, 0xff, 0xb4,
  0x20, 0x98, 0x20, 0x4e, 0x20, 0x00, 0x00, 0xcb, 0x63, 0x00, 0x00, 0x35,
  0x40, 0x98, 0x20, 0x4e, 0x00, 0x40, 0x00, 0x91, 0x00, 0x84, 0x0c, 0x0f,
  0x03, 0x00, 0x66, 0x9e, 0x63, 0x00, 0xc0, 0xda, 0x62, 0x10, 0xc0, 0xda,
  0x00, 0x08, 0x42, 0x8b, 0xc0, 0x03, 0x5f, 0xd6, 0x01, 0xe8, 0x7b, 0x92,
  0x62, 0x80, 0x81, 0x52, 0x02, 0x06, 0xb8, 0x72, 0x21, 0xa0, 0x40, 0x4c,
  0x40, 0x0c, 0x04, 0x4e, 0x21, 0x98, 0x20, 0x4e, 0x42, 0x98, 0x20, 0x4e,
  0x21, 0x1c, 0x20, 0x4e, 0x42, 0x1c, 0x20, 0x4e, 0x20, 0xbc, 0x22, 0x4e,
  0x00, 0xbc, 0x20, 0x4e, 0x03, 0x00, 0x66, 0x9e, 0x04, 0xf8, 0x7f, 0xd3,
  0x63, 0x24, 0xc4, 0x9a, 0x23, 0xfc, 0xff, 0xb4, 0x63, 0x00, 0xc0, 0xda,
  0x60, 0x10, 0xc0, 0xda, 0x00, 0xfc, 0x41, 0xd3, 0xc0, 0x03, 0x5f, 0xd6,
  0x40, 0xd0, 0x1b, 0xd5, 0x00, 0x00, 0x80, 0x52, 0xc0, 0x03, 0x5f, 0xd6,
  0x8d, 0xfd, 0xff, 0x17, 0xe8, 0x03, 0x00, 0x2a, 0xe0, 0x03, 0x01, 0xaa,
  0xe1, 0x03, 0x02, 0xaa, 0xe2, 0x03, 0x03, 0xaa, 0xe3, 0x03, 0x04, 0xaa,
  0xe4, 0x03, 0x05, 0xaa, 0xe5, 0x03, 0x06, 0xaa, 0xe6, 0x03, 0x07, 0xaa,
  0x01, 0x00, 0x00, 0xd4, 0xc0, 0x03, 0x5f, 0xd6, 0x1f, 0x20, 0x03, 0xd5,
  0x1f, 0x20, 0x03, 0xd5, 0xf3, 0x7b, 0xbf, 0xa9, 0xf3, 0x03, 0x00, 0xaa,
  0x1f, 0x04, 0x40, 0xb1, 0x68, 0x00, 0x00, 0x54, 0xf3, 0x7b, 0xc1, 0xa8,
  0xc0, 0x03, 0x5f, 0xd6, 0x06, 0x01, 0x00, 0x94, 0xe1, 0x03, 0x00, 0xaa,
  0xe2, 0x03, 0x13, 0x4b, 0x00, 0x00, 0x80, 0x92, 0x22, 0x00, 0x00, 0xb9,
  0xf9, 0xff, 0xff, 0x17, 0x80, 0x03, 0x00, 0xb4, 0xf3, 0x7b, 0xbf, 0xa9,
  0xf3, 0x03, 0x00, 0xaa, 0x01, 0x8c, 0x40, 0xb9, 0x81, 0x02, 0xf8, 0x36,
  0x61, 0x16, 0x40, 0xf9, 0x60, 0x1e, 0x40, 0xf9, 0x3f, 0x00, 0x00, 0xeb,
  0xc0, 0x00, 0x00, 0x54, 0x63, 0x26, 0x40, 0xf9, 0xe0, 0x03, 0x13, 0xaa,
  0x02, 0x00, 0x80, 0xd2, 0x01, 0x00, 0x80, 0xd2, 0x60, 0x00, 0x3f, 0xd6,
  0x61, 0x82, 0x40, 0xa9, 0x3f, 0x00, 0x00, 0xeb, 0x40, 0x01, 0x00, 0x54,
  0x63, 0x2a, 0x40, 0xf9, 0x21, 0x00, 0x00, 0xcb, 0xe0, 0x03, 0x13, 0xaa,
  0x22, 0x00, 0x80, 0x52, 0xf3, 0x7b, 0xc1, 0xa8, 0xf0, 0x03, 0x03, 0xaa,
  0x00, 0x02, 0x1f, 0xd6, 0x7c, 0xfd, 0xff, 0x97, 0xec, 0xff, 0xff, 0x17,
  0xf3, 0x7b, 0xc1, 0xa8, 0xc0, 0x03, 0x5f, 0xd6, 0xc0, 0x03, 0x5f, 0xd6,
  0x1f, 0x20, 0x03, 0xd5, 0x1f, 0x20, 0x03, 0xd5, 0x1f, 0x20, 0x03, 0xd5,
  0xf3, 0x7b, 0xbf, 0xa9, 0x5b, 0x00, 0x00, 0x94, 0x13, 0x00, 0x40, 0xf9,
  0xb3, 0x00, 0x00, 0xb4, 0xe0, 0x03, 0x13, 0xaa, 0xdb, 0xff, 0xff, 0x97,
  0x73, 0x3a, 0x40, 0xf9, 0xb3, 0xff, 0xff, 0xb5, 0xc0, 0x00, 0x00, 0xf0,
  0x00, 0xc0, 0x43, 0xf9, 0xd6, 0xff, 0xff, 0x97, 0xc0, 0x00, 0x00, 0xf0,
  0x00, 0x04, 0x40, 0xf9, 0xd3, 0xff, 0xff, 0x97, 0xf3, 0x7b, 0xc1, 0xa8,
  0xc0, 0x00, 0x00, 0xf0, 0x00, 0xc0, 0x43, 0xf9, 0xcf, 0xff, 0xff, 0x17,
  0x1f, 0x20, 0x03, 0xd5, 0x1f, 0x20, 0x03, 0xd5, 0xf3, 0x53, 0xba, 0xa9,
  0x14, 0x14, 0x40, 0xf9, 0xf5, 0x5b, 0x01, 0xa9, 0xf6, 0x03, 0x00, 0xaa,
  0x00, 0x1c, 0x40, 0xf9, 0xf3, 0x03, 0x01, 0x91, 0x55, 0x00, 0x80, 0x52,
  0xf7, 0x63, 0x02, 0xa9, 0x94, 0x02, 0x00, 0xcb, 0xf7, 0x03, 0x02, 0xaa,
  0xfe, 0x1b, 0x00, 0xf9, 0xe0, 0x53, 0x04, 0xa9, 0x94, 0x02, 0x02, 0x8b,
  0xe1, 0x0b, 0x05, 0xa9, 0x0e, 0x00, 0x00, 0x14, 0x94, 0x02, 0x00, 0xcb,
  0xe0, 0x04, 0xf8, 0xb7, 0x63, 0x06, 0x40, 0xf9, 0x1f, 0x00, 0x03, 0xeb,
  0xa9, 0x00, 0x00, 0x54, 0x01, 0x00, 0x03, 0xcb, 0xb5, 0x06, 0x00, 0x51,
  0x63, 0x0e, 0x40, 0xf9, 0x73, 0x42, 0x00, 0x91, 0x60, 0x02, 0x40, 0xf9,
  0x63, 0x00, 0x01, 0xcb, 0x00, 0x00, 0x01, 0x8b, 0x60, 0x0e, 0x00, 0xa9,
  0xd8, 0x7a, 0x40, 0xb9, 0x40, 0x12, 0x80, 0xd2, 0x12, 0xfd, 0xff, 0x97,
  0xa2, 0x7e, 0x40, 0x93, 0xe3, 0x03, 0x00, 0xaa, 0xe1, 0x03, 0x13, 0xaa,
  0x00, 0x7f, 0x40, 0x93, 0x04, 0x00, 0x80, 0xd2, 0x63, 0x00, 0x00, 0xb4,
  0x60, 0x00, 0x3f, 0xd6, 0xe4, 0x03, 0x00, 0xaa, 0xe0, 0x03, 0x04, 0xaa,
  0x98, 0xff, 0xff, 0x97, 0xe1, 0x03, 0x00, 0xaa, 0x9f, 0x02, 0x00, 0xeb,
  0x81, 0xfc, 0xff, 0x54, 0xc1, 0x8a, 0x45, 0xa9, 0xe0, 0x03, 0x17, 0xaa,
  0xc1, 0x16, 0x00, 0xf9, 0xc1, 0x1e, 0x00, 0xf9, 0x21, 0x00, 0x02, 0x8b,
  0xc1, 0x12, 0x00, 0xf9, 0xf5, 0x5b, 0x41, 0xa9, 0xf7, 0x63, 0x42, 0xa9,
  0xfe, 0x1b, 0x40, 0xf9, 0xf3, 0x53, 0xc6, 0xa8, 0xc0, 0x03, 0x5f, 0xd6,
  0xc1, 0x02, 0x40, 0xb9, 0x00, 0x00, 0x80, 0xd2, 0xdf, 0x7e, 0x02, 0xa9,
  0x21, 0x00, 0x1b, 0x32, 0xc1, 0x02, 0x00, 0xb9, 0xdf, 0x1e, 0x00, 0xf9,
  0xbf, 0x0a, 0x00, 0x71, 0x80, 0xfe, 0xff, 0x54, 0x60, 0x06, 0x40, 0xf9,
  0xf5, 0x5b, 0x41, 0xa9, 0xe0, 0x02, 0x00, 0xcb, 0xf7, 0x63, 0x42, 0xa9,
  0xfe, 0x1b, 0x40, 0xf9, 0xf3, 0x53, 0xc6, 0xa8, 0xc0, 0x03, 0x5f, 0xd6,
  0x1f, 0x20, 0x03, 0xd5, 0x1f, 0x20, 0x03, 0xd5, 0xfe, 0x0f, 0x1f, 0xf8,
  0xc0, 0x00, 0x00, 0xf0, 0x00, 0x20, 0x1e, 0x91, 0x09, 0x00, 0x00, 0x94,
  0xfe, 0x07, 0x41, 0xf8, 0xc0, 0x00, 0x00, 0xf0, 0x00, 0x40, 0x1e, 0x91,
  0xc0, 0x03, 0x5f, 0xd6, 0xc0, 0x00, 0x00, 0xf0, 0x00, 0x20, 0x1e, 0x91,
  0x56, 0x00, 0x00, 0x14, 0x1f, 0x20, 0x03, 0xd5, 0xc2, 0x00, 0x00, 0xf0,
  0x42, 0x80, 0x05, 0x91, 0xf3, 0x53, 0xbd, 0xa9, 0xf3, 0x03, 0x00, 0xaa,
  0x40, 0x0c, 0x40, 0xb9, 0xfe, 0x17, 0x00, 0xf9, 0xe0, 0x05, 0x00, 0x34,
  0xe1, 0x07, 0x01, 0x32, 0x03, 0x00, 0x00, 0x14, 0x61, 0xfe, 0x00, 0x88,
  0x60, 0x05, 0x00, 0x34, 0x60, 0xfe, 0x5f, 0x88, 0xa0, 0xff, 0xff, 0x34,
  0xbf, 0x3b, 0x03, 0xd5, 0x43, 0x01, 0x80, 0x52, 0x05, 0x00, 0xb0, 0x12,
  0xe4, 0x07, 0x01, 0x32, 0x1f, 0x20, 0x03, 0xd5, 0xc0, 0x07, 0xf8, 0x37,
  0x01, 0x00, 0x04, 0x0b, 0xe2, 0x03, 0x00, 0x2a, 0x03, 0x00, 0x00, 0x14,
  0x61, 0xfe, 0x00, 0x88, 0xc0, 0x03, 0x00, 0x34, 0x60, 0xfe, 0x5f, 0x88,
  0x5f, 0x00, 0x00, 0x6b, 0x80, 0xff, 0xff, 0x54, 0xbf, 0x3b, 0x03, 0xd5,
  0x63, 0x04, 0x00, 0x71, 0xa1, 0xfe, 0xff, 0x54, 0xf5, 0x5b, 0x01, 0xa9,
  0xf7, 0x13, 0x00, 0xf9, 0x74, 0xfe, 0x5f, 0x88, 0x94, 0x06, 0x00, 0x11,
  0x74, 0xfe, 0x00, 0x88, 0xa0, 0xff, 0xff, 0x35, 0x16, 0x00, 0xb0, 0x12,
  0x15, 0x00, 0xb0, 0x52, 0x54, 0x02, 0xf8, 0x37, 0x1f, 0x20, 0x03, 0xd5,
  0x81, 0x02, 0x15, 0x0b, 0x03, 0x00, 0x00, 0x14, 0x61, 0xfe, 0x00, 0x88,
  0x00, 0x01, 0x00, 0x34, 0x60, 0xfe, 0x5f, 0x88, 0x9f, 0x02, 0x00, 0x6b,
  0x80, 0xff, 0xff, 0x54, 0xbf, 0x3b, 0x03, 0xd5, 0xf4, 0x03, 0x00, 0x2a,
  0xf4, 0xfe, 0xff, 0x36, 0x06, 0x00, 0x00, 0x14, 0xf5, 0x5b, 0x41, 0xa9,
  0xf7, 0x13, 0x40, 0xf9, 0xfe, 0x17, 0x40, 0xf9, 0xf3, 0x53, 0xc3, 0xa8,
  0xc0, 0x03, 0x5f, 0xd6, 0x00, 0x1e, 0x80, 0xd2, 0xa3, 0xfc, 0xff, 0x97,
  0xe4, 0x03, 0x00, 0xaa, 0x60, 0x02, 0x00, 0xb4, 0x97, 0x7e, 0x40, 0x93,
  0xe0, 0x03, 0x13, 0xaa, 0xe2, 0x03, 0x17, 0xaa, 0x03, 0x00, 0x80, 0xd2,
  0x01, 0x10, 0x80, 0xd2, 0x80, 0x00, 0x3f, 0xd6, 0x1f, 0x98, 0x00, 0xb1,
  0x61, 0x01, 0x00, 0x54, 0x00, 0x1e, 0x80, 0xd2, 0x97, 0xfc, 0xff, 0x97,
  0xe4, 0x03, 0x00, 0xaa, 0xe0, 0x00, 0x00, 0xb4, 0xe2, 0x03, 0x17, 0xaa,
  0xe0, 0x03, 0x13, 0xaa, 0x03, 0x00, 0x80, 0xd2, 0x01, 0x00, 0x80, 0xd2,
  0x80, 0x00, 0x3f, 0xd6, 0x1f, 0x20, 0x03, 0xd5, 0x94, 0x02, 0x16, 0x0b,
  0xd9, 0xff, 0xff, 0x17, 0x02, 0x00, 0x05, 0x0b, 0xe1, 0x03, 0x00, 0x2a,
  0xc6, 0xff, 0xff, 0x17, 0x1f, 0x20, 0x03, 0xd5, 0xf3, 0x7b, 0xbf, 0xa9,
  0xf3, 0x03, 0x00, 0xaa, 0x00, 0x00, 0x40, 0xb9, 0x60, 0x00, 0xf8, 0x37,
  0xf3, 0x7b, 0xc1, 0xa8, 0xc0, 0x03, 0x5f, 0xd6, 0x03, 0x00, 0xb0, 0x12,
  0x1f, 0x20, 0x03, 0xd5, 0x61, 0xfe, 0x5f, 0x88, 0x20, 0x00, 0x03, 0x0b,
  0x60, 0xfe, 0x02, 0x88, 0xa2, 0xff, 0xff, 0x35, 0xe0, 0x07, 0x01, 0x32,
  0x3f, 0x00, 0x00, 0x6b, 0xc0, 0xfe, 0xff, 0x54, 0x00, 0x1e, 0x80, 0xd2,
  0x78, 0xfc, 0xff, 0x97, 0xe3, 0x03, 0x00, 0xaa, 0x40, 0xfe, 0xff, 0xb4,
  0xe0, 0x03, 0x13, 0xaa, 0x22, 0x00, 0x80, 0xd2, 0x21, 0x10, 0x80, 0xd2,
  0x60, 0x00, 0x3f, 0xd6, 0x1f, 0x98, 0x00, 0xb1, 0x81, 0xfd, 0xff, 0x54,
  0x00, 0x1e, 0x80, 0xd2, 0x6e, 0xfc, 0xff, 0x97, 0xe3, 0x03, 0x00, 0xaa,
  0x00, 0xfd, 0xff, 0xb4, 0xe0, 0x03, 0x13, 0xaa, 0x22, 0x00, 0x80, 0xd2,
  0xf3, 0x7b, 0xc1, 0xa8, 0xe1, 0x03, 0x02, 0xaa, 0xf0, 0x03, 0x03, 0xaa,
  0x00, 0x02, 0x1f, 0xd6, 0x1f, 0x20, 0x03, 0xd5, 0x40, 0xd0, 0x3b, 0xd5,
  0x00, 0x90, 0x02, 0xd1, 0xc0, 0x03, 0x5f, 0xd6, 0xfd, 0x7b, 0xbf, 0xa9,
  0xfd, 0x03, 0x00, 0x91, 0xfd, 0x7b, 0xc1, 0xa8, 0xc0, 0x03, 0x5f, 0xd6,
  0x00, 0x00, 0x00, 0x00, 0x68, 0x65, 0x6c, 0x6c, 0x6f, 0x20, 0x77, 0x6f,
  0x72, 0x6c, 0x64, 0x21, 0x00, 0x00, 0x00, 0x00, 0x00, 0x00, 0x00, 0x00,
  0x00, 0x00, 0x00, 0x00, 0x10, 0x00, 0x42, 0x00, 0x00, 0x00, 0x00, 0x00,
  0x0a, 0x1b, 0x5b, 0x33, 0x31, 0x6d, 0x20, 0x5b, 0x65, 0x6d, 0x70, 0x74,
  0x79, 0x20, 0x73, 0x79, 0x73, 0x63, 0x61, 0x6c, 0x6c, 0x5d, 0x3a, 0x20,
  0x1b, 0x5b, 0x30, 0x6d, 0x00, 0x00, 0x00, 0x00, 0x73, 0x79, 0x73, 0x63,
  0x61, 0x6c, 0x6c, 0x5f, 0x72, 0x65, 0x73, 0x74, 0x61, 0x72, 0x74, 0x5f,
  0x73, 0x79, 0x73, 0x63, 0x61, 0x6c, 0x6c, 0x00, 0x73, 0x79, 0x73, 0x63,
  0x61, 0x6c, 0x6c, 0x5f, 0x63, 0x72, 0x65, 0x61, 0x74, 0x00, 0x00, 0x00,
  0x73, 0x79, 0x73, 0x63, 0x61, 0x6c, 0x6c, 0x5f, 0x6d, 0x6b, 0x6e, 0x6f,
  0x64, 0x00, 0x00, 0x00, 0x73, 0x79, 0x73, 0x63, 0x61, 0x6c, 0x6c, 0x5f,
  0x6c, 0x63, 0x68, 0x6f, 0x77, 0x6e, 0x00, 0x00, 0x73, 0x79, 0x73, 0x63,
  0x61, 0x6c, 0x6c, 0x5f, 0x73, 0x65, 0x74, 0x75, 0x69, 0x64, 0x00, 0x00,
  0x73, 0x79, 0x73, 0x63, 0x61, 0x6c, 0x6c, 0x5f, 0x67, 0x65, 0x74, 0x75,
  0x69, 0x64, 0x00, 0x00, 0x73, 0x79, 0x73, 0x63, 0x61, 0x6c, 0x6c, 0x5f,
  0x70, 0x74, 0x72, 0x61, 0x63, 0x65, 0x00, 0x00, 0x73, 0x79, 0x73, 0x63,
  0x61, 0x6c, 0x6c, 0x5f, 0x70, 0x61, 0x75, 0x73, 0x65, 0x00, 0x00, 0x00,
  0x73, 0x79, 0x73, 0x63, 0x61, 0x6c, 0x6c, 0x5f, 0x6e, 0x69, 0x63, 0x65,
  0x00, 0x00, 0x00, 0x00, 0x73, 0x79, 0x73, 0x63, 0x61, 0x6c, 0x6c, 0x5f,
  0x73, 0x79, 0x6e, 0x63, 0x00, 0x00, 0x00, 0x00, 0x73, 0x79, 0x73, 0x63,
  0x61, 0x6c, 0x6c, 0x5f, 0x74, 0x69, 0x6d, 0x65, 0x73, 0x00, 0x00, 0x00,
  0x73, 0x79, 0x73, 0x63, 0x61, 0x6c, 0x6c, 0x5f, 0x73, 0x65, 0x74, 0x67,
  0x69, 0x64, 0x00, 0x00, 0x73, 0x79, 0x73, 0x63, 0x61, 0x6c, 0x6c, 0x5f,
  0x67, 0x65, 0x74, 0x67, 0x69, 0x64, 0x00, 0x00, 0x73, 0x79, 0x73, 0x63,
  0x61, 0x6c, 0x6c, 0x5f, 0x67, 0x65, 0x74, 0x65, 0x75, 0x69, 0x64, 0x00,
  0x73, 0x79, 0x73, 0x63, 0x61, 0x6c, 0x6c, 0x5f, 0x67, 0x65, 0x74, 0x65,
  0x67, 0x69, 0x64, 0x00, 0x73, 0x79, 0x73, 0x63, 0x61, 0x6c, 0x6c, 0x5f,
  0x61, 0x63, 0x63, 0x74, 0x00, 0x00, 0x00, 0x00, 0x73, 0x79, 0x73, 0x63,
  0x61, 0x6c, 0x6c, 0x5f, 0x73, 0x65, 0x74, 0x70, 0x67, 0x69, 0x64, 0x00,
  0x73, 0x79, 0x73, 0x63, 0x61, 0x6c, 0x6c, 0x5f, 0x75, 0x6d, 0x61, 0x73,
  0x6b, 0x00, 0x00, 0x00, 0x73, 0x79, 0x73, 0x63, 0x61, 0x6c, 0x6c, 0x5f,
  0x63, 0x68, 0x72, 0x6f, 0x6f, 0x74, 0x00, 0x00, 0x73, 0x79, 0x73, 0x63,
  0x61, 0x6c, 0x6c, 0x5f, 0x75, 0x73, 0x74, 0x61, 0x74, 0x00, 0x00, 0x00,
  0x73, 0x79, 0x73, 0x63, 0x61, 0x6c, 0x6c, 0x5f, 0x67, 0x65, 0x74, 0x70,
  0x70, 0x69, 0x64, 0x00, 0x73, 0x79, 0x73, 0x63, 0x61, 0x6c, 0x6c, 0x5f,
  0x67, 0x65, 0x74, 0x70, 0x67, 0x72, 0x70, 0x00, 0x73, 0x79, 0x73, 0x63,
  0x61, 0x6c, 0x6c, 0x5f, 0x73, 0x65, 0x74, 0x72, 0x65, 0x75, 0x69, 0x64,
  0x00, 0x00, 0x00, 0x00, 0x00, 0x00, 0x00, 0x00, 0x73, 0x79, 0x73, 0x63,
  0x61, 0x6c, 0x6c, 0x5f, 0x73, 0x65, 0x74, 0x72, 0x65, 0x67, 0x69, 0x64,
  0x00, 0x00, 0x00, 0x00, 0x00, 0x00, 0x00, 0x00, 0x73, 0x79, 0x73, 0x63,
  0x61, 0x6c, 0x6c, 0x5f, 0x73, 0x69, 0x67, 0x73, 0x75, 0x73, 0x70, 0x65,
  0x6e, 0x64, 0x00, 0x00, 0x00, 0x00, 0x00, 0x00, 0x73, 0x79, 0x73, 0x63,
  0x61, 0x6c, 0x6c, 0x5f, 0x73, 0x69, 0x67, 0x70, 0x65, 0x6e, 0x64, 0x69,
  0x6e, 0x67, 0x00, 0x00, 0x00, 0x00, 0x00, 0x00, 0x73, 0x79, 0x73, 0x63,
  0x61, 0x6c, 0x6c, 0x5f, 0x73, 0x65, 0x74, 0x68, 0x6f, 0x73, 0x74, 0x6e,
  0x61, 0x6d, 0x65, 0x00, 0x00, 0x00, 0x00, 0x00, 0x73, 0x79, 0x73, 0x63,
  0x61, 0x6c, 0x6c, 0x5f, 0x67, 0x65, 0x74, 0x72, 0x75, 0x73, 0x61, 0x67,
  0x65, 0x00, 0x00, 0x00, 0x00, 0x00, 0x00, 0x00, 0x73, 0x79, 0x73, 0x63,
  0x61, 0x6c, 0x6c, 0x5f, 0x67, 0x65, 0x74, 0x74, 0x69, 0x6d, 0x65, 0x6f,
  0x66, 0x64, 0x61, 0x79, 0x00, 0x00, 0x00, 0x00, 0x73, 0x79, 0x73, 0x63,
  0x61, 0x6c, 0x6c, 0x5f, 0x73, 0x65, 0x74, 0x74, 0x69, 0x6d, 0x65, 0x6f,
  0x66, 0x64, 0x61, 0x79, 0x00, 0x00, 0x00, 0x00, 0x73, 0x79, 0x73, 0x63,
  0x61, 0x6c, 0x6c, 0x5f, 0x67, 0x65, 0x74, 0x67, 0x72, 0x6f, 0x75, 0x70,
  0x73, 0x00, 0x00, 0x00, 0x00, 0x00, 0x00, 0x00, 0x73, 0x79, 0x73, 0x63,
  0x61, 0x6c, 0x6c, 0x5f, 0x73, 0x65, 0x74, 0x67, 0x72, 0x6f, 0x75, 0x70,
  0x73, 0x00, 0x00, 0x00, 0x00, 0x00, 0x00, 0x00, 0x73, 0x79, 0x73, 0x63,
  0x61, 0x6c, 0x6c, 0x5f, 0x75, 0x73, 0x65, 0x6c, 0x69, 0x62, 0x00, 0x00,
  0x73, 0x79, 0x73, 0x63, 0x61, 0x6c, 0x6c, 0x5f, 0x73, 0x77, 0x61, 0x70,
  0x6f, 0x6e, 0x00, 0x00, 0x73, 0x79, 0x73, 0x63, 0x61, 0x6c, 0x6c, 0x5f,
  0x74, 0x72, 0x75, 0x6e, 0x63, 0x61, 0x74, 0x65, 0x00, 0x00, 0x00, 0x00,
  0x00, 0x00, 0x00, 0x00, 0x73, 0x79, 0x73, 0x63, 0x61, 0x6c, 0x6c, 0x5f,
  0x66, 0x63, 0x68, 0x6d, 0x6f, 0x64, 0x00, 0x00, 0x73, 0x79, 0x73, 0x63,
  0x61, 0x6c, 0x6c, 0x5f, 0x66, 0x63, 0x68, 0x6f, 0x77, 0x6e, 0x00, 0x00,
  0x73, 0x79, 0x73, 0x63, 0x61, 0x6c, 0x6c, 0x5f, 0x67, 0x65, 0x74, 0x70,
  0x72, 0x69, 0x6f, 0x72, 0x69, 0x74, 0x79, 0x00, 0x00, 0x00, 0x00, 0x00,
  0x73, 0x79, 0x73, 0x63, 0x61, 0x6c, 0x6c, 0x5f, 0x73, 0x65, 0x74, 0x70,
  0x72, 0x69, 0x6f, 0x72, 0x69, 0x74, 0x79, 0x00, 0x00, 0x00, 0x00, 0x00,
  0x73, 0x79, 0x73, 0x63, 0x61, 0x6c, 0x6c, 0x5f, 0x73, 0x79, 0x73, 0x6c,
  0x6f, 0x67, 0x00, 0x00, 0x73, 0x79, 0x73, 0x63, 0x61, 0x6c, 0x6c, 0x5f,
  0x67, 0x65, 0x74, 0x69, 0x74, 0x69, 0x6d, 0x65, 0x72, 0x00, 0x00, 0x00,
  0x00, 0x00, 0x00, 0x00, 0x73, 0x79, 0x73, 0x63, 0x61, 0x6c, 0x6c, 0x5f,
  0x66, 0x73, 0x74, 0x61, 0x74, 0x00, 0x00, 0x00, 0x73, 0x79, 0x73, 0x63,
  0x61, 0x6c, 0x6c, 0x5f, 0x76, 0x68, 0x61, 0x6e, 0x67, 0x75, 0x70, 0x00,
  0x73, 0x79, 0x73, 0x63, 0x61, 0x6c, 0x6c, 0x5f, 0x77, 0x61, 0x69, 0x74,
  0x34, 0x00, 0x00, 0x00, 0x73, 0x79, 0x73, 0x63, 0x61, 0x6c, 0x6c, 0x5f,
  0x73, 0x77, 0x61, 0x70, 0x6f, 0x66, 0x66, 0x00, 0x73, 0x79, 0x73, 0x63,
  0x61, 0x6c, 0x6c, 0x5f, 0x73, 0x69, 0x67, 0x72, 0x65, 0x74, 0x75, 0x72,
  0x6e, 0x00, 0x00, 0x00, 0x00, 0x00, 0x00, 0x00, 0x73, 0x79, 0x73, 0x63,
  0x61, 0x6c, 0x6c, 0x5f, 0x63, 0x6c, 0x6f, 0x6e, 0x65, 0x00, 0x00, 0x00,
  0x73, 0x79, 0x73, 0x63, 0x61, 0x6c, 0x6c, 0x5f, 0x73, 0x65, 0x74, 0x64,
  0x6f, 0x6d, 0x61, 0x69, 0x6e, 0x6e, 0x61, 0x6d, 0x65, 0x00, 0x00, 0x00,
  0x73, 0x79, 0x73, 0x63, 0x61, 0x6c, 0x6c, 0x5f, 0x61, 0x64, 0x6a, 0x74,
  0x69, 0x6d, 0x65, 0x78, 0x00, 0x00, 0x00, 0x00, 0x00, 0x00, 0x00, 0x00,
  0x73, 0x79, 0x73, 0x63, 0x61, 0x6c, 0x6c, 0x5f, 0x6d, 0x70, 0x72, 0x6f,
  0x74, 0x65, 0x63, 0x74, 0x00, 0x00, 0x00, 0x00, 0x00, 0x00, 0x00, 0x00,
  0x73, 0x79, 0x73, 0x63, 0x61, 0x6c, 0x6c, 0x5f, 0x69, 0x6e, 0x69, 0x74,
  0x5f, 0x6d, 0x6f, 0x64, 0x75, 0x6c, 0x65, 0x00, 0x00, 0x00, 0x00, 0x00,
  0x73, 0x79, 0x73, 0x63, 0x61, 0x6c, 0x6c, 0x5f, 0x64, 0x65, 0x6c, 0x65,
  0x74, 0x65, 0x5f, 0x6d, 0x6f, 0x64, 0x75, 0x6c, 0x65, 0x00, 0x00, 0x00,
  0x73, 0x79, 0x73, 0x63, 0x61, 0x6c, 0x6c, 0x5f, 0x71, 0x75, 0x6f, 0x74,
  0x61, 0x63, 0x74, 0x6c, 0x00, 0x00, 0x00, 0x00, 0x00, 0x00, 0x00, 0x00,
  0x73, 0x79, 0x73, 0x63, 0x61, 0x6c, 0x6c, 0x5f, 0x67, 0x65, 0x74, 0x70,
  0x67, 0x69, 0x64, 0x00, 0x73, 0x79, 0x73, 0x63, 0x61, 0x6c, 0x6c, 0x5f,
  0x66, 0x63, 0x68, 0x64, 0x69, 0x72, 0x00, 0x00, 0x73, 0x79, 0x73, 0x63,
  0x61, 0x6c, 0x6c, 0x5f, 0x62, 0x64, 0x66, 0x6c, 0x75, 0x73, 0x68, 0x00,
  0x73, 0x79, 0x73, 0x63, 0x61, 0x6c, 0x6c, 0x5f, 0x73, 0x79, 0x73, 0x66,
  0x73, 0x00, 0x00, 0x00, 0x73, 0x79, 0x73, 0x63, 0x61, 0x6c, 0x6c, 0x5f,
  0x70, 0x65, 0x72, 0x73, 0x6f, 0x6e, 0x61, 0x6c, 0x69, 0x74, 0x79, 0x00,
  0x00, 0x00, 0x00, 0x00, 0x73, 0x79, 0x73, 0x63, 0x61, 0x6c, 0x6c, 0x5f,
  0x73, 0x65, 0x74, 0x66, 0x73, 0x75, 0x69, 0x64, 0x00, 0x00, 0x00, 0x00,
  0x00, 0x00, 0x00, 0x00, 0x73, 0x79, 0x73, 0x63, 0x61, 0x6c, 0x6c, 0x5f,
  0x73, 0x65, 0x74, 0x66, 0x73, 0x67, 0x69, 0x64, 0x00, 0x00, 0x00, 0x00,
  0x00, 0x00, 0x00, 0x00, 0x73, 0x79, 0x73, 0x63, 0x61, 0x6c, 0x6c, 0x5f,
  0x66, 0x6c, 0x6f, 0x63, 0x6b, 0x00, 0x00, 0x00, 0x73, 0x79, 0x73, 0x63,
  0x61, 0x6c, 0x6c, 0x5f, 0x6d, 0x73, 0x79, 0x6e, 0x63, 0x00, 0x00, 0x00,
  0x73, 0x79, 0x73, 0x63, 0x61, 0x6c, 0x6c, 0x5f, 0x67, 0x65, 0x74, 0x73,
  0x69, 0x64, 0x00, 0x00, 0x73, 0x79, 0x73, 0x63, 0x61, 0x6c, 0x6c, 0x5f,
  0x66, 0x64, 0x61, 0x74, 0x61, 0x73, 0x79, 0x6e, 0x63, 0x00, 0x00, 0x00,
  0x00, 0x00, 0x00, 0x00, 0x73, 0x79, 0x73, 0x63, 0x61, 0x6c, 0x6c, 0x5f,
  0x5f, 0x73, 0x79, 0x73, 0x63, 0x74, 0x6c, 0x00, 0x73, 0x79, 0x73, 0x63,
  0x61, 0x6c, 0x6c, 0x5f, 0x6d, 0x6c, 0x6f, 0x63, 0x6b, 0x00, 0x00, 0x00,
  0x73, 0x79, 0x73, 0x63, 0x61, 0x6c, 0x6c, 0x5f, 0x6d, 0x75, 0x6e, 0x6c,
  0x6f, 0x63, 0x6b, 0x00, 0x73, 0x79, 0x73, 0x63, 0x61, 0x6c, 0x6c, 0x5f,
  0x6d, 0x6c, 0x6f, 0x63, 0x6b, 0x61, 0x6c, 0x6c, 0x00, 0x00, 0x00, 0x00,
  0x00, 0x00, 0x00, 0x00, 0x73, 0x79, 0x73, 0x63, 0x61, 0x6c, 0x6c, 0x5f,
  0x6d, 0x75, 0x6e, 0x6c, 0x6f, 0x63, 0x6b, 0x61, 0x6c, 0x6c, 0x00, 0x00,
  0x00, 0x00, 0x00, 0x00, 0x73, 0x79, 0x73, 0x63, 0x61, 0x6c, 0x6c, 0x5f,
  0x73, 0x63, 0x68, 0x65, 0x64, 0x5f, 0x72, 0x72, 0x5f, 0x67, 0x65, 0x74,
  0x5f, 0x69, 0x6e, 0x74, 0x65, 0x72, 0x76, 0x61, 0x6c, 0x00, 0x00, 0x00,
  0x73, 0x79, 0x73, 0x63, 0x61, 0x6c, 0x6c, 0x5f, 0x73, 0x65, 0x74, 0x72,
  0x65, 0x73, 0x75, 0x69, 0x64, 0x00, 0x00, 0x00, 0x00, 0x00, 0x00, 0x00,
  0x73, 0x79, 0x73, 0x63, 0x61, 0x6c, 0x6c, 0x5f, 0x67, 0x65, 0x74, 0x72,
  0x65, 0x73, 0x75, 0x69, 0x64, 0x00, 0x00, 0x00, 0x00, 0x00, 0x00, 0x00,
  0x73, 0x79, 0x73, 0x63, 0x61, 0x6c, 0x6c, 0x5f, 0x6e, 0x66, 0x73, 0x73,
  0x65, 0x72, 0x76, 0x63, 0x74, 0x6c, 0x00, 0x00, 0x00, 0x00, 0x00, 0x00,
  0x73, 0x79, 0x73, 0x63, 0x61, 0x6c, 0x6c, 0x5f, 0x73, 0x65, 0x74, 0x72,
  0x65, 0x73, 0x67, 0x69, 0x64, 0x00, 0x00, 0x00, 0x00, 0x00, 0x00, 0x00,
  0x73, 0x79, 0x73, 0x63, 0x61, 0x6c, 0x6c, 0x5f, 0x67, 0x65, 0x74, 0x72,
  0x65, 0x73, 0x67, 0x69, 0x64, 0x00, 0x00, 0x00, 0x00, 0x00, 0x00, 0x00,
  0x73, 0x79, 0x73, 0x63, 0x61, 0x6c, 0x6c, 0x5f, 0x70, 0x72, 0x63, 0x74,
  0x6c, 0x00, 0x00, 0x00, 0x73, 0x79, 0x73, 0x63, 0x61, 0x6c, 0x6c, 0x5f,
  0x72, 0x74, 0x5f, 0x73, 0x69, 0x67, 0x72, 0x65, 0x74, 0x75, 0x72, 0x6e,
  0x00, 0x00, 0x00, 0x00, 0x73, 0x79, 0x73, 0x63, 0x61, 0x6c, 0x6c, 0x5f,
  0x63, 0x68, 0x6f, 0x77, 0x6e, 0x00, 0x00, 0x00, 0x73, 0x79, 0x73, 0x63,
  0x61, 0x6c, 0x6c, 0x5f, 0x63, 0x61, 0x70, 0x67, 0x65, 0x74, 0x00, 0x00,
  0x73, 0x79, 0x73, 0x63, 0x61, 0x6c, 0x6c, 0x5f, 0x63, 0x61, 0x70, 0x73,
  0x65, 0x74, 0x00, 0x00, 0x73, 0x79, 0x73, 0x63, 0x61, 0x6c, 0x6c, 0x5f,
  0x73, 0x69, 0x67, 0x61, 0x6c, 0x74, 0x73, 0x74, 0x61, 0x63, 0x6b, 0x00,
  0x00, 0x00, 0x00, 0x00, 0x73, 0x79, 0x73, 0x63, 0x61, 0x6c, 0x6c, 0x5f,
  0x73, 0x65, 0x6e, 0x64, 0x66, 0x69, 0x6c, 0x65, 0x00, 0x00, 0x00, 0x00,
  0x00, 0x00, 0x00, 0x00, 0x73, 0x79, 0x73, 0x63, 0x61, 0x6c, 0x6c, 0x5f,
  0x74, 0x72, 0x75, 0x6e, 0x63, 0x61, 0x74, 0x65, 0x36, 0x34, 0x00, 0x00,
  0x00, 0x00, 0x00, 0x00, 0x73, 0x79, 0x73, 0x63, 0x61, 0x6c, 0x6c, 0x5f,
  0x6c, 0x63, 0x68, 0x6f, 0x77, 0x6e, 0x33, 0x32, 0x00, 0x00, 0x00, 0x00,
  0x00, 0x00, 0x00, 0x00, 0x73, 0x79, 0x73, 0x63, 0x61, 0x6c, 0x6c, 0x5f,
  0x67, 0x65, 0x74, 0x75, 0x69, 0x64, 0x33, 0x32, 0x00, 0x00, 0x00, 0x00,
  0x00, 0x00, 0x00, 0x00, 0x73, 0x79, 0x73, 0x63, 0x61, 0x6c, 0x6c, 0x5f,
  0x67, 0x65, 0x74, 0x67, 0x69, 0x64, 0x33, 0x32, 0x00, 0x00, 0x00, 0x00,
  0x00, 0x00, 0x00, 0x00, 0x73, 0x79, 0x73, 0x63, 0x61, 0x6c, 0x6c, 0x5f,
  0x67, 0x65, 0x74, 0x65, 0x75, 0x69, 0x64, 0x33, 0x32, 0x00, 0x00, 0x00,
  0x00, 0x00, 0x00, 0x00, 0x73, 0x79, 0x73, 0x63, 0x61, 0x6c, 0x6c, 0x5f,
  0x67, 0x65, 0x74, 0x65, 0x67, 0x69, 0x64, 0x33, 0x32, 0x00, 0x00, 0x00,
  0x00, 0x00, 0x00, 0x00, 0x73, 0x79, 0x73, 0x63, 0x61, 0x6c, 0x6c, 0x5f,
  0x73, 0x65, 0x74, 0x72, 0x65, 0x75, 0x69, 0x64, 0x33, 0x32, 0x00, 0x00,
  0x00, 0x00, 0x00, 0x00, 0x73, 0x79, 0x73, 0x63, 0x61, 0x6c, 0x6c, 0x5f,
  0x73, 0x65, 0x74, 0x72, 0x65, 0x67, 0x69, 0x64, 0x33, 0x32, 0x00, 0x00,
  0x00, 0x00, 0x00, 0x00, 0x73, 0x79, 0x73, 0x63, 0x61, 0x6c, 0x6c, 0x5f,
  0x67, 0x65, 0x74, 0x67, 0x72, 0x6f, 0x75, 0x70, 0x73, 0x33, 0x32, 0x00,
  0x00, 0x00, 0x00, 0x00, 0x73, 0x79, 0x73, 0x63, 0x61, 0x6c, 0x6c, 0x5f,
  0x73, 0x65, 0x74, 0x67, 0x72, 0x6f, 0x75, 0x70, 0x73, 0x33, 0x32, 0x00,
  0x00, 0x00, 0x00, 0x00, 0x73, 0x79, 0x73, 0x63, 0x61, 0x6c, 0x6c, 0x5f,
  0x66, 0x63, 0x68, 0x6f, 0x77, 0x6e, 0x33, 0x32, 0x00, 0x00, 0x00, 0x00,
  0x00, 0x00, 0x00, 0x00, 0x73, 0x79, 0x73, 0x63, 0x61, 0x6c, 0x6c, 0x5f,
  0x73, 0x65, 0x74, 0x72, 0x65, 0x73, 0x75, 0x69, 0x64, 0x33, 0x32, 0x00,
  0x00, 0x00, 0x00, 0x00, 0x73, 0x79, 0x73, 0x63, 0x61, 0x6c, 0x6c, 0x5f,
  0x67, 0x65, 0x74, 0x72, 0x65, 0x73, 0x75, 0x69, 0x64, 0x33, 0x32, 0x00,
  0x00, 0x00, 0x00, 0x00, 0x73, 0x79, 0x73, 0x63, 0x61, 0x6c, 0x6c, 0x5f,
  0x73, 0x65, 0x74, 0x72, 0x65, 0x73, 0x67, 0x69, 0x64, 0x33, 0x32, 0x00,
  0x00, 0x00, 0x00, 0x00, 0x73, 0x79, 0x73, 0x63, 0x61, 0x6c, 0x6c, 0x5f,
  0x67, 0x65, 0x74, 0x72, 0x65, 0x73, 0x67, 0x69, 0x64, 0x33, 0x32, 0x00,
  0x00, 0x00, 0x00, 0x00, 0x73, 0x79, 0x73, 0x63, 0x61, 0x6c, 0x6c, 0x5f,
  0x63, 0x68, 0x6f, 0x77, 0x6e, 0x33, 0x32, 0x00, 0x73, 0x79, 0x73, 0x63,
  0x61, 0x6c, 0x6c, 0x5f, 0x73, 0x65, 0x74, 0x75, 0x69, 0x64, 0x33, 0x32,
  0x00, 0x00, 0x00, 0x00, 0x00, 0x00, 0x00, 0x00, 0x73, 0x79, 0x73, 0x63,
  0x61, 0x6c, 0x6c, 0x5f, 0x73, 0x65, 0x74, 0x67, 0x69, 0x64, 0x33, 0x32,
  0x00, 0x00, 0x00, 0x00, 0x00, 0x00, 0x00, 0x00, 0x73, 0x79, 0x73, 0x63,
  0x61, 0x6c, 0x6c, 0x5f, 0x73, 0x65, 0x74, 0x66, 0x73, 0x75, 0x69, 0x64,
  0x33, 0x32, 0x00, 0x00, 0x00, 0x00, 0x00, 0x00, 0x73, 0x79, 0x73, 0x63,
  0x61, 0x6c, 0x6c, 0x5f, 0x73, 0x65, 0x74, 0x66, 0x73, 0x67, 0x69, 0x64,
  0x33, 0x32, 0x00, 0x00, 0x00, 0x00, 0x00, 0x00, 0x73, 0x79, 0x73, 0x63,
  0x61, 0x6c, 0x6c, 0x5f, 0x70, 0x69, 0x76, 0x6f, 0x74, 0x5f, 0x72, 0x6f,
  0x6f, 0x74, 0x00, 0x00, 0x00, 0x00, 0x00, 0x00, 0x73, 0x79, 0x73, 0x63,
  0x61, 0x6c, 0x6c, 0x5f, 0x6d, 0x69, 0x6e, 0x63, 0x6f, 0x72, 0x65, 0x00,
  0x73, 0x79, 0x73, 0x63, 0x61, 0x6c, 0x6c, 0x5f, 0x72, 0x65, 0x61, 0x64,
  0x61, 0x68, 0x65, 0x61, 0x64, 0x00, 0x00, 0x00, 0x00, 0x00, 0x00, 0x00,
  0x73, 0x79, 0x73, 0x63, 0x61, 0x6c, 0x6c, 0x5f, 0x73, 0x65, 0x74, 0x78,
  0x61, 0x74, 0x74, 0x72, 0x00, 0x00, 0x00, 0x00, 0x00, 0x00, 0x00, 0x00,
  0x73, 0x79, 0x73, 0x63, 0x61, 0x6c, 0x6c, 0x5f, 0x6c, 0x73, 0x65, 0x74,
  0x78, 0x61, 0x74, 0x74, 0x72, 0x00, 0x00, 0x00, 0x00, 0x00, 0x00, 0x00,
  0x73, 0x79, 0x73, 0x63, 0x61, 0x6c, 0x6c, 0x5f, 0x66, 0x73, 0x65, 0x74,
  0x78, 0x61, 0x74, 0x74, 0x72, 0x00, 0x00, 0x00, 0x00, 0x00, 0x00, 0x00,
  0x73, 0x79, 0x73, 0x63, 0x61, 0x6c, 0x6c, 0x5f, 0x67, 0x65, 0x74, 0x78,
  0x61, 0x74, 0x74, 0x72, 0x00, 0x00, 0x00, 0x00, 0x00, 0x00, 0x00, 0x00,
  0x73, 0x79, 0x73, 0x63, 0x61, 0x6c, 0x6c, 0x5f, 0x6c, 0x67, 0x65, 0x74,
  0x78, 0x61, 0x74, 0x74, 0x72, 0x00, 0x00, 0x00, 0x00, 0x00, 0x00, 0x00,
  0x73, 0x79, 0x73, 0x63, 0x61, 0x6c, 0x6c, 0x5f, 0x66, 0x67, 0x65, 0x74,
  0x78, 0x61, 0x74, 0x74, 0x72, 0x00, 0x00, 0x00, 0x00, 0x00, 0x00, 0x00,
  0x73, 0x79, 0x73, 0x63, 0x61, 0x6c, 0x6c, 0x5f, 0x6c, 0x69, 0x73, 0x74,
  0x78, 0x61, 0x74, 0x74, 0x72, 0x00, 0x00, 0x00, 0x00, 0x00, 0x00, 0x00,
  0x73, 0x79, 0x73, 0x63, 0x61, 0x6c, 0x6c, 0x5f, 0x6c, 0x6c, 0x69, 0x73,
  0x74, 0x78, 0x61, 0x74, 0x74, 0x72, 0x00, 0x00, 0x00, 0x00, 0x00, 0x00,
  0x73, 0x79, 0x73, 0x63, 0x61, 0x6c, 0x6c, 0x5f, 0x66, 0x6c, 0x69, 0x73,
  0x74, 0x78, 0x61, 0x74, 0x74, 0x72, 0x00, 0x00, 0x00, 0x00, 0x00, 0x00,
  0x73, 0x79, 0x73, 0x63, 0x61, 0x6c, 0x6c, 0x5f, 0x72, 0x65, 0x6d, 0x6f,
  0x76, 0x65, 0x78, 0x61, 0x74, 0x74, 0x72, 0x00, 0x00, 0x00, 0x00, 0x00,
  0x73, 0x79, 0x73, 0x63, 0x61, 0x6c, 0x6c, 0x5f, 0x6c, 0x72, 0x65, 0x6d,
  0x6f, 0x76, 0x65, 0x78, 0x61, 0x74, 0x74, 0x72, 0x00, 0x00, 0x00, 0x00,
  0x73, 0x79, 0x73, 0x63, 0x61, 0x6c, 0x6c, 0x5f, 0x66, 0x72, 0x65, 0x6d,
  0x6f, 0x76, 0x65, 0x78, 0x61, 0x74, 0x74, 0x72, 0x00, 0x00, 0x00, 0x00,
  0x73, 0x79, 0x73, 0x63, 0x61, 0x6c, 0x6c, 0x5f, 0x73, 0x65, 0x6e, 0x64,
  0x66, 0x69, 0x6c, 0x65, 0x36, 0x34, 0x00, 0x00, 0x00, 0x00, 0x00, 0x00,
  0x73, 0x79, 0x73, 0x63, 0x61, 0x6c, 0x6c, 0x5f, 0x69, 0x6f, 0x5f, 0x73,
  0x65, 0x74, 0x75, 0x70, 0x00, 0x00, 0x00, 0x00, 0x00, 0x00, 0x00, 0x00,
  0x73, 0x79, 0x73, 0x63, 0x61, 0x6c, 0x6c, 0x5f, 0x69, 0x6f, 0x5f, 0x64,
  0x65, 0x73, 0x74, 0x72, 0x6f, 0x79, 0x00, 0x00, 0x00, 0x00, 0x00, 0x00,
  0x73, 0x79, 0x73, 0x63, 0x61, 0x6c, 0x6c, 0x5f, 0x69, 0x6f, 0x5f, 0x67,
  0x65, 0x74, 0x65, 0x76, 0x65, 0x6e, 0x74, 0x73, 0x00, 0x00, 0x00, 0x00,
  0x73, 0x79, 0x73, 0x63, 0x61, 0x6c, 0x6c, 0x5f, 0x69, 0x6f, 0x5f, 0x73,
  0x75, 0x62, 0x6d, 0x69, 0x74, 0x00, 0x00, 0x00, 0x00, 0x00, 0x00, 0x00,
  0x73, 0x79, 0x73, 0x63, 0x61, 0x6c, 0x6c, 0x5f, 0x69, 0x6f, 0x5f, 0x63,
  0x61, 0x6e, 0x63, 0x65, 0x6c, 0x00, 0x00, 0x00, 0x00, 0x00, 0x00, 0x00,
  0x73, 0x79, 0x73, 0x63, 0x61, 0x6c, 0x6c, 0x5f, 0x6c, 0x6f, 0x6f, 0x6b,
  0x75, 0x70, 0x5f, 0x64, 0x63, 0x6f, 0x6f, 0x6b, 0x69, 0x65, 0x00, 0x00,
  0x73, 0x79, 0x73, 0x63, 0x61, 0x6c, 0x6c, 0x5f, 0x65, 0x70, 0x6f, 0x6c,
  0x6c, 0x5f, 0x63, 0x72, 0x65, 0x61, 0x74, 0x65, 0x00, 0x00, 0x00, 0x00,
  0x73, 0x79, 0x73, 0x63, 0x61, 0x6c, 0x6c, 0x5f, 0x65, 0x70, 0x6f, 0x6c,
  0x6c, 0x5f, 0x77, 0x61, 0x69, 0x74, 0x00, 0x00, 0x00, 0x00, 0x00, 0x00,
  0x73, 0x79, 0x73, 0x63, 0x61, 0x6c, 0x6c, 0x5f, 0x72, 0x65, 0x6d, 0x61,
  0x70, 0x5f, 0x66, 0x69, 0x6c, 0x65, 0x5f, 0x70, 0x61, 0x67, 0x65, 0x73,
  0x00, 0x00, 0x00, 0x00, 0x00, 0x00, 0x00, 0x00, 0x73, 0x79, 0x73, 0x63,
  0x61, 0x6c, 0x6c, 0x5f, 0x74, 0x67, 0x6b, 0x69, 0x6c, 0x6c, 0x00, 0x00,
  0x73, 0x79, 0x73, 0x63, 0x61, 0x6c, 0x6c, 0x5f, 0x75, 0x74, 0x69, 0x6d,
  0x65, 0x73, 0x00, 0x00, 0x73, 0x79, 0x73, 0x63, 0x61, 0x6c, 0x6c, 0x5f,
  0x61, 0x72, 0x6d, 0x5f, 0x66, 0x61, 0x64, 0x76, 0x69, 0x73, 0x65, 0x36,
  0x34, 0x5f, 0x36, 0x34, 0x00, 0x00, 0x00, 0x00, 0x00, 0x00, 0x00, 0x00,
  0x73, 0x79, 0x73, 0x63, 0x61, 0x6c, 0x6c, 0x5f, 0x70, 0x63, 0x69, 0x63,
  0x6f, 0x6e, 0x66, 0x69, 0x67, 0x5f, 0x69, 0x6f, 0x62, 0x61, 0x73, 0x65,
  0x00, 0x00, 0x00, 0x00, 0x00, 0x00, 0x00, 0x00, 0x73, 0x79, 0x73, 0x63,
  0x61, 0x6c, 0x6c, 0x5f, 0x70, 0x63, 0x69, 0x63, 0x6f, 0x6e, 0x66, 0x69,
  0x67, 0x5f, 0x72, 0x65, 0x61, 0x64, 0x00, 0x00, 0x73, 0x79, 0x73, 0x63,
  0x61, 0x6c, 0x6c, 0x5f, 0x70, 0x63, 0x69, 0x63, 0x6f, 0x6e, 0x66, 0x69,
  0x67, 0x5f, 0x77, 0x72, 0x69, 0x74, 0x65, 0x00, 0x73, 0x79, 0x73, 0x63,
  0x61, 0x6c, 0x6c, 0x5f, 0x77, 0x61, 0x69, 0x74, 0x69, 0x64, 0x00, 0x00,
  0x73, 0x79, 0x73, 0x63, 0x61, 0x6c, 0x6c, 0x5f, 0x73, 0x6f, 0x63, 0x6b,
  0x65, 0x74, 0x70, 0x61, 0x69, 0x72, 0x00, 0x00, 0x00, 0x00, 0x00, 0x00,
  0x73, 0x79, 0x73, 0x63, 0x61, 0x6c, 0x6c, 0x5f, 0x73, 0x68, 0x75, 0x74,
  0x64, 0x6f, 0x77, 0x6e, 0x00, 0x00, 0x00, 0x00, 0x00, 0x00, 0x00, 0x00,
  0x73, 0x79, 0x73, 0x63, 0x61, 0x6c, 0x6c, 0x5f, 0x73, 0x65, 0x6d, 0x6f,
  0x70, 0x00, 0x00, 0x00, 0x73, 0x79, 0x73, 0x63, 0x61, 0x6c, 0x6c, 0x5f,
  0x73, 0x65, 0x6d, 0x67, 0x65, 0x74, 0x00, 0x00, 0x73, 0x79, 0x73, 0x63,
  0x61, 0x6c, 0x6c, 0x5f, 0x73, 0x65, 0x6d, 0x63, 0x74, 0x6c, 0x00, 0x00,
  0x73, 0x79, 0x73, 0x63, 0x61, 0x6c, 0x6c, 0x5f, 0x6d, 0x73, 0x67, 0x73,
  0x6e, 0x64, 0x00, 0x00, 0x73, 0x79, 0x73, 0x63, 0x61, 0x6c, 0x6c, 0x5f,
  0x6d, 0x73, 0x67, 0x72, 0x63, 0x76, 0x00, 0x00, 0x73, 0x79, 0x73, 0x63,
  0x61, 0x6c, 0x6c, 0x5f, 0x6d, 0x73, 0x67, 0x67, 0x65, 0x74, 0x00, 0x00,
  0x73, 0x79, 0x73, 0x63, 0x61, 0x6c, 0x6c, 0x5f, 0x6d, 0x73, 0x67, 0x63,
  0x74, 0x6c, 0x00, 0x00, 0x73, 0x79, 0x73, 0x63, 0x61, 0x6c, 0x6c, 0x5f,
  0x61, 0x64, 0x64, 0x5f, 0x6b, 0x65, 0x79, 0x00, 0x73, 0x79, 0x73, 0x63,
  0x61, 0x6c, 0x6c, 0x5f, 0x72, 0x65, 0x71, 0x75, 0x65, 0x73, 0x74, 0x5f,
  0x6b, 0x65, 0x79, 0x00, 0x00, 0x00, 0x00, 0x00, 0x73, 0x79, 0x73, 0x63,
  0x61, 0x6c, 0x6c, 0x5f, 0x6b, 0x65, 0x79, 0x63, 0x74, 0x6c, 0x00, 0x00,
  0x73, 0x79, 0x73, 0x63, 0x61, 0x6c, 0x6c, 0x5f, 0x73, 0x65, 0x6d, 0x74,
  0x69, 0x6d, 0x65, 0x64, 0x6f, 0x70, 0x00, 0x00, 0x00, 0x00, 0x00, 0x00,
  0x73, 0x79, 0x73, 0x63, 0x61, 0x6c, 0x6c, 0x5f, 0x76, 0x73, 0x65, 0x72,
  0x76, 0x65, 0x72, 0x00, 0x73, 0x79, 0x73, 0x63, 0x61, 0x6c, 0x6c, 0x5f,
  0x69, 0x6f, 0x70, 0x72, 0x69, 0x6f, 0x5f, 0x73, 0x65, 0x74, 0x00, 0x00,
  0x00, 0x00, 0x00, 0x00, 0x73, 0x79, 0x73, 0x63, 0x61, 0x6c, 0x6c, 0x5f,
  0x69, 0x6f, 0x70, 0x72, 0x69, 0x6f, 0x5f, 0x67, 0x65, 0x74, 0x00, 0x00,
  0x00, 0x00, 0x00, 0x00, 0x73, 0x79, 0x73, 0x63, 0x61, 0x6c, 0x6c, 0x5f,
  0x69, 0x6e, 0x6f, 0x74, 0x69, 0x66, 0x79, 0x5f, 0x69, 0x6e, 0x69, 0x74,
  0x00, 0x00, 0x00, 0x00, 0x73, 0x79, 0x73, 0x63, 0x61, 0x6c, 0x6c, 0x5f,
  0x69, 0x6e, 0x6f, 0x74, 0x69, 0x66, 0x79, 0x5f, 0x61, 0x64, 0x64, 0x5f,
  0x77, 0x61, 0x74, 0x63, 0x68, 0x00, 0x00, 0x00, 0x00, 0x00, 0x00, 0x00,
  0x73, 0x79, 0x73, 0x63, 0x61, 0x6c, 0x6c, 0x5f, 0x69, 0x6e, 0x6f, 0x74,
  0x69, 0x66, 0x79, 0x5f, 0x72, 0x6d, 0x5f, 0x77, 0x61, 0x74, 0x63, 0x68,
  0x00, 0x00, 0x00, 0x00, 0x00, 0x00, 0x00, 0x00, 0x73, 0x79, 0x73, 0x63,
  0x61, 0x6c, 0x6c, 0x5f, 0x6d, 0x62, 0x69, 0x6e, 0x64, 0x00, 0x00, 0x00,
  0x73, 0x79, 0x73, 0x63, 0x61, 0x6c, 0x6c, 0x5f, 0x67, 0x65, 0x74, 0x5f,
  0x6d, 0x65, 0x6d, 0x70, 0x6f, 0x6c, 0x69, 0x63, 0x79, 0x00, 0x00, 0x00,
  0x73, 0x79, 0x73, 0x63, 0x61, 0x6c, 0x6c, 0x5f, 0x73, 0x65, 0x74, 0x5f,
  0x6d, 0x65, 0x6d, 0x70, 0x6f, 0x6c, 0x69, 0x63, 0x79, 0x00, 0x00, 0x00,
  0x73, 0x79, 0x73, 0x63, 0x61, 0x6c, 0x6c, 0x5f, 0x6d, 0x6b, 0x64, 0x69,
  0x72, 0x61, 0x74, 0x00, 0x73, 0x79, 0x73, 0x63, 0x61, 0x6c, 0x6c, 0x5f,
  0x6d, 0x6b, 0x6e, 0x6f, 0x64, 0x61, 0x74, 0x00, 0x73, 0x79, 0x73, 0x63,
  0x61, 0x6c, 0x6c, 0x5f, 0x66, 0x63, 0x68, 0x6f, 0x77, 0x6e, 0x61, 0x74,
  0x00, 0x00, 0x00, 0x00, 0x00, 0x00, 0x00, 0x00, 0x73, 0x79, 0x73, 0x63,
  0x61, 0x6c, 0x6c, 0x5f, 0x66, 0x75, 0x74, 0x69, 0x6d, 0x65, 0x73, 0x61,
  0x74, 0x00, 0x00, 0x00, 0x00, 0x00, 0x00, 0x00, 0x73, 0x79, 0x73, 0x63,
  0x61, 0x6c, 0x6c, 0x5f, 0x66, 0x73, 0x74, 0x61, 0x74, 0x61, 0x74, 0x36,
  0x34, 0x00, 0x00, 0x00, 0x00, 0x00, 0x00, 0x00, 0x73, 0x79, 0x73, 0x63,
  0x61, 0x6c, 0x6c, 0x5f, 0x75, 0x6e, 0x6c, 0x69, 0x6e, 0x6b, 0x61, 0x74,
  0x00, 0x00, 0x00, 0x00, 0x00, 0x00, 0x00, 0x00, 0x73, 0x79, 0x73, 0x63,
  0x61, 0x6c, 0x6c, 0x5f, 0x72, 0x65, 0x6e, 0x61, 0x6d, 0x65, 0x61, 0x74,
  0x00, 0x00, 0x00, 0x00, 0x00, 0x00, 0x00, 0x00, 0x73, 0x79, 0x73, 0x63,
  0x61, 0x6c, 0x6c, 0x5f, 0x6c, 0x69, 0x6e, 0x6b, 0x61, 0x74, 0x00, 0x00,
  0x73, 0x79, 0x73, 0x63, 0x61, 0x6c, 0x6c, 0x5f, 0x73, 0x79, 0x6d, 0x6c,
  0x69, 0x6e, 0x6b, 0x61, 0x74, 0x00, 0x00, 0x00, 0x00, 0x00, 0x00, 0x00,
  0x73, 0x79, 0x73, 0x63, 0x61, 0x6c, 0x6c, 0x5f, 0x72, 0x65, 0x61, 0x64,
  0x6c, 0x69, 0x6e, 0x6b, 0x61, 0x74, 0x00, 0x00, 0x00, 0x00, 0x00, 0x00,
  0x73, 0x79, 0x73, 0x63, 0x61, 0x6c, 0x6c, 0x5f, 0x66, 0x63, 0x68, 0x6d,
  0x6f, 0x64, 0x61, 0x74, 0x00, 0x00, 0x00, 0x00, 0x00, 0x00, 0x00, 0x00,
  0x73, 0x79, 0x73, 0x63, 0x61, 0x6c, 0x6c, 0x5f, 0x66, 0x61, 0x63, 0x63,
  0x65, 0x73, 0x73, 0x61, 0x74, 0x00, 0x00, 0x00, 0x00, 0x00, 0x00, 0x00,
  0x73, 0x79, 0x73, 0x63, 0x61, 0x6c, 0x6c, 0x5f, 0x70, 0x73, 0x65, 0x6c,
  0x65, 0x63, 0x74, 0x36, 0x00, 0x00, 0x00, 0x00, 0x00, 0x00, 0x00, 0x00,
  0x73, 0x79, 0x73, 0x63, 0x61, 0x6c, 0x6c, 0x5f, 0x70, 0x70, 0x6f, 0x6c,
  0x6c, 0x00, 0x00, 0x00, 0x73, 0x79, 0x73, 0x63, 0x61, 0x6c, 0x6c, 0x5f,
  0x75, 0x6e, 0x73, 0x68, 0x61, 0x72, 0x65, 0x00, 0x73, 0x79, 0x73, 0x63,
  0x61, 0x6c, 0x6c, 0x5f, 0x73, 0x65, 0x74, 0x5f, 0x72, 0x6f, 0x62, 0x75,
  0x73, 0x74, 0x5f, 0x6c, 0x69, 0x73, 0x74, 0x00, 0x73, 0x79, 0x73, 0x63,
  0x61, 0x6c, 0x6c, 0x5f, 0x67, 0x65, 0x74, 0x5f, 0x72, 0x6f, 0x62, 0x75,
  0x73, 0x74, 0x5f, 0x6c, 0x69, 0x73, 0x74, 0x00, 0x73, 0x79, 0x73, 0x63,
  0x61, 0x6c, 0x6c, 0x5f, 0x73, 0x70, 0x6c, 0x69, 0x63, 0x65, 0x00, 0x00,
  0x73, 0x79, 0x73, 0x63, 0x61, 0x6c, 0x6c, 0x5f, 0x61, 0x72, 0x6d, 0x5f,
  0x73, 0x79, 0x6e, 0x63, 0x5f, 0x66, 0x69, 0x6c, 0x65, 0x5f, 0x72, 0x61,
  0x6e, 0x67, 0x65, 0x00, 0x00, 0x00, 0x00, 0x00, 0x73, 0x79, 0x73, 0x63,
  0x61, 0x6c, 0x6c, 0x5f, 0x74, 0x65, 0x65, 0x00, 0x00, 0x00, 0x00, 0x00,
  0x73, 0x79, 0x73, 0x63, 0x61, 0x6c, 0x6c, 0x5f, 0x76, 0x6d, 0x73, 0x70,
  0x6c, 0x69, 0x63, 0x65, 0x00, 0x00, 0x00, 0x00, 0x00, 0x00, 0x00, 0x00,
  0x73, 0x79, 0x73, 0x63, 0x61, 0x6c, 0x6c, 0x5f, 0x6d, 0x6f, 0x76, 0x65,
  0x5f, 0x70, 0x61, 0x67, 0x65, 0x73, 0x00, 0x00, 0x00, 0x00, 0x00, 0x00,
  0x73, 0x79, 0x73, 0x63, 0x61, 0x6c, 0x6c, 0x5f, 0x67, 0x65, 0x74, 0x63,
  0x70, 0x75, 0x00, 0x00, 0x73, 0x79, 0x73, 0x63, 0x61, 0x6c, 0x6c, 0x5f,
  0x6b, 0x65, 0x78, 0x65, 0x63, 0x5f, 0x6c, 0x6f, 0x61, 0x64, 0x00, 0x00,
  0x00, 0x00, 0x00, 0x00, 0x73, 0x79, 0x73, 0x63, 0x61, 0x6c, 0x6c, 0x5f,
  0x73, 0x69, 0x67, 0x6e, 0x61, 0x6c, 0x66, 0x64, 0x00, 0x00, 0x00, 0x00,
  0x00, 0x00, 0x00, 0x00, 0x73, 0x79, 0x73, 0x63, 0x61, 0x6c, 0x6c, 0x5f,
  0x65, 0x76, 0x65, 0x6e, 0x74, 0x66, 0x64, 0x00, 0x73, 0x79, 0x73, 0x63,
  0x61, 0x6c, 0x6c, 0x5f, 0x66, 0x61, 0x6c, 0x6c, 0x6f, 0x63, 0x61, 0x74,
  0x65, 0x00, 0x00, 0x00, 0x00, 0x00, 0x00, 0x00, 0x73, 0x79, 0x73, 0x63,
  0x61, 0x6c, 0x6c, 0x5f, 0x64, 0x75, 0x70, 0x33, 0x00, 0x00, 0x00, 0x00,
  0x73, 0x79, 0x73, 0x63, 0x61, 0x6c, 0x6c, 0x5f, 0x70, 0x69, 0x70, 0x65,
  0x32, 0x00, 0x00, 0x00, 0x73, 0x79, 0x73, 0x63, 0x61, 0x6c, 0x6c, 0x5f,
  0x69, 0x6e, 0x6f, 0x74, 0x69, 0x66, 0x79, 0x5f, 0x69, 0x6e, 0x69, 0x74,
  0x31, 0x00, 0x00, 0x00, 0x73, 0x79, 0x73, 0x63, 0x61, 0x6c, 0x6c, 0x5f,
  0x70, 0x72, 0x65, 0x61, 0x64, 0x76, 0x00, 0x00, 0x73, 0x79, 0x73, 0x63,
  0x61, 0x6c, 0x6c, 0x5f, 0x70, 0x77, 0x72, 0x69, 0x74, 0x65, 0x76, 0x00,
  0x73, 0x79, 0x73, 0x63, 0x61, 0x6c, 0x6c, 0x5f, 0x72, 0x74, 0x5f, 0x74,
  0x67, 0x73, 0x69, 0x67, 0x71, 0x75, 0x65, 0x75, 0x65, 0x69, 0x6e, 0x66,
  0x6f, 0x00, 0x00, 0x00, 0x00, 0x00, 0x00, 0x00, 0x73, 0x79, 0x73, 0x63,
  0x61, 0x6c, 0x6c, 0x5f, 0x70, 0x65, 0x72, 0x66, 0x5f, 0x65, 0x76, 0x65,
  0x6e, 0x74, 0x5f, 0x6f, 0x70, 0x65, 0x6e, 0x00, 0x73, 0x79, 0x73, 0x63,
  0x61, 0x6c, 0x6c, 0x5f, 0x72, 0x65, 0x63, 0x76, 0x6d, 0x6d, 0x73, 0x67,
  0x00, 0x00, 0x00, 0x00, 0x00, 0x00, 0x00, 0x00, 0x73, 0x79, 0x73, 0x63,
  0x61, 0x6c, 0x6c, 0x5f, 0x61, 0x63, 0x63, 0x65, 0x70, 0x74, 0x34, 0x00,
  0x73, 0x79, 0x73, 0x63, 0x61, 0x6c, 0x6c, 0x5f, 0x66, 0x61, 0x6e, 0x6f,
  0x74, 0x69, 0x66, 0x79, 0x5f, 0x69, 0x6e, 0x69, 0x74, 0x00, 0x00, 0x00,
  0x73, 0x79, 0x73, 0x63, 0x61, 0x6c, 0x6c, 0x5f, 0x66, 0x61, 0x6e, 0x6f,
  0x74, 0x69, 0x66, 0x79, 0x5f, 0x6d, 0x61, 0x72, 0x6b, 0x00, 0x00, 0x00,
  0x73, 0x79, 0x73, 0x63, 0x61, 0x6c, 0x6c, 0x5f, 0x6e, 0x61, 0x6d, 0x65,
  0x5f, 0x74, 0x6f, 0x5f, 0x68, 0x61, 0x6e, 0x64, 0x6c, 0x65, 0x5f, 0x61,
  0x74, 0x00, 0x00, 0x00, 0x00, 0x00, 0x00, 0x00, 0x73, 0x79, 0x73, 0x63,
  0x61, 0x6c, 0x6c, 0x5f, 0x6f, 0x70, 0x65, 0x6e, 0x5f, 0x62, 0x79, 0x5f,
  0x68, 0x61, 0x6e, 0x64, 0x6c, 0x65, 0x5f, 0x61, 0x74, 0x00, 0x00, 0x00,
  0x00, 0x00, 0x00, 0x00, 0x73, 0x79, 0x73, 0x63, 0x61, 0x6c, 0x6c, 0x5f,
  0x63, 0x6c, 0x6f, 0x63, 0x6b, 0x5f, 0x61, 0x64, 0x6a, 0x74, 0x69, 0x6d,
  0x65, 0x00, 0x00, 0x00, 0x73, 0x79, 0x73, 0x63, 0x61, 0x6c, 0x6c, 0x5f,
  0x73, 0x79, 0x6e, 0x63, 0x66, 0x73, 0x00, 0x00, 0x73, 0x79, 0x73, 0x63,
  0x61, 0x6c, 0x6c, 0x5f, 0x73, 0x65, 0x6e, 0x64, 0x6d, 0x6d, 0x73, 0x67,
  0x00, 0x00, 0x00, 0x00, 0x00, 0x00, 0x00, 0x00, 0x73, 0x79, 0x73, 0x63,
  0x61, 0x6c, 0x6c, 0x5f, 0x73, 0x65, 0x74, 0x6e, 0x73, 0x00, 0x00, 0x00,
  0x73, 0x79, 0x73, 0x63, 0x61, 0x6c, 0x6c, 0x5f, 0x70, 0x72, 0x6f, 0x63,
  0x65, 0x73, 0x73, 0x5f, 0x76, 0x6d, 0x5f, 0x72, 0x65, 0x61, 0x64, 0x76,
  0x00, 0x00, 0x00, 0x00, 0x00, 0x00, 0x00, 0x00, 0x73, 0x79, 0x73, 0x63,
  0x61, 0x6c, 0x6c, 0x5f, 0x70, 0x72, 0x6f, 0x63, 0x65, 0x73, 0x73, 0x5f,
  0x76, 0x6d, 0x5f, 0x77, 0x72, 0x69, 0x74, 0x65, 0x76, 0x00, 0x00, 0x00,
  0x00, 0x00, 0x00, 0x00, 0x73, 0x79, 0x73, 0x63, 0x61, 0x6c, 0x6c, 0x5f,
  0x6b, 0x63, 0x6d, 0x70, 0x00, 0x00, 0x00, 0x00, 0x73, 0x79, 0x73, 0x63,
  0x61, 0x6c, 0x6c, 0x5f, 0x66, 0x69, 0x6e, 0x69, 0x74, 0x5f, 0x6d, 0x6f,
  0x64, 0x75, 0x6c, 0x65, 0x00, 0x00, 0x00, 0x00, 0x73, 0x79, 0x73, 0x63,
  0x61, 0x6c, 0x6c, 0x5f, 0x73, 0x63, 0x68, 0x65, 0x64, 0x5f, 0x73, 0x65,
  0x74, 0x61, 0x74, 0x74, 0x72, 0x00, 0x00, 0x00, 0x73, 0x79, 0x73, 0x63,
  0x61, 0x6c, 0x6c, 0x5f, 0x73, 0x63, 0x68, 0x65, 0x64, 0x5f, 0x67, 0x65,
  0x74, 0x61, 0x74, 0x74, 0x72, 0x00, 0x00, 0x00, 0x73, 0x79, 0x73, 0x63,
  0x61, 0x6c, 0x6c, 0x5f, 0x72, 0x65, 0x6e, 0x61, 0x6d, 0x65, 0x61, 0x74,
  0x32, 0x00, 0x00, 0x00, 0x00, 0x00, 0x00, 0x00, 0x73, 0x79, 0x73, 0x63,
  0x61, 0x6c, 0x6c, 0x5f, 0x73, 0x65, 0x63, 0x63, 0x6f, 0x6d, 0x70, 0x00,
  0x73, 0x79, 0x73, 0x63, 0x61, 0x6c, 0x6c, 0x5f, 0x62, 0x70, 0x66, 0x00,
  0x00, 0x00, 0x00, 0x00, 0x73, 0x79, 0x73, 0x63, 0x61, 0x6c, 0x6c, 0x5f,
  0x65, 0x78, 0x65, 0x63, 0x76, 0x65, 0x61, 0x74, 0x00, 0x00, 0x00, 0x00,
  0x00, 0x00, 0x00, 0x00, 0x73, 0x79, 0x73, 0x63, 0x61, 0x6c, 0x6c, 0x5f,
  0x75, 0x73, 0x65, 0x72, 0x66, 0x61, 0x75, 0x6c, 0x74, 0x66, 0x64, 0x00,
  0x00, 0x00, 0x00, 0x00, 0x73, 0x79, 0x73, 0x63, 0x61, 0x6c, 0x6c, 0x5f,
  0x6d, 0x65, 0x6d, 0x62, 0x61, 0x72, 0x72, 0x69, 0x65, 0x72, 0x00, 0x00,
  0x00, 0x00, 0x00, 0x00, 0x73, 0x79, 0x73, 0x63, 0x61, 0x6c, 0x6c, 0x5f,
  0x6d, 0x6c, 0x6f, 0x63, 0x6b, 0x32, 0x00, 0x00, 0x73, 0x79, 0x73, 0x63,
  0x61, 0x6c, 0x6c, 0x5f, 0x63, 0x6f, 0x70, 0x79, 0x5f, 0x66, 0x69, 0x6c,
  0x65, 0x5f, 0x72, 0x61, 0x6e, 0x67, 0x65, 0x00, 0x73, 0x79, 0x73, 0x63,
  0x61, 0x6c, 0x6c, 0x5f, 0x70, 0x72, 0x65, 0x61, 0x64, 0x76, 0x32, 0x00,
  0x73, 0x79, 0x73, 0x63, 0x61, 0x6c, 0x6c, 0x5f, 0x70, 0x77, 0x72, 0x69,
  0x74, 0x65, 0x76, 0x32, 0x00, 0x00, 0x00, 0x00, 0x00, 0x00, 0x00, 0x00,
  0x73, 0x79, 0x73, 0x63, 0x61, 0x6c, 0x6c, 0x5f, 0x70, 0x6b, 0x65, 0x79,
  0x5f, 0x6d, 0x70, 0x72, 0x6f, 0x74, 0x65, 0x63, 0x74, 0x00, 0x00, 0x00,
  0x73, 0x79, 0x73, 0x63, 0x61, 0x6c, 0x6c, 0x5f, 0x70, 0x6b, 0x65, 0x79,
  0x5f, 0x61, 0x6c, 0x6c, 0x6f, 0x63, 0x00, 0x00, 0x00, 0x00, 0x00, 0x00,
  0x73, 0x79, 0x73, 0x63, 0x61, 0x6c, 0x6c, 0x5f, 0x70, 0x6b, 0x65, 0x79,
  0x5f, 0x66, 0x72, 0x65, 0x65, 0x00, 0x00, 0x00, 0x00, 0x00, 0x00, 0x00,
  0x73, 0x79, 0x73, 0x63, 0x61, 0x6c, 0x6c, 0x5f, 0x73, 0x74, 0x61, 0x74,
  0x78, 0x00, 0x00, 0x00, 0x73, 0x79, 0x73, 0x63, 0x61, 0x6c, 0x6c, 0x5f,
  0x72, 0x73, 0x65, 0x71, 0x00, 0x00, 0x00, 0x00, 0x73, 0x79, 0x73, 0x63,
  0x61, 0x6c, 0x6c, 0x5f, 0x69, 0x6f, 0x5f, 0x70, 0x67, 0x65, 0x74, 0x65,
  0x76, 0x65, 0x6e, 0x74, 0x73, 0x00, 0x00, 0x00, 0xf0, 0x1f, 0x40, 0x00,
  0x00, 0x00, 0x00, 0x00, 0x00, 0x0c, 0x40, 0x00, 0x00, 0x00, 0x00, 0x00,
  0x50, 0x1a, 0x40, 0x00, 0x00, 0x00, 0x00, 0x00, 0x30, 0x15, 0x40, 0x00,
  0x00, 0x00, 0x00, 0x00, 0x10, 0x15, 0x40, 0x00, 0x00, 0x00, 0x00, 0x00,
  0xf0, 0x14, 0x40, 0x00, 0x00, 0x00, 0x00, 0x00, 0xf0, 0x0b, 0x40, 0x00,
  0x00, 0x00, 0x00, 0x00, 0x00, 0x00, 0x00, 0x00, 0x00, 0x00, 0x00, 0x00,
  0x30, 0x20, 0x40, 0x00, 0x00, 0x00, 0x00, 0x00, 0x80, 0x0f, 0x40, 0x00,
  0x00, 0x00, 0x00, 0x00, 0xe0, 0x0b, 0x40, 0x00, 0x00, 0x00, 0x00, 0x00,
  0xd0, 0x14, 0x40, 0x00, 0x00, 0x00, 0x00, 0x00, 0xd0, 0x0b, 0x40, 0x00,
  0x00, 0x00, 0x00, 0x00, 0x00, 0x00, 0x00, 0x00, 0x00, 0x00, 0x00, 0x00,
  0x70, 0x20, 0x40, 0x00, 0x00, 0x00, 0x00, 0x00, 0x70, 0x0f, 0x40, 0x00,
  0x00, 0x00, 0x00, 0x00, 0xf0, 0x1e, 0x40, 0x00, 0x00, 0x00, 0x00, 0x00,
  0x00, 0x00, 0x00, 0x00, 0x00, 0x00, 0x00, 0x00, 0x00, 0x00, 0x00, 0x00,
  0x00, 0x00, 0x00, 0x00, 0x60, 0x1a, 0x40, 0x00, 0x00, 0x00, 0x00, 0x00,
  0x40, 0x1a, 0x40, 0x00, 0x00, 0x00, 0x00, 0x00, 0xd0, 0x19, 0x40, 0x00,
  0x00, 0x00, 0x00, 0x00, 0x00, 0x00, 0x00, 0x00, 0x00, 0x00, 0x00, 0x00,
  0x30, 0x1f, 0x40, 0x00, 0x00, 0x00, 0x00, 0x00, 0x70, 0x1f, 0x40, 0x00,
  0x00, 0x00, 0x00, 0x00, 0x00, 0x00, 0x00, 0x00, 0x00, 0x00, 0x00, 0x00,
  0xb0, 0x1c, 0x40, 0x00, 0x00, 0x00, 0x00, 0x00, 0x00, 0x00, 0x00, 0x00,
  0x00, 0x00, 0x00, 0x00, 0x00, 0x00, 0x00, 0x00, 0x00, 0x00, 0x00, 0x00,
  0xf0, 0x1c, 0x40, 0x00, 0x00, 0x00, 0x00, 0x00, 0x00, 0x00, 0x00, 0x00,
  0x00, 0x00, 0x00, 0x00, 0x00, 0x00, 0x00, 0x00, 0x00, 0x00, 0x00, 0x00,
  0x00, 0x00, 0x00, 0x00, 0x00, 0x00, 0x00, 0x00, 0x60, 0x0f, 0x40, 0x00,
  0x00, 0x00, 0x00, 0x00, 0x30, 0x1d, 0x40, 0x00, 0x00, 0x00, 0x00, 0x00,
  0x00, 0x00, 0x00, 0x00, 0x00, 0x00, 0x00, 0x00, 0x70, 0x1d, 0x40, 0x00,
  0x00, 0x00, 0x00, 0x00, 0x40, 0x0f, 0x40, 0x00, 0x00, 0x00, 0x00, 0x00,
  0x30, 0x0f, 0x40, 0x00, 0x00, 0x00, 0x00, 0x00, 0x20, 0x0f, 0x40, 0x00,
  0x00, 0x00, 0x00, 0x00, 0xc0, 0x0b, 0x40, 0x00, 0x00, 0x00, 0x00, 0x00,
  0xb0, 0x0b, 0x40, 0x00, 0x00, 0x00, 0x00, 0x00, 0xa0, 0x0b, 0x40, 0x00,
  0x00, 0x00, 0x00, 0x00, 0xb0, 0x1d, 0x40, 0x00, 0x00, 0x00, 0x00, 0x00,
  0x00, 0x00, 0x00, 0x00, 0x00, 0x00, 0x00, 0x00, 0x90, 0x0b, 0x40, 0x00,
  0x00, 0x00, 0x00, 0x00, 0xf0, 0x1d, 0x40, 0x00, 0x00, 0x00, 0x00, 0x00,
  0x30, 0x1e, 0x40, 0x00, 0x00, 0x00, 0x00, 0x00, 0x00, 0x00, 0x00, 0x00,
  0x00, 0x00, 0x00, 0x00, 0x70, 0x1e, 0x40, 0x00, 0x00, 0x00, 0x00, 0x00,
  0x30, 0x1b, 0x40, 0x00, 0x00, 0x00, 0x00, 0x00, 0x70, 0x1b, 0x40, 0x00,
  0x00, 0x00, 0x00, 0x00, 0x10, 0x0f, 0x40, 0x00, 0x00, 0x00, 0x00, 0x00,
  0x00, 0x00, 0x00, 0x00, 0x00, 0x00, 0x00, 0x00, 0xb0, 0x14, 0x40, 0x00,
  0x00, 0x00, 0x00, 0x00, 0x10, 0x1b, 0x40, 0x00, 0x00, 0x00, 0x00, 0x00,
  0x00, 0x00, 0x00, 0x00, 0x00, 0x00, 0x00, 0x00, 0xb0, 0x1e, 0x40, 0x00,
  0x00, 0x00, 0x00, 0x00, 0x00, 0x00, 0x00, 0x00, 0x00, 0x00, 0x00, 0x00,
  0x00, 0x00, 0x00, 0x00, 0x00, 0x00, 0x00, 0x00, 0xb0, 0x1b, 0x40, 0x00,
  0x00, 0x00, 0x00, 0x00, 0xf0, 0x1b, 0x40, 0x00, 0x00, 0x00, 0x00, 0x00,
  0x30, 0x1c, 0x40, 0x00, 0x00, 0x00, 0x00, 0x00, 0xf0, 0x0e, 0x40, 0x00,
  0x00, 0x00, 0x00, 0x00, 0x70, 0x1c, 0x40, 0x00, 0x00, 0x00, 0x00, 0x00,
  0xb0, 0x4a, 0x40, 0x00, 0x00, 0x00, 0x00, 0x00, 0x30, 0x1a, 0x40, 0x00,
  0x00, 0x00, 0x00, 0x00, 0x80, 0x17, 0x40, 0x00, 0x00, 0x00, 0x00, 0x00,
  0x00, 0x00, 0x00, 0x00, 0x00, 0x00, 0x00, 0x00, 0x00, 0x00, 0x00, 0x00,
  0x00, 0x00, 0x00, 0x00, 0xf0, 0x4a, 0x40, 0x00, 0x00, 0x00, 0x00, 0x00,
  0x30, 0x4b, 0x40, 0x00, 0x00, 0x00, 0x00, 0x00, 0x70, 0x4b, 0x40, 0x00,
  0x00, 0x00, 0x00, 0x00, 0xb0, 0x4b, 0x40, 0x00, 0x00, 0x00, 0x00, 0x00,
  0xf0, 0x4b, 0x40, 0x00, 0x00, 0x00, 0x00, 0x00, 0xd0, 0x0e, 0x40, 0x00,
  0x00, 0x00, 0x00, 0x00, 0x00, 0x00, 0x00, 0x00, 0x00, 0x00, 0x00, 0x00,
  0x30, 0x4c, 0x40, 0x00, 0x00, 0x00, 0x00, 0x00, 0x70, 0x4c, 0x40, 0x00,
  0x00, 0x00, 0x00, 0x00, 0xb0, 0x4c, 0x40, 0x00, 0x00, 0x00, 0x00, 0x00,
  0xf0, 0x4c, 0x40, 0x00, 0x00, 0x00, 0x00, 0x00, 0x30, 0x4d, 0x40, 0x00,
  0x00, 0x00, 0x00, 0x00, 0x00, 0x00, 0x00, 0x00, 0x00, 0x00, 0x00, 0x00,
  0xc0, 0x0e, 0x40, 0x00, 0x00, 0x00, 0x00, 0x00, 0x00, 0x00, 0x00, 0x00,
  0x00, 0x00, 0x00, 0x00, 0x90, 0x14, 0x40, 0x00, 0x00, 0x00, 0x00, 0x00,
  0x70, 0x4d, 0x40, 0x00, 0x00, 0x00, 0x00, 0x00, 0xb0, 0x4d, 0x40, 0x00,
  0x00, 0x00, 0x00, 0x00, 0x80, 0x0b, 0x40, 0x00, 0x00, 0x00, 0x00, 0x00,
  0x00, 0x00, 0x00, 0x00, 0x00, 0x00, 0x00, 0x00, 0x00, 0x00, 0x00, 0x00,
  0x00, 0x00, 0x00, 0x00, 0xb0, 0x0e, 0x40, 0x00, 0x00, 0x00, 0x00, 0x00,
  0xf0, 0x4d, 0x40, 0x00, 0x00, 0x00, 0x00, 0x00, 0x90, 0x0e, 0x40, 0x00,
  0x00, 0x00, 0x00, 0x00, 0x30, 0x4e, 0x40, 0x00, 0x00, 0x00, 0x00, 0x00,
  0x70, 0x4e, 0x40, 0x00, 0x00, 0x00, 0x00, 0x00, 0xb0, 0x4e, 0x40, 0x00,
  0x00, 0x00, 0x00, 0x00, 0xf0, 0x4e, 0x40, 0x00, 0x00, 0x00, 0x00, 0x00,
  0x00, 0x00, 0x00, 0x00, 0x00, 0x00, 0x00, 0x00, 0x80, 0x0e, 0x40, 0x00,
  0x00, 0x00, 0x00, 0x00, 0x60, 0x0e, 0x40, 0x00, 0x00, 0x00, 0x00, 0x00,
  0x00, 0x00, 0x00, 0x00, 0x00, 0x00, 0x00, 0x00, 0x00, 0x00, 0x00, 0x00,
  0x00, 0x00, 0x00, 0x00, 0x30, 0x4f, 0x40, 0x00, 0x00, 0x00, 0x00, 0x00,
  0x70, 0x14, 0x40, 0x00, 0x00, 0x00, 0x00, 0x00, 0x70, 0x4f, 0x40, 0x00,
  0x00, 0x00, 0x00, 0x00, 0x50, 0x0e, 0x40, 0x00, 0x00, 0x00, 0x00, 0x00,
  0x40, 0x0e, 0x40, 0x00, 0x00, 0x00, 0x00, 0x00, 0xb0, 0x4f, 0x40, 0x00,
  0x00, 0x00, 0x00, 0x00, 0x00, 0x00, 0x00, 0x00, 0x00, 0x00, 0x00, 0x00,
  0x00, 0x00, 0x00, 0x00, 0x00, 0x00, 0x00, 0x00, 0xf0, 0x4f, 0x40, 0x00,
  0x00, 0x00, 0x00, 0x00, 0x00, 0x00, 0x00, 0x00, 0x00, 0x00, 0x00, 0x00,
  0x00, 0x00, 0x00, 0x00, 0x00, 0x00, 0x00, 0x00, 0x30, 0x50, 0x40, 0x00,
  0x00, 0x00, 0x00, 0x00, 0x70, 0x50, 0x40, 0x00, 0x00, 0x00, 0x00, 0x00,
  0x70, 0x0b, 0x40, 0x00, 0x00, 0x00, 0x00, 0x00, 0x00, 0x00, 0x00, 0x00,
  0x00, 0x00, 0x00, 0x00, 0x60, 0x0b, 0x40, 0x00, 0x00, 0x00, 0x00, 0x00,
  0xb0, 0x50, 0x40, 0x00, 0x00, 0x00, 0x00, 0x00, 0xf0, 0x50, 0x40, 0x00,
  0x00, 0x00, 0x00, 0x00, 0x30, 0x51, 0x40, 0x00, 0x00, 0x00, 0x00, 0x00,
  0x50, 0x0b, 0x40, 0x00, 0x00, 0x00, 0x00, 0x00, 0x00, 0x00, 0x00, 0x00,
  0x00, 0x00, 0x00, 0x00, 0x70, 0x51, 0x40, 0x00, 0x00, 0x00, 0x00, 0x00,
  0xb0, 0x51, 0x40, 0x00, 0x00, 0x00, 0x00, 0x00, 0x50, 0x17, 0x40, 0x00,
  0x00, 0x00, 0x00, 0x00, 0x00, 0x00, 0x00, 0x00, 0x00, 0x00, 0x00, 0x00,
  0xf0, 0x51, 0x40, 0x00, 0x00, 0x00, 0x00, 0x00, 0x30, 0x52, 0x40, 0x00,
  0x00, 0x00, 0x00, 0x00, 0x00, 0x00, 0x00, 0x00, 0x00, 0x00, 0x00, 0x00,
  0x10, 0x0c, 0x40, 0x00, 0x00, 0x00, 0x00, 0x00, 0xb0, 0x46, 0x40, 0x00,
  0x00, 0x00, 0x00, 0x00, 0xf0, 0x46, 0x40, 0x00, 0x00, 0x00, 0x00, 0x00,
  0x30, 0x47, 0x40, 0x00, 0x00, 0x00, 0x00, 0x00, 0x70, 0x47, 0x40, 0x00,
  0x00, 0x00, 0x00, 0x00, 0xb0, 0x47, 0x40, 0x00, 0x00, 0x00, 0x00, 0x00,
  0x00, 0x00, 0x00, 0x00, 0x00, 0x00, 0x00, 0x00, 0xf0, 0x47, 0x40, 0x00,
  0x00, 0x00, 0x00, 0x00, 0x30, 0x48, 0x40, 0x00, 0x00, 0x00, 0x00, 0x00,
  0x40, 0x14, 0x40, 0x00, 0x00, 0x00, 0x00, 0x00, 0x20, 0x14, 0x40, 0x00,
  0x00, 0x00, 0x00, 0x00, 0xa0, 0x19, 0x40, 0x00, 0x00, 0x00, 0x00, 0x00,
  0x70, 0x48, 0x40, 0x00, 0x00, 0x00, 0x00, 0x00, 0xb0, 0x48, 0x40, 0x00,
  0x00, 0x00, 0x00, 0x00, 0x70, 0x13, 0x40, 0x00, 0x00, 0x00, 0x00, 0x00,
  0xb0, 0x12, 0x40, 0x00, 0x00, 0x00, 0x00, 0x00, 0xf0, 0x48, 0x40, 0x00,
  0x00, 0x00, 0x00, 0x00, 0x30, 0x49, 0x40, 0x00, 0x00, 0x00, 0x00, 0x00,
  0x70, 0x49, 0x40, 0x00, 0x00, 0x00, 0x00, 0x00, 0xb0, 0x49, 0x40, 0x00,
  0x00, 0x00, 0x00, 0x00, 0xf0, 0x49, 0x40, 0x00, 0x00, 0x00, 0x00, 0x00,
  0x30, 0x4a, 0x40, 0x00, 0x00, 0x00, 0x00, 0x00, 0x70, 0x4a, 0x40, 0x00,
  0x00, 0x00, 0x00, 0x00, 0x20, 0x0e, 0x40, 0x00, 0x00, 0x00, 0x00, 0x00,
  0x00, 0x0e, 0x40, 0x00, 0x00, 0x00, 0x00, 0x00, 0x90, 0x12, 0x40, 0x00,
  0x00, 0x00, 0x00, 0x00, 0x70, 0x12, 0x40, 0x00, 0x00, 0x00, 0x00, 0x00,
  0x20, 0x1a, 0x40, 0x00, 0x00, 0x00, 0x00, 0x00, 0x40, 0x0b, 0x40, 0x00,
  0x00, 0x00, 0x00, 0x00, 0x30, 0x0b, 0x40, 0x00, 0x00, 0x00, 0x00, 0x00,
  0xb0, 0x44, 0x40, 0x00, 0x00, 0x00, 0x00, 0x00, 0xf0, 0x0d, 0x40, 0x00,
  0x00, 0x00, 0x00, 0x00, 0x70, 0x19, 0x40, 0x00, 0x00, 0x00, 0x00, 0x00,
  0xf0, 0x44, 0x40, 0x00, 0x00, 0x00, 0x00, 0x00, 0x30, 0x45, 0x40, 0x00,
  0x00, 0x00, 0x00, 0x00, 0x00, 0x00, 0x00, 0x00, 0x00, 0x00, 0x00, 0x00,
  0x00, 0x00, 0x00, 0x00, 0x00, 0x00, 0x00, 0x00, 0x50, 0x12, 0x40, 0x00,
  0x00, 0x00, 0x00, 0x00, 0x70, 0x45, 0x40, 0x00, 0x00, 0x00, 0x00, 0x00,
  0xb0, 0x45, 0x40, 0x00, 0x00, 0x00, 0x00, 0x00, 0xf0, 0x45, 0x40, 0x00,
  0x00, 0x00, 0x00, 0x00, 0x30, 0x46, 0x40, 0x00, 0x00, 0x00, 0x00, 0x00,
  0x70, 0x46, 0x40, 0x00, 0x00, 0x00, 0x00, 0x00, 0x20, 0x17, 0x40, 0x00,
  0x00, 0x00, 0x00, 0x00, 0xf0, 0x16, 0x40, 0x00, 0x00, 0x00, 0x00, 0x00,
  0xe0, 0x0d, 0x40, 0x00, 0x00, 0x00, 0x00, 0x00, 0xd0, 0x16, 0x40, 0x00,
  0x00, 0x00, 0x00, 0x00, 0x30, 0x12, 0x40, 0x00, 0x00, 0x00, 0x00, 0x00,
  0xd0, 0x0d, 0x40, 0x00, 0x00, 0x00, 0x00, 0x00, 0xb0, 0x16, 0x40, 0x00,
  0x00, 0x00, 0x00, 0x00, 0x90, 0x16, 0x40, 0x00, 0x00, 0x00, 0x00, 0x00,
  0xb0, 0x43, 0x40, 0x00, 0x00, 0x00, 0x00, 0x00, 0xc0, 0x0d, 0x40, 0x00,
  0x00, 0x00, 0x00, 0x00, 0xf0, 0x43, 0x40, 0x00, 0x00, 0x00, 0x00, 0x00,
  0x30, 0x44, 0x40, 0x00, 0x00, 0x00, 0x00, 0x00, 0x70, 0x44, 0x40, 0x00,
  0x00, 0x00, 0x00, 0x00, 0xb0, 0x36, 0x40, 0x00, 0x00, 0x00, 0x00, 0x00,
  0x00, 0x00, 0x00, 0x00, 0x00, 0x00, 0x00, 0x00, 0x00, 0x00, 0x00, 0x00,
  0x00, 0x00, 0x00, 0x00, 0x10, 0x1a, 0x40, 0x00, 0x00, 0x00, 0x00, 0x00,
  0xb0, 0x0d, 0x40, 0x00, 0x00, 0x00, 0x00, 0x00, 0x80, 0x18, 0x40, 0x00,
  0x00, 0x00, 0x00, 0x00, 0xf0, 0x36, 0x40, 0x00, 0x00, 0x00, 0x00, 0x00,
  0xa0, 0x1a, 0x40, 0x00, 0x00, 0x00, 0x00, 0x00, 0xc0, 0x1a, 0x40, 0x00,
  0x00, 0x00, 0x00, 0x00, 0x90, 0x1a, 0x40, 0x00, 0x00, 0x00, 0x00, 0x00,
  0x90, 0x0d, 0x40, 0x00, 0x00, 0x00, 0x00, 0x00, 0xb0, 0x42, 0x40, 0x00,
  0x00, 0x00, 0x00, 0x00, 0xf0, 0x42, 0x40, 0x00, 0x00, 0x00, 0x00, 0x00,
  0x30, 0x43, 0x40, 0x00, 0x00, 0x00, 0x00, 0x00, 0x70, 0x43, 0x40, 0x00,
  0x00, 0x00, 0x00, 0x00, 0xb0, 0x38, 0x40, 0x00, 0x00, 0x00, 0x00, 0x00,
  0xf0, 0x38, 0x40, 0x00, 0x00, 0x00, 0x00, 0x00, 0x30, 0x39, 0x40, 0x00,
  0x00, 0x00, 0x00, 0x00, 0x70, 0x39, 0x40, 0x00, 0x00, 0x00, 0x00, 0x00,
  0xb0, 0x39, 0x40, 0x00, 0x00, 0x00, 0x00, 0x00, 0xf0, 0x39, 0x40, 0x00,
  0x00, 0x00, 0x00, 0x00, 0x30, 0x3a, 0x40, 0x00, 0x00, 0x00, 0x00, 0x00,
  0x70, 0x3a, 0x40, 0x00, 0x00, 0x00, 0x00, 0x00, 0xb0, 0x37, 0x40, 0x00,
  0x00, 0x00, 0x00, 0x00, 0xf0, 0x37, 0x40, 0x00, 0x00, 0x00, 0x00, 0x00,
  0x30, 0x38, 0x40, 0x00, 0x00, 0x00, 0x00, 0x00, 0x70, 0x38, 0x40, 0x00,
  0x00, 0x00, 0x00, 0x00, 0x30, 0x37, 0x40, 0x00, 0x00, 0x00, 0x00, 0x00,
  0x70, 0x37, 0x40, 0x00, 0x00, 0x00, 0x00, 0x00, 0xb0, 0x32, 0x40, 0x00,
  0x00, 0x00, 0x00, 0x00, 0xd0, 0x1a, 0x40, 0x00, 0x00, 0x00, 0x00, 0x00,
  0x30, 0x33, 0x40, 0x00, 0x00, 0x00, 0x00, 0x00, 0x70, 0x33, 0x40, 0x00,
  0x00, 0x00, 0x00, 0x00, 0x10, 0x12, 0x40, 0x00, 0x00, 0x00, 0x00, 0x00,
  0xf0, 0x1a, 0x40, 0x00, 0x00, 0x00, 0x00, 0x00, 0x00, 0x00, 0x00, 0x00,
  0x00, 0x00, 0x00, 0x00, 0x00, 0x00, 0x00, 0x00, 0x00, 0x00, 0x00, 0x00,
  0x00, 0x1a, 0x40, 0x00, 0x00, 0x00, 0x00, 0x00, 0xf0, 0x32, 0x40, 0x00,
  0x00, 0x00, 0x00, 0x00, 0xb0, 0x33, 0x40, 0x00, 0x00, 0x00, 0x00, 0x00,
  0xf0, 0x33, 0x40, 0x00, 0x00, 0x00, 0x00, 0x00, 0x30, 0x34, 0x40, 0x00,
  0x00, 0x00, 0x00, 0x00, 0x70, 0x34, 0x40, 0x00, 0x00, 0x00, 0x00, 0x00,
  0xb0, 0x34, 0x40, 0x00, 0x00, 0x00, 0x00, 0x00, 0xf0, 0x34, 0x40, 0x00,
  0x00, 0x00, 0x00, 0x00, 0x30, 0x35, 0x40, 0x00, 0x00, 0x00, 0x00, 0x00,
  0x70, 0x35, 0x40, 0x00, 0x00, 0x00, 0x00, 0x00, 0xb0, 0x35, 0x40, 0x00,
  0x00, 0x00, 0x00, 0x00, 0xf0, 0x35, 0x40, 0x00, 0x00, 0x00, 0x00, 0x00,
  0x30, 0x36, 0x40, 0x00, 0x00, 0x00, 0x00, 0x00, 0x70, 0x36, 0x40, 0x00,
  0x00, 0x00, 0x00, 0x00, 0x60, 0x0d, 0x40, 0x00, 0x00, 0x00, 0x00, 0x00,
  0xb0, 0x22, 0x40, 0x00, 0x00, 0x00, 0x00, 0x00, 0x40, 0x18, 0x40, 0x00,
  0x00, 0x00, 0x00, 0x00, 0xe0, 0x11, 0x40, 0x00, 0x00, 0x00, 0x00, 0x00,
  0xb0, 0x11, 0x40, 0x00, 0x00, 0x00, 0x00, 0x00, 0xf0, 0x22, 0x40, 0x00,
  0x00, 0x00, 0x00, 0x00, 0x30, 0x23, 0x40, 0x00, 0x00, 0x00, 0x00, 0x00,
  0x70, 0x23, 0x40, 0x00, 0x00, 0x00, 0x00, 0x00, 0xb0, 0x23, 0x40, 0x00,
  0x00, 0x00, 0x00, 0x00, 0xf0, 0x23, 0x40, 0x00, 0x00, 0x00, 0x00, 0x00,
  0x20, 0x0b, 0x40, 0x00, 0x00, 0x00, 0x00, 0x00, 0x30, 0x24, 0x40, 0x00,
  0x00, 0x00, 0x00, 0x00, 0x70, 0x24, 0x40, 0x00, 0x00, 0x00, 0x00, 0x00,
  0x70, 0x16, 0x40, 0x00, 0x00, 0x00, 0x00, 0x00, 0xb0, 0x24, 0x40, 0x00,
  0x00, 0x00, 0x00, 0x00, 0xf0, 0x24, 0x40, 0x00, 0x00, 0x00, 0x00, 0x00,
  0x00, 0x00, 0x00, 0x00, 0x00, 0x00, 0x00, 0x00, 0x00, 0x00, 0x00, 0x00,
  0x00, 0x00, 0x00, 0x00, 0x10, 0x0b, 0x40, 0x00, 0x00, 0x00, 0x00, 0x00,
  0x90, 0x11, 0x40, 0x00, 0x00, 0x00, 0x00, 0x00, 0x50, 0x16, 0x40, 0x00,
  0x00, 0x00, 0x00, 0x00, 0x50, 0x0d, 0x40, 0x00, 0x00, 0x00, 0x00, 0x00,
  0x00, 0x0b, 0x40, 0x00, 0x00, 0x00, 0x00, 0x00, 0xf0, 0x0a, 0x40, 0x00,
  0x00, 0x00, 0x00, 0x00, 0x30, 0x0d, 0x40, 0x00, 0x00, 0x00, 0x00, 0x00,
  0x10, 0x0d, 0x40, 0x00, 0x00, 0x00, 0x00, 0x00, 0xf0, 0x0c, 0x40, 0x00,
  0x00, 0x00, 0x00, 0x00, 0x30, 0x16, 0x40, 0x00, 0x00, 0x00, 0x00, 0x00,
  0x70, 0x11, 0x40, 0x00, 0x00, 0x00, 0x00, 0x00, 0x50, 0x11, 0x40, 0x00,
  0x00, 0x00, 0x00, 0x00, 0x30, 0x25, 0x40, 0x00, 0x00, 0x00, 0x00, 0x00,
  0x70, 0x25, 0x40, 0x00, 0x00, 0x00, 0x00, 0x00, 0xb0, 0x25, 0x40, 0x00,
  0x00, 0x00, 0x00, 0x00, 0xf0, 0x25, 0x40, 0x00, 0x00, 0x00, 0x00, 0x00,
  0x30, 0x26, 0x40, 0x00, 0x00, 0x00, 0x00, 0x00, 0x70, 0x26, 0x40, 0x00,
  0x00, 0x00, 0x00, 0x00, 0x10, 0x16, 0x40, 0x00, 0x00, 0x00, 0x00, 0x00,
  0xe0, 0x0a, 0x40, 0x00, 0x00, 0x00, 0x00, 0x00, 0x40, 0x19, 0x40, 0x00,
  0x00, 0x00, 0x00, 0x00, 0x10, 0x19, 0x40, 0x00, 0x00, 0x00, 0x00, 0x00,
  0xd0, 0x0c, 0x40, 0x00, 0x00, 0x00, 0x00, 0x00, 0x30, 0x11, 0x40, 0x00,
  0x00, 0x00, 0x00, 0x00, 0xb0, 0x26, 0x40, 0x00, 0x00, 0x00, 0x00, 0x00,
  0x10, 0x11, 0x40, 0x00, 0x00, 0x00, 0x00, 0x00, 0xf0, 0x10, 0x40, 0x00,
  0x00, 0x00, 0x00, 0x00, 0xd0, 0x10, 0x40, 0x00, 0x00, 0x00, 0x00, 0x00,
  0xb0, 0x0c, 0x40, 0x00, 0x00, 0x00, 0x00, 0x00, 0xb0, 0x10, 0x40, 0x00,
  0x00, 0x00, 0x00, 0x00, 0x90, 0x10, 0x40, 0x00, 0x00, 0x00, 0x00, 0x00,
  0x70, 0x10, 0x40, 0x00, 0x00, 0x00, 0x00, 0x00, 0xf0, 0x26, 0x40, 0x00,
  0x00, 0x00, 0x00, 0x00, 0xf0, 0x15, 0x40, 0x00, 0x00, 0x00, 0x00, 0x00,
  0x10, 0x18, 0x40, 0x00, 0x00, 0x00, 0x00, 0x00, 0xd0, 0x15, 0x40, 0x00,
  0x00, 0x00, 0x00, 0x00, 0xe0, 0x17, 0x40, 0x00, 0x00, 0x00, 0x00, 0x00,
  0x30, 0x27, 0x40, 0x00, 0x00, 0x00, 0x00, 0x00, 0xe0, 0x18, 0x40, 0x00,
  0x00, 0x00, 0x00, 0x00, 0xb0, 0x18, 0x40, 0x00, 0x00, 0x00, 0x00, 0x00,
  0x50, 0x10, 0x40, 0x00, 0x00, 0x00, 0x00, 0x00, 0x30, 0x10, 0x40, 0x00,
  0x00, 0x00, 0x00, 0x00, 0x70, 0x27, 0x40, 0x00, 0x00, 0x00, 0x00, 0x00,
  0xb0, 0x27, 0x40, 0x00, 0x00, 0x00, 0x00, 0x00, 0xf0, 0x27, 0x40, 0x00,
  0x00, 0x00, 0x00, 0x00, 0x30, 0x28, 0x40, 0x00, 0x00, 0x00, 0x00, 0x00,
  0x70, 0x28, 0x40, 0x00, 0x00, 0x00, 0x00, 0x00, 0xb0, 0x28, 0x40, 0x00,
  0x00, 0x00, 0x00, 0x00, 0xf0, 0x28, 0x40, 0x00, 0x00, 0x00, 0x00, 0x00,
  0x10, 0x10, 0x40, 0x00, 0x00, 0x00, 0x00, 0x00, 0xd0, 0x0a, 0x40, 0x00,
  0x00, 0x00, 0x00, 0x00, 0xf0, 0x0f, 0x40, 0x00, 0x00, 0x00, 0x00, 0x00,
  0xd0, 0x0f, 0x40, 0x00, 0x00, 0x00, 0x00, 0x00, 0x30, 0x29, 0x40, 0x00,
  0x00, 0x00, 0x00, 0x00, 0x70, 0x29, 0x40, 0x00, 0x00, 0x00, 0x00, 0x00,
  0xb0, 0x29, 0x40, 0x00, 0x00, 0x00, 0x00, 0x00, 0xf0, 0x29, 0x40, 0x00,
  0x00, 0x00, 0x00, 0x00, 0x30, 0x2a, 0x40, 0x00, 0x00, 0x00, 0x00, 0x00,
  0x70, 0x2a, 0x40, 0x00, 0x00, 0x00, 0x00, 0x00, 0xb0, 0x2a, 0x40, 0x00,
  0x00, 0x00, 0x00, 0x00, 0xf0, 0x2a, 0x40, 0x00, 0x00, 0x00, 0x00, 0x00,
  0x30, 0x2b, 0x40, 0x00, 0x00, 0x00, 0x00, 0x00, 0x70, 0x2b, 0x40, 0x00,
  0x00, 0x00, 0x00, 0x00, 0xb0, 0x2b, 0x40, 0x00, 0x00, 0x00, 0x00, 0x00,
  0xf0, 0x2b, 0x40, 0x00, 0x00, 0x00, 0x00, 0x00, 0x30, 0x2c, 0x40, 0x00,
  0x00, 0x00, 0x00, 0x00, 0xb0, 0x15, 0x40, 0x00, 0x00, 0x00, 0x00, 0x00,
  0x70, 0x2c, 0x40, 0x00, 0x00, 0x00, 0x00, 0x00, 0xb0, 0x2c, 0x40, 0x00,
  0x00, 0x00, 0x00, 0x00, 0xf0, 0x2c, 0x40, 0x00, 0x00, 0x00, 0x00, 0x00,
  0x30, 0x2d, 0x40, 0x00, 0x00, 0x00, 0x00, 0x00, 0x70, 0x2d, 0x40, 0x00,
  0x00, 0x00, 0x00, 0x00, 0xb0, 0x2d, 0x40, 0x00, 0x00, 0x00, 0x00, 0x00,
  0xf0, 0x2d, 0x40, 0x00, 0x00, 0x00, 0x00, 0x00, 0x30, 0x2e, 0x40, 0x00,
  0x00, 0x00, 0x00, 0x00, 0x70, 0x2e, 0x40, 0x00, 0x00, 0x00, 0x00, 0x00,
  0xb0, 0x2e, 0x40, 0x00, 0x00, 0x00, 0x00, 0x00, 0xf0, 0x2e, 0x40, 0x00,
  0x00, 0x00, 0x00, 0x00, 0x30, 0x2f, 0x40, 0x00, 0x00, 0x00, 0x00, 0x00,
  0x70, 0x2f, 0x40, 0x00, 0x00, 0x00, 0x00, 0x00, 0xb0, 0x2f, 0x40, 0x00,
  0x00, 0x00, 0x00, 0x00, 0xf0, 0x2f, 0x40, 0x00, 0x00, 0x00, 0x00, 0x00,
  0x30, 0x30, 0x40, 0x00, 0x00, 0x00, 0x00, 0x00, 0x70, 0x30, 0x40, 0x00,
  0x00, 0x00, 0x00, 0x00, 0xb0, 0x30, 0x40, 0x00, 0x00, 0x00, 0x00, 0x00,
  0xf0, 0x30, 0x40, 0x00, 0x00, 0x00, 0x00, 0x00, 0x30, 0x31, 0x40, 0x00,
  0x00, 0x00, 0x00, 0x00, 0x70, 0x31, 0x40, 0x00, 0x00, 0x00, 0x00, 0x00,
  0xb0, 0x31, 0x40, 0x00, 0x00, 0x00, 0x00, 0x00, 0xf0, 0x31, 0x40, 0x00,
  0x00, 0x00, 0x00, 0x00, 0xb0, 0x17, 0x40, 0x00, 0x00, 0x00, 0x00, 0x00,
  0x30, 0x32, 0x40, 0x00, 0x00, 0x00, 0x00, 0x00, 0x90, 0x15, 0x40, 0x00,
  0x00, 0x00, 0x00, 0x00, 0x70, 0x32, 0x40, 0x00, 0x00, 0x00, 0x00, 0x00,
  0x90, 0x0c, 0x40, 0x00, 0x00, 0x00, 0x00, 0x00, 0xb0, 0x3a, 0x40, 0x00,
  0x00, 0x00, 0x00, 0x00, 0xf0, 0x3a, 0x40, 0x00, 0x00, 0x00, 0x00, 0x00,
  0x70, 0x15, 0x40, 0x00, 0x00, 0x00, 0x00, 0x00, 0x70, 0x0c, 0x40, 0x00,
  0x00, 0x00, 0x00, 0x00, 0xb0, 0x0f, 0x40, 0x00, 0x00, 0x00, 0x00, 0x00,
  0x60, 0x0c, 0x40, 0x00, 0x00, 0x00, 0x00, 0x00, 0xc0, 0x0a, 0x40, 0x00,
  0x00, 0x00, 0x00, 0x00, 0x30, 0x3b, 0x40, 0x00, 0x00, 0x00, 0x00, 0x00,
  0x70, 0x3b, 0x40, 0x00, 0x00, 0x00, 0x00, 0x00, 0xb0, 0x3b, 0x40, 0x00,
  0x00, 0x00, 0x00, 0x00, 0xf0, 0x3b, 0x40, 0x00, 0x00, 0x00, 0x00, 0x00,
  0x30, 0x3c, 0x40, 0x00, 0x00, 0x00, 0x00, 0x00, 0x70, 0x3c, 0x40, 0x00,
  0x00, 0x00, 0x00, 0x00, 0xb0, 0x3c, 0x40, 0x00, 0x00, 0x00, 0x00, 0x00,
  0xf0, 0x3c, 0x40, 0x00, 0x00, 0x00, 0x00, 0x00, 0x30, 0x3d, 0x40, 0x00,
  0x00, 0x00, 0x00, 0x00, 0x70, 0x3d, 0x40, 0x00, 0x00, 0x00, 0x00, 0x00,
  0xb0, 0x3d, 0x40, 0x00, 0x00, 0x00, 0x00, 0x00, 0x50, 0x15, 0x40, 0x00,
  0x00, 0x00, 0x00, 0x00, 0xf0, 0x3d, 0x40, 0x00, 0x00, 0x00, 0x00, 0x00,
  0x30, 0x3e, 0x40, 0x00, 0x00, 0x00, 0x00, 0x00, 0x70, 0x3e, 0x40, 0x00,
  0x00, 0x00, 0x00, 0x00, 0xb0, 0x3e, 0x40, 0x00, 0x00, 0x00, 0x00, 0x00,
  0xf0, 0x3e, 0x40, 0x00, 0x00, 0x00, 0x00, 0x00, 0x30, 0x3f, 0x40, 0x00,
  0x00, 0x00, 0x00, 0x00, 0x70, 0x3f, 0x40, 0x00, 0x00, 0x00, 0x00, 0x00,
  0xb0, 0x3f, 0x40, 0x00, 0x00, 0x00, 0x00, 0x00, 0xf0, 0x3f, 0x40, 0x00,
  0x00, 0x00, 0x00, 0x00, 0x30, 0x40, 0x40, 0x00, 0x00, 0x00, 0x00, 0x00,
  0x70, 0x40, 0x40, 0x00, 0x00, 0x00, 0x00, 0x00, 0xb0, 0x40, 0x40, 0x00,
  0x00, 0x00, 0x00, 0x00, 0xf0, 0x40, 0x40, 0x00, 0x00, 0x00, 0x00, 0x00,
  0x30, 0x41, 0x40, 0x00, 0x00, 0x00, 0x00, 0x00, 0x90, 0x0f, 0x40, 0x00,
  0x00, 0x00, 0x00, 0x00, 0x50, 0x0c, 0x40, 0x00, 0x00, 0x00, 0x00, 0x00,
  0x70, 0x41, 0x40, 0x00, 0x00, 0x00, 0x00, 0x00, 0xb0, 0x41, 0x40, 0x00,
  0x00, 0x00, 0x00, 0x00, 0xf0, 0x41, 0x40, 0x00, 0x00, 0x00, 0x00, 0x00,
  0x30, 0x42, 0x40, 0x00, 0x00, 0x00, 0x00, 0x00, 0x70, 0x42, 0x40, 0x00,
  0x00, 0x00, 0x00, 0x00, 0xb0, 0x20, 0x40, 0x00, 0x00, 0x00, 0x00, 0x00,
  0xf0, 0x20, 0x40, 0x00, 0x00, 0x00, 0x00, 0x00, 0x30, 0x21, 0x40, 0x00,
  0x00, 0x00, 0x00, 0x00, 0x70, 0x21, 0x40, 0x00, 0x00, 0x00, 0x00, 0x00,
  0xb0, 0x21, 0x40, 0x00, 0x00, 0x00, 0x00, 0x00, 0xf0, 0x21, 0x40, 0x00,
  0x00, 0x00, 0x00, 0x00, 0x30, 0x22, 0x40, 0x00, 0x00, 0x00, 0x00, 0x00,
  0x70, 0x22, 0x40, 0x00, 0x00, 0x00, 0x00, 0x00, 0xb0, 0x1f, 0x40, 0x00,
  0x00, 0x00, 0x00, 0x00, 0xb0, 0x0a, 0x40, 0x00, 0x00, 0x00, 0x00, 0x00,
  0x10, 0x00, 0x00, 0x00, 0x00, 0x00, 0x00, 0x00, 0x01, 0x7a, 0x52, 0x00,
  0x04, 0x78, 0x1e, 0x01, 0x1b, 0x0c, 0x1f, 0x00, 0x10, 0x00, 0x00, 0x00,
  0x18, 0x00, 0x00, 0x00, 0x5c, 0x81, 0xff, 0xff, 0x30, 0x00, 0x00, 0x00,
  0x00, 0x00, 0x00, 0x00, 0x10, 0x00, 0x00, 0x00, 0x2c, 0x00, 0x00, 0x00,
  0x78, 0x81, 0xff, 0xff, 0x3c, 0x00, 0x00, 0x00, 0x00, 0x00, 0x00, 0x00,
  0x20, 0x00, 0x00, 0x00, 0x40, 0x00, 0x00, 0x00, 0xa4, 0x81, 0xff, 0xff,
  0x48, 0x00, 0x00, 0x00, 0x00, 0x41, 0x0e, 0x20, 0x9d, 0x04, 0x9e, 0x03,
  0x42, 0x93, 0x02, 0x4e, 0xde, 0xdd, 0xd3, 0x0e, 0x00, 0x00, 0x00, 0x00,
  0x1c, 0x00, 0x00, 0x00, 0x64, 0x00, 0x00, 0x00, 0xd0, 0x81, 0xff, 0xff,
  0x34, 0x00, 0x00, 0x00, 0x00, 0x44, 0x0e, 0x10, 0x9d, 0x02, 0x9e, 0x01,
  0x47, 0xde, 0xdd, 0x0e, 0x00, 0x00, 0x00, 0x00, 0x1c, 0x00, 0x00, 0x00,
  0x84, 0x00, 0x00, 0x00, 0x80, 0x80, 0xff, 0xff, 0x20, 0x00, 0x00, 0x00,
  0x00, 0x41, 0x0e, 0x10, 0x9d, 0x02, 0x9e, 0x01, 0x46, 0xde, 0xdd, 0x0e,
  0x00, 0x00, 0x00, 0x00, 0x14, 0x00, 0x00, 0x00, 0xa4, 0x00, 0x00, 0x00,
  0x40, 0x85, 0xff, 0xff, 0x04, 0x01, 0x00, 0x00, 0x00, 0x00, 0x00, 0x00,
  0x00, 0x00, 0x00, 0x00, 0x14, 0x00, 0x00, 0x00, 0xbc, 0x00, 0x00, 0x00,
  0xe8, 0xd7, 0xff, 0xff, 0x2c, 0x02, 0x00, 0x00, 0x00, 0x00, 0x00, 0x00,
  0x00, 0x00, 0x00, 0x00, 0x10, 0x00, 0x00, 0x00, 0xd4, 0x00, 0x00, 0x00,
  0x10, 0xda, 0xff, 0xff, 0x30, 0x01, 0x00, 0x00, 0x00, 0x00, 0x00, 0x00,
  0x00, 0x00, 0x00, 0x00, 0x00, 0x00, 0x00, 0x00, 0x00, 0x00, 0x00, 0x00,
  0x00, 0x00, 0x00, 0x00, 0x00, 0x00, 0x00, 0x00, 0x00, 0x00, 0x00, 0x00,
  0x00, 0x00, 0x00, 0x00, 0x00, 0x00, 0x00, 0x00, 0x00, 0x00, 0x00, 0x00,
  0x00, 0x00, 0x00, 0x00, 0x00, 0x00, 0x00, 0x00, 0x00, 0x00, 0x00, 0x00,
  0x00, 0x00, 0x00, 0x00, 0x00, 0x00, 0x00, 0x00, 0x00, 0x00, 0x00, 0x00,
  0x00, 0x00, 0x00, 0x00, 0x00, 0x00, 0x00, 0x00, 0x00, 0x00, 0x00, 0x00,
  0x00, 0x00, 0x00, 0x00, 0x00, 0x00, 0x00, 0x00, 0x00, 0x00, 0x00, 0x00,
  0x00, 0x00, 0x00, 0x00, 0x00, 0x00, 0x00, 0x00, 0x00, 0x00, 0x00, 0x00,
  0x00, 0x00, 0x00, 0x00, 0x00, 0x00, 0x00, 0x00, 0x00, 0x00, 0x00, 0x00,
  0x00, 0x00, 0x00, 0x00, 0x00, 0x00, 0x00, 0x00, 0x00, 0x00, 0x00, 0x00,
  0x00, 0x00, 0x00, 0x00, 0x00, 0x00, 0x00, 0x00, 0x00, 0x00, 0x00, 0x00,
  0x00, 0x00, 0x00, 0x00, 0x00, 0x00, 0x00, 0x00, 0x00, 0x00, 0x00, 0x00,
  0x00, 0x00, 0x00, 0x00, 0x00, 0x00, 0x00, 0x00, 0x00, 0x00, 0x00, 0x00,
  0x00, 0x00, 0x00, 0x00, 0x00, 0x00, 0x00, 0x00, 0x00, 0x00, 0x00, 0x00,
  0x00, 0x00, 0x00, 0x00, 0x00, 0x00, 0x00, 0x00, 0x00, 0x00, 0x00, 0x00,
  0x00, 0x00, 0x00, 0x00, 0x00, 0x00, 0x00, 0x00, 0x00, 0x00, 0x00, 0x00,
  0x00, 0x00, 0x00, 0x00, 0x00, 0x00, 0x00, 0x00, 0x00, 0x00, 0x00, 0x00,
  0x00, 0x00, 0x00, 0x00, 0x00, 0x00, 0x00, 0x00, 0x00, 0x00, 0x00, 0x00,
  0x00, 0x00, 0x00, 0x00, 0x00, 0x00, 0x00, 0x00, 0x00, 0x00, 0x00, 0x00,
  0x00, 0x00, 0x00, 0x00, 0x00, 0x00, 0x00, 0x00, 0x00, 0x00, 0x00, 0x00,
  0x00, 0x00, 0x00, 0x00, 0x00, 0x00, 0x00, 0x00, 0x00, 0x00, 0x00, 0x00,
  0x00, 0x00, 0x00, 0x00, 0x00, 0x00, 0x00, 0x00, 0x00, 0x00, 0x00, 0x00,
  0x00, 0x00, 0x00, 0x00, 0x00, 0x00, 0x00, 0x00, 0x00, 0x00, 0x00, 0x00,
  0x00, 0x00, 0x00, 0x00, 0x00, 0x00, 0x00, 0x00, 0x00, 0x00, 0x00, 0x00,
  0x00, 0x00, 0x00, 0x00, 0x00, 0x00, 0x00, 0x00, 0x00, 0x00, 0x00, 0x00,
  0x00, 0x00, 0x00, 0x00, 0x00, 0x00, 0x00, 0x00, 0x00, 0x00, 0x00, 0x00,
  0x00, 0x00, 0x00, 0x00, 0x00, 0x00, 0x00, 0x00, 0x00, 0x00, 0x00, 0x00,
  0x00, 0x00, 0x00, 0x00, 0x00, 0x00, 0x00, 0x00, 0x00, 0x00, 0x00, 0x00,
  0x00, 0x00, 0x00, 0x00, 0x00, 0x00, 0x00, 0x00, 0x00, 0x00, 0x00, 0x00,
  0x00, 0x00, 0x00, 0x00, 0x00, 0x00, 0x00, 0x00, 0x00, 0x00, 0x00, 0x00,
  0x00, 0x00, 0x00, 0x00, 0x00, 0x00, 0x00, 0x00, 0x00, 0x00, 0x00, 0x00,
  0x00, 0x00, 0x00, 0x00, 0x00, 0x00, 0x00, 0x00, 0x00, 0x00, 0x00, 0x00,
  0x00, 0x00, 0x00, 0x00, 0x00, 0x00, 0x00, 0x00, 0x00, 0x00, 0x00, 0x00,
  0x00, 0x00, 0x00, 0x00, 0x00, 0x00, 0x00, 0x00, 0x00, 0x00, 0x00, 0x00,
  0x00, 0x00, 0x00, 0x00, 0x00, 0x00, 0x00, 0x00, 0x00, 0x00, 0x00, 0x00,
  0x00, 0x00, 0x00, 0x00, 0x00, 0x00, 0x00, 0x00, 0x00, 0x00, 0x00, 0x00,
  0x00, 0x00, 0x00, 0x00, 0x00, 0x00, 0x00, 0x00, 0x00, 0x00, 0x00, 0x00,
  0x00, 0x00, 0x00, 0x00, 0x00, 0x00, 0x00, 0x00, 0x00, 0x00, 0x00, 0x00,
  0x00, 0x00, 0x00, 0x00, 0x00, 0x00, 0x00, 0x00, 0x00, 0x00, 0x00, 0x00,
  0x00, 0x00, 0x00, 0x00, 0x00, 0x00, 0x00, 0x00, 0x00, 0x00, 0x00, 0x00,
  0x00, 0x00, 0x00, 0x00, 0x00, 0x00, 0x00, 0x00, 0x00, 0x00, 0x00, 0x00,
  0x00, 0x00, 0x00, 0x00, 0x00, 0x00, 0x00, 0x00, 0x00, 0x00, 0x00, 0x00,
  0x00, 0x00, 0x00, 0x00, 0x00, 0x00, 0x00, 0x00, 0x00, 0x00, 0x00, 0x00,
  0x00, 0x00, 0x00, 0x00, 0x00, 0x00, 0x00, 0x00, 0x00, 0x00, 0x00, 0x00,
  0x00, 0x00, 0x00, 0x00, 0x00, 0x00, 0x00, 0x00, 0x00, 0x00, 0x00, 0x00,
  0x00, 0x00, 0x00, 0x00, 0x00, 0x00, 0x00, 0x00, 0x00, 0x00, 0x00, 0x00,
  0x00, 0x00, 0x00, 0x00, 0x00, 0x00, 0x00, 0x00, 0x00, 0x00, 0x00, 0x00,
  0x00, 0x00, 0x00, 0x00, 0x00, 0x00, 0x00, 0x00, 0x00, 0x00, 0x00, 0x00,
  0x00, 0x00, 0x00, 0x00, 0x00, 0x00, 0x00, 0x00, 0x00, 0x00, 0x00, 0x00,
  0x00, 0x00, 0x00, 0x00, 0x00, 0x00, 0x00, 0x00, 0x00, 0x00, 0x00, 0x00,
  0x00, 0x00, 0x00, 0x00, 0x00, 0x00, 0x00, 0x00, 0x00, 0x00, 0x00, 0x00,
  0x00, 0x00, 0x00, 0x00, 0x00, 0x00, 0x00, 0x00, 0x00, 0x00, 0x00, 0x00,
  0x00, 0x00, 0x00, 0x00, 0x00, 0x00, 0x00, 0x00, 0x00, 0x00, 0x00, 0x00,
  0x00, 0x00, 0x00, 0x00, 0x00, 0x00, 0x00, 0x00, 0x00, 0x00, 0x00, 0x00,
  0x00, 0x00, 0x00, 0x00, 0x00, 0x00, 0x00, 0x00, 0x00, 0x00, 0x00, 0x00,
  0x00, 0x00, 0x00, 0x00, 0x00, 0x00, 0x00, 0x00, 0x00, 0x00, 0x00, 0x00,
  0x00, 0x00, 0x00, 0x00, 0x00, 0x00, 0x00, 0x00, 0x00, 0x00, 0x00, 0x00,
  0x00, 0x00, 0x00, 0x00, 0x00, 0x00, 0x00, 0x00, 0x00, 0x00, 0x00, 0x00,
  0x00, 0x00, 0x00, 0x00, 0x00, 0x00, 0x00, 0x00, 0x00, 0x00, 0x00, 0x00,
  0x00, 0x00, 0x00, 0x00, 0x00, 0x00, 0x00, 0x00, 0x00, 0x00, 0x00, 0x00,
  0x00, 0x00, 0x00, 0x00, 0x00, 0x00, 0x00, 0x00, 0x00, 0x00, 0x00, 0x00,
  0x00, 0x00, 0x00, 0x00, 0x00, 0x00, 0x00, 0x00, 0x00, 0x00, 0x00, 0x00,
  0x00, 0x00, 0x00, 0x00, 0x00, 0x00, 0x00, 0x00, 0x00, 0x00, 0x00, 0x00,
  0x00, 0x00, 0x00, 0x00, 0x00, 0x00, 0x00, 0x00, 0x00, 0x00, 0x00, 0x00,
  0x00, 0x00, 0x00, 0x00, 0x00, 0x00, 0x00, 0x00, 0x00, 0x00, 0x00, 0x00,
  0x00, 0x00, 0x00, 0x00, 0x00, 0x00, 0x00, 0x00, 0x00, 0x00, 0x00, 0x00,
  0x00, 0x00, 0x00, 0x00, 0x00, 0x00, 0x00, 0x00, 0x00, 0x00, 0x00, 0x00,
  0x00, 0x00, 0x00, 0x00, 0x00, 0x00, 0x00, 0x00, 0x00, 0x00, 0x00, 0x00,
  0x00, 0x00, 0x00, 0x00, 0x00, 0x00, 0x00, 0x00, 0x00, 0x00, 0x00, 0x00,
  0x00, 0x00, 0x00, 0x00, 0x00, 0x00, 0x00, 0x00, 0x00, 0x00, 0x00, 0x00,
  0x00, 0x00, 0x00, 0x00, 0x00, 0x00, 0x00, 0x00, 0x00, 0x00, 0x00, 0x00,
  0x00, 0x00, 0x00, 0x00, 0x00, 0x00, 0x00, 0x00, 0x00, 0x00, 0x00, 0x00,
  0x00, 0x00, 0x00, 0x00, 0x00, 0x00, 0x00, 0x00, 0x00, 0x00, 0x00, 0x00,
  0x00, 0x00, 0x00, 0x00, 0x00, 0x00, 0x00, 0x00, 0x00, 0x00, 0x00, 0x00,
  0x00, 0x00, 0x00, 0x00, 0x00, 0x00, 0x00, 0x00, 0x00, 0x00, 0x00, 0x00,
  0x00, 0x00, 0x00, 0x00, 0x00, 0x00, 0x00, 0x00, 0x00, 0x00, 0x00, 0x00,
  0x00, 0x00, 0x00, 0x00, 0x00, 0x00, 0x00, 0x00, 0x00, 0x00, 0x00, 0x00,
  0x00, 0x00, 0x00, 0x00, 0x00, 0x00, 0x00, 0x00, 0x00, 0x00, 0x00, 0x00,
  0x00, 0x00, 0x00, 0x00, 0x00, 0x00, 0x00, 0x00, 0x00, 0x00, 0x00, 0x00,
  0x00, 0x00, 0x00, 0x00, 0x00, 0x00, 0x00, 0x00, 0x00, 0x00, 0x00, 0x00,
  0x00, 0x00, 0x00, 0x00, 0x00, 0x00, 0x00, 0x00, 0x00, 0x00, 0x00, 0x00,
  0x00, 0x00, 0x00, 0x00, 0x00, 0x00, 0x00, 0x00, 0x00, 0x00, 0x00, 0x00,
  0x00, 0x00, 0x00, 0x00, 0x00, 0x00, 0x00, 0x00, 0x00, 0x00, 0x00, 0x00,
  0x00, 0x00, 0x00, 0x00, 0x00, 0x00, 0x00, 0x00, 0x00, 0x00, 0x00, 0x00,
  0x00, 0x00, 0x00, 0x00, 0x00, 0x00, 0x00, 0x00, 0x00, 0x00, 0x00, 0x00,
  0x00, 0x00, 0x00, 0x00, 0x00, 0x00, 0x00, 0x00, 0x00, 0x00, 0x00, 0x00,
  0x00, 0x00, 0x00, 0x00, 0x00, 0x00, 0x00, 0x00, 0x00, 0x00, 0x00, 0x00,
  0x00, 0x00, 0x00, 0x00, 0x00, 0x00, 0x00, 0x00, 0x00, 0x00, 0x00, 0x00,
  0x00, 0x00, 0x00, 0x00, 0x00, 0x00, 0x00, 0x00, 0x00, 0x00, 0x00, 0x00,
  0x00, 0x00, 0x00, 0x00, 0x00, 0x00, 0x00, 0x00, 0x00, 0x00, 0x00, 0x00,
  0x00, 0x00, 0x00, 0x00, 0x00, 0x00, 0x00, 0x00, 0x00, 0x00, 0x00, 0x00,
  0x00, 0x00, 0x00, 0x00, 0x00, 0x00, 0x00, 0x00, 0x00, 0x00, 0x00, 0x00,
  0x00, 0x00, 0x00, 0x00, 0x00, 0x00, 0x00, 0x00, 0x00, 0x00, 0x00, 0x00,
  0x00, 0x00, 0x00, 0x00, 0x00, 0x00, 0x00, 0x00, 0x00, 0x00, 0x00, 0x00,
  0x00, 0x00, 0x00, 0x00, 0x00, 0x00, 0x00, 0x00, 0x00, 0x00, 0x00, 0x00,
  0x00, 0x00, 0x00, 0x00, 0x00, 0x00, 0x00, 0x00, 0x00, 0x00, 0x00, 0x00,
  0x00, 0x00, 0x00, 0x00, 0x00, 0x00, 0x00, 0x00, 0x00, 0x00, 0x00, 0x00,
  0x00, 0x00, 0x00, 0x00, 0x00, 0x00, 0x00, 0x00, 0x00, 0x00, 0x00, 0x00,
  0x00, 0x00, 0x00, 0x00, 0x00, 0x00, 0x00, 0x00, 0x00, 0x00, 0x00, 0x00,
  0x00, 0x00, 0x00, 0x00, 0x00, 0x00, 0x00, 0x00, 0x00, 0x00, 0x00, 0x00,
  0x00, 0x00, 0x00, 0x00, 0x00, 0x00, 0x00, 0x00, 0x00, 0x00, 0x00, 0x00,
  0x00, 0x00, 0x00, 0x00, 0x00, 0x00, 0x00, 0x00, 0x00, 0x00, 0x00, 0x00,
  0x00, 0x00, 0x00, 0x00, 0x00, 0x00, 0x00, 0x00, 0x00, 0x00, 0x00, 0x00,
  0x00, 0x00, 0x00, 0x00, 0x00, 0x00, 0x00, 0x00, 0x00, 0x00, 0x00, 0x00,
  0x00, 0x00, 0x00, 0x00, 0x00, 0x00, 0x00, 0x00, 0x00, 0x00, 0x00, 0x00,
  0x00, 0x00, 0x00, 0x00, 0x00, 0x00, 0x00, 0x00, 0x00, 0x00, 0x00, 0x00,
  0x00, 0x00, 0x00, 0x00, 0x00, 0x00, 0x00, 0x00, 0x00, 0x00, 0x00, 0x00,
  0x00, 0x00, 0x00, 0x00, 0x00, 0x00, 0x00, 0x00, 0x00, 0x00, 0x00, 0x00,
  0x00, 0x00, 0x00, 0x00, 0x00, 0x00, 0x00, 0x00, 0x00, 0x00, 0x00, 0x00,
  0x00, 0x00, 0x00, 0x00, 0x00, 0x00, 0x00, 0x00, 0x00, 0x00, 0x00, 0x00,
  0x00, 0x00, 0x00, 0x00, 0x00, 0x00, 0x00, 0x00, 0x00, 0x00, 0x00, 0x00,
  0x00, 0x00, 0x00, 0x00, 0x00, 0x00, 0x00, 0x00, 0x00, 0x00, 0x00, 0x00,
  0x00, 0x00, 0x00, 0x00, 0x00, 0x00, 0x00, 0x00, 0x00, 0x00, 0x00, 0x00,
  0x00, 0x00, 0x00, 0x00, 0x00, 0x00, 0x00, 0x00, 0x00, 0x00, 0x00, 0x00,
  0x00, 0x00, 0x00, 0x00, 0x00, 0x00, 0x00, 0x00, 0x00, 0x00, 0x00, 0x00,
  0x00, 0x00, 0x00, 0x00, 0x00, 0x00, 0x00, 0x00, 0x00, 0x00, 0x00, 0x00,
  0x00, 0x00, 0x00, 0x00, 0x00, 0x00, 0x00, 0x00, 0x00, 0x00, 0x00, 0x00,
  0x00, 0x00, 0x00, 0x00, 0x00, 0x00, 0x00, 0x00, 0x00, 0x00, 0x00, 0x00,
  0x00, 0x00, 0x00, 0x00, 0x00, 0x00, 0x00, 0x00, 0x00, 0x00, 0x00, 0x00,
  0x00, 0x00, 0x00, 0x00, 0x00, 0x00, 0x00, 0x00, 0x00, 0x00, 0x00, 0x00,
  0x00, 0x00, 0x00, 0x00, 0x00, 0x00, 0x00, 0x00, 0x00, 0x00, 0x00, 0x00,
  0x00, 0x00, 0x00, 0x00, 0x00, 0x00, 0x00, 0x00, 0x00, 0x00, 0x00, 0x00,
  0x00, 0x00, 0x00, 0x00, 0x00, 0x00, 0x00, 0x00, 0x00, 0x00, 0x00, 0x00,
  0x00, 0x00, 0x00, 0x00, 0x00, 0x00, 0x00, 0x00, 0x00, 0x00, 0x00, 0x00,
  0x00, 0x00, 0x00, 0x00, 0x00, 0x00, 0x00, 0x00, 0x00, 0x00, 0x00, 0x00,
  0x00, 0x00, 0x00, 0x00, 0x00, 0x00, 0x00, 0x00, 0x00, 0x00, 0x00, 0x00,
  0x00, 0x00, 0x00, 0x00, 0x00, 0x00, 0x00, 0x00, 0x00, 0x00, 0x00, 0x00,
  0x00, 0x00, 0x00, 0x00, 0x00, 0x00, 0x00, 0x00, 0x00, 0x00, 0x00, 0x00,
  0x00, 0x00, 0x00, 0x00, 0x00, 0x00, 0x00, 0x00, 0x00, 0x00, 0x00, 0x00,
  0x00, 0x00, 0x00, 0x00, 0x00, 0x00, 0x00, 0x00, 0x00, 0x00, 0x00, 0x00,
  0x00, 0x00, 0x00, 0x00, 0x00, 0x00, 0x00, 0x00, 0x00, 0x00, 0x00, 0x00,
  0x00, 0x00, 0x00, 0x00, 0x00, 0x00, 0x00, 0x00, 0x00, 0x00, 0x00, 0x00,
  0x00, 0x00, 0x00, 0x00, 0x00, 0x00, 0x00, 0x00, 0x00, 0x00, 0x00, 0x00,
  0x00, 0x00, 0x00, 0x00, 0x00, 0x00, 0x00, 0x00, 0x00, 0x00, 0x00, 0x00,
  0x00, 0x00, 0x00, 0x00, 0x00, 0x00, 0x00, 0x00, 0x00, 0x00, 0x00, 0x00,
  0x00, 0x00, 0x00, 0x00, 0x00, 0x00, 0x00, 0x00, 0x00, 0x00, 0x00, 0x00,
  0x00, 0x00, 0x00, 0x00, 0x00, 0x00, 0x00, 0x00, 0x00, 0x00, 0x00, 0x00,
  0x00, 0x00, 0x00, 0x00, 0x00, 0x00, 0x00, 0x00, 0x00, 0x00, 0x00, 0x00,
  0x00, 0x00, 0x00, 0x00, 0x00, 0x00, 0x00, 0x00, 0x00, 0x00, 0x00, 0x00,
  0x00, 0x00, 0x00, 0x00, 0x00, 0x00, 0x00, 0x00, 0x00, 0x00, 0x00, 0x00,
  0x00, 0x00, 0x00, 0x00, 0x00, 0x00, 0x00, 0x00, 0x00, 0x00, 0x00, 0x00,
  0x00, 0x00, 0x00, 0x00, 0x00, 0x00, 0x00, 0x00, 0x00, 0x00, 0x00, 0x00,
  0x00, 0x00, 0x00, 0x00, 0x00, 0x00, 0x00, 0x00, 0x00, 0x00, 0x00, 0x00,
  0x00, 0x00, 0x00, 0x00, 0x00, 0x00, 0x00, 0x00, 0x00, 0x00, 0x00, 0x00,
  0x00, 0x00, 0x00, 0x00, 0x00, 0x00, 0x00, 0x00, 0x00, 0x00, 0x00, 0x00,
  0x00, 0x00, 0x00, 0x00, 0x00, 0x00, 0x00, 0x00, 0x00, 0x00, 0x00, 0x00,
  0x00, 0x00, 0x00, 0x00, 0x00, 0x00, 0x00, 0x00, 0x00, 0x00, 0x00, 0x00,
  0x00, 0x00, 0x00, 0x00, 0x00, 0x00, 0x00, 0x00, 0x00, 0x00, 0x00, 0x00,
  0x00, 0x00, 0x00, 0x00, 0x00, 0x00, 0x00, 0x00, 0x00, 0x00, 0x00, 0x00,
  0x00, 0x00, 0x00, 0x00, 0x00, 0x00, 0x00, 0x00, 0x00, 0x00, 0x00, 0x00,
  0x00, 0x00, 0x00, 0x00, 0x00, 0x00, 0x00, 0x00, 0x00, 0x00, 0x00, 0x00,
  0x00, 0x00, 0x00, 0x00, 0x00, 0x00, 0x00, 0x00, 0x00, 0x00, 0x00, 0x00,
  0x00, 0x00, 0x00, 0x00, 0x00, 0x00, 0x00, 0x00, 0x00, 0x00, 0x00, 0x00,
  0x00, 0x00, 0x00, 0x00, 0x00, 0x00, 0x00, 0x00, 0x00, 0x00, 0x00, 0x00,
  0x00, 0x00, 0x00, 0x00, 0x00, 0x00, 0x00, 0x00, 0x00, 0x00, 0x00, 0x00,
  0x00, 0x00, 0x00, 0x00, 0x00, 0x00, 0x00, 0x00, 0x00, 0x00, 0x00, 0x00,
  0x00, 0x00, 0x00, 0x00, 0x00, 0x00, 0x00, 0x00, 0x00, 0x00, 0x00, 0x00,
  0x00, 0x00, 0x00, 0x00, 0x00, 0x00, 0x00, 0x00, 0x00, 0x00, 0x00, 0x00,
  0x00, 0x00, 0x00, 0x00, 0x00, 0x00, 0x00, 0x00, 0x00, 0x00, 0x00, 0x00,
  0x00, 0x00, 0x00, 0x00, 0x00, 0x00, 0x00, 0x00, 0x00, 0x00, 0x00, 0x00,
  0x00, 0x00, 0x00, 0x00, 0x00, 0x00, 0x00, 0x00, 0x00, 0x00, 0x00, 0x00,
  0x00, 0x00, 0x00, 0x00, 0x00, 0x00, 0x00, 0x00, 0x00, 0x00, 0x00, 0x00,
  0x00, 0x00, 0x00, 0x00, 0x00, 0x00, 0x00, 0x00, 0x00, 0x00, 0x00, 0x00,
  0x00, 0x00, 0x00, 0x00, 0x00, 0x00, 0x00, 0x00, 0x00, 0x00, 0x00, 0x00,
  0x00, 0x00, 0x00, 0x00, 0x00, 0x00, 0x00, 0x00, 0x00, 0x00, 0x00, 0x00,
  0x00, 0x00, 0x00, 0x00, 0x00, 0x00, 0x00, 0x00, 0x00, 0x00, 0x00, 0x00,
  0x00, 0x00, 0x00, 0x00, 0x00, 0x00, 0x00, 0x00, 0x00, 0x00, 0x00, 0x00,
  0x00, 0x00, 0x00, 0x00, 0x00, 0x00, 0x00, 0x00, 0x00, 0x00, 0x00, 0x00,
  0x00, 0x00, 0x00, 0x00, 0x00, 0x00, 0x00, 0x00, 0x00, 0x00, 0x00, 0x00,
  0x00, 0x00, 0x00, 0x00, 0x00, 0x00, 0x00, 0x00, 0x00, 0x00, 0x00, 0x00,
  0x00, 0x00, 0x00, 0x00, 0x00, 0x00, 0x00, 0x00, 0x00, 0x00, 0x00, 0x00,
  0x00, 0x00, 0x00, 0x00, 0x00, 0x00, 0x00, 0x00, 0x00, 0x00, 0x00, 0x00,
  0x00, 0x00, 0x00, 0x00, 0x00, 0x00, 0x00, 0x00, 0x00, 0x00, 0x00, 0x00,
  0x00, 0x00, 0x00, 0x00, 0x00, 0x00, 0x00, 0x00, 0x00, 0x00, 0x00, 0x00,
  0x00, 0x00, 0x00, 0x00, 0x00, 0x00, 0x00, 0x00, 0x00, 0x00, 0x00, 0x00,
  0x00, 0x00, 0x00, 0x00, 0x00, 0x00, 0x00, 0x00, 0x00, 0x00, 0x00, 0x00,
  0x00, 0x00, 0x00, 0x00, 0x00, 0x00, 0x00, 0x00, 0x00, 0x00, 0x00, 0x00,
  0x00, 0x00, 0x00, 0x00, 0x00, 0x00, 0x00, 0x00, 0x00, 0x00, 0x00, 0x00,
  0x00, 0x00, 0x00, 0x00, 0x00, 0x00, 0x00, 0x00, 0x00, 0x00, 0x00, 0x00,
  0x00, 0x00, 0x00, 0x00, 0x00, 0x00, 0x00, 0x00, 0x00, 0x00, 0x00, 0x00,
  0x00, 0x00, 0x00, 0x00, 0x00, 0x00, 0x00, 0x00, 0x00, 0x00, 0x00, 0x00,
  0x00, 0x00, 0x00, 0x00, 0x00, 0x00, 0x00, 0x00, 0x00, 0x00, 0x00, 0x00,
  0x00, 0x00, 0x00, 0x00, 0x00, 0x00, 0x00, 0x00, 0x00, 0x00, 0x00, 0x00,
  0x00, 0x00, 0x00, 0x00, 0x00, 0x00, 0x00, 0x00, 0x00, 0x00, 0x00, 0x00,
  0x00, 0x00, 0x00, 0x00, 0x00, 0x00, 0x00, 0x00, 0x00, 0x00, 0x00, 0x00,
  0x00, 0x00, 0x00, 0x00, 0x00, 0x00, 0x00, 0x00, 0x00, 0x00, 0x00, 0x00,
  0x00, 0x00, 0x00, 0x00, 0x00, 0x00, 0x00, 0x00, 0x00, 0x00, 0x00, 0x00,
  0x00, 0x00, 0x00, 0x00, 0x00, 0x00, 0x00, 0x00, 0x00, 0x00, 0x00, 0x00,
  0x00, 0x00, 0x00, 0x00, 0x00, 0x00, 0x00, 0x00, 0x00, 0x00, 0x00, 0x00,
  0x00, 0x00, 0x00, 0x00, 0x00, 0x00, 0x00, 0x00, 0x00, 0x00, 0x00, 0x00,
  0x00, 0x00, 0x00, 0x00, 0x00, 0x00, 0x00, 0x00, 0x00, 0x00, 0x00, 0x00,
  0x00, 0x00, 0x00, 0x00, 0x00, 0x00, 0x00, 0x00, 0x00, 0x00, 0x00, 0x00,
  0x00, 0x00, 0x00, 0x00, 0x00, 0x00, 0x00, 0x00, 0x00, 0x00, 0x00, 0x00,
  0x00, 0x00, 0x00, 0x00, 0x00, 0x00, 0x00, 0x00, 0x00, 0x00, 0x00, 0x00,
  0x00, 0x00, 0x00, 0x00, 0x00, 0x00, 0x00, 0x00, 0x00, 0x00, 0x00, 0x00,
  0x00, 0x00, 0x00, 0x00, 0x00, 0x00, 0x00, 0x00, 0x00, 0x00, 0x00, 0x00,
  0x00, 0x00, 0x00, 0x00, 0x00, 0x00, 0x00, 0x00, 0x00, 0x00, 0x00, 0x00,
  0x00, 0x00, 0x00, 0x00, 0x00, 0x00, 0x00, 0x00, 0x00, 0x00, 0x00, 0x00,
  0x00, 0x00, 0x00, 0x00, 0x00, 0x00, 0x00, 0x00, 0x00, 0x00, 0x00, 0x00,
  0x00, 0x00, 0x00, 0x00, 0x00, 0x00, 0x00, 0x00, 0x00, 0x00, 0x00, 0x00,
  0x00, 0x00, 0x00, 0x00, 0x00, 0x00, 0x00, 0x00, 0x00, 0x00, 0x00, 0x00,
  0x00, 0x00, 0x00, 0x00, 0x00, 0x00, 0x00, 0x00, 0x00, 0x00, 0x00, 0x00,
  0x00, 0x00, 0x00, 0x00, 0x00, 0x00, 0x00, 0x00, 0x00, 0x00, 0x00, 0x00,
  0x00, 0x00, 0x00, 0x00, 0x00, 0x00, 0x00, 0x00, 0x00, 0x00, 0x00, 0x00,
  0x00, 0x00, 0x00, 0x00, 0x00, 0x00, 0x00, 0x00, 0x00, 0x00, 0x00, 0x00,
  0x00, 0x00, 0x00, 0x00, 0x00, 0x00, 0x00, 0x00, 0x00, 0x00, 0x00, 0x00,
  0x00, 0x00, 0x00, 0x00, 0x00, 0x00, 0x00, 0x00, 0x00, 0x00, 0x00, 0x00,
  0x00, 0x00, 0x00, 0x00, 0x00, 0x00, 0x00, 0x00, 0x00, 0x00, 0x00, 0x00,
  0x00, 0x00, 0x00, 0x00, 0x00, 0x00, 0x00, 0x00, 0x00, 0x00, 0x00, 0x00,
  0x00, 0x00, 0x00, 0x00, 0x00, 0x00, 0x00, 0x00, 0x00, 0x00, 0x00, 0x00,
  0x00, 0x00, 0x00, 0x00, 0x00, 0x00, 0x00, 0x00, 0x00, 0x00, 0x00, 0x00,
  0x00, 0x00, 0x00, 0x00, 0x00, 0x00, 0x00, 0x00, 0x00, 0x00, 0x00, 0x00,
  0x00, 0x00, 0x00, 0x00, 0x00, 0x00, 0x00, 0x00, 0x00, 0x00, 0x00, 0x00,
  0x00, 0x00, 0x00, 0x00, 0x00, 0x00, 0x00, 0x00, 0x00, 0x00, 0x00, 0x00,
  0x00, 0x00, 0x00, 0x00, 0x00, 0x00, 0x00, 0x00, 0x00, 0x00, 0x00, 0x00,
  0x00, 0x00, 0x00, 0x00, 0x00, 0x00, 0x00, 0x00, 0x00, 0x00, 0x00, 0x00,
  0x00, 0x00, 0x00, 0x00, 0x00, 0x00, 0x00, 0x00, 0x00, 0x00, 0x00, 0x00,
  0x00, 0x00, 0x00, 0x00, 0x00, 0x00, 0x00, 0x00, 0x00, 0x00, 0x00, 0x00,
  0x00, 0x00, 0x00, 0x00, 0x00, 0x00, 0x00, 0x00, 0x00, 0x00, 0x00, 0x00,
  0x00, 0x00, 0x00, 0x00, 0x00, 0x00, 0x00, 0x00, 0x00, 0x00, 0x00, 0x00,
  0x00, 0x00, 0x00, 0x00, 0x00, 0x00, 0x00, 0x00, 0x00, 0x00, 0x00, 0x00,
  0x00, 0x00, 0x00, 0x00, 0x00, 0x00, 0x00, 0x00, 0x00, 0x00, 0x00, 0x00,
  0x00, 0x00, 0x00, 0x00, 0x00, 0x00, 0x00, 0x00, 0x00, 0x00, 0x00, 0x00,
  0x00, 0x00, 0x00, 0x00, 0x00, 0x00, 0x00, 0x00, 0x00, 0x00, 0x00, 0x00,
  0x00, 0x00, 0x00, 0x00, 0x00, 0x00, 0x00, 0x00, 0x00, 0x00, 0x00, 0x00,
  0x00, 0x00, 0x00, 0x00, 0x00, 0x00, 0x00, 0x00, 0x00, 0x00, 0x00, 0x00,
  0x00, 0x00, 0x00, 0x00, 0x00, 0x00, 0x00, 0x00, 0x00, 0x00, 0x00, 0x00,
  0x00, 0x00, 0x00, 0x00, 0x00, 0x00, 0x00, 0x00, 0x00, 0x00, 0x00, 0x00,
  0x00, 0x00, 0x00, 0x00, 0x00, 0x00, 0x00, 0x00, 0x00, 0x00, 0x00, 0x00,
  0x00, 0x00, 0x00, 0x00, 0x00, 0x00, 0x00, 0x00, 0x00, 0x00, 0x00, 0x00,
  0x00, 0x00, 0x00, 0x00, 0x00, 0x00, 0x00, 0x00, 0x00, 0x00, 0x00, 0x00,
  0x00, 0x00, 0x00, 0x00, 0x00, 0x00, 0x00, 0x00, 0x00, 0x00, 0x00, 0x00,
  0x00, 0x00, 0x00, 0x00, 0x00, 0x00, 0x00, 0x00, 0x00, 0x00, 0x00, 0x00,
  0x00, 0x00, 0x00, 0x00, 0x00, 0x00, 0x00, 0x00, 0x00, 0x00, 0x00, 0x00,
  0x00, 0x00, 0x00, 0x00, 0x00, 0x00, 0x00, 0x00, 0x00, 0x00, 0x00, 0x00,
  0x00, 0x00, 0x00, 0x00, 0x00, 0x00, 0x00, 0x00, 0x00, 0x00, 0x00, 0x00,
  0x00, 0x00, 0x00, 0x00, 0x00, 0x00, 0x00, 0x00, 0x00, 0x00, 0x00, 0x00,
  0x00, 0x00, 0x00, 0x00, 0x00, 0x00, 0x00, 0x00, 0x00, 0x00, 0x00, 0x00,
  0x00, 0x00, 0x00, 0x00, 0x00, 0x00, 0x00, 0x00, 0x00, 0x00, 0x00, 0x00,
  0x00, 0x00, 0x00, 0x00, 0x00, 0x00, 0x00, 0x00, 0x00, 0x00, 0x00, 0x00,
  0x00, 0x00, 0x00, 0x00, 0x00, 0x00, 0x00, 0x00, 0x00, 0x00, 0x00, 0x00,
  0x00, 0x00, 0x00, 0x00, 0x00, 0x00, 0x00, 0x00, 0x00, 0x00, 0x00, 0x00,
  0x00, 0x00, 0x00, 0x00, 0x00, 0x00, 0x00, 0x00, 0x00, 0x00, 0x00, 0x00,
  0x00, 0x00, 0x00, 0x00, 0x00, 0x00, 0x00, 0x00, 0x00, 0x00, 0x00, 0x00,
  0x00, 0x00, 0x00, 0x00, 0x00, 0x00, 0x00, 0x00, 0x00, 0x00, 0x00, 0x00,
  0x00, 0x00, 0x00, 0x00, 0x00, 0x00, 0x00, 0x00, 0x00, 0x00, 0x00, 0x00,
  0x00, 0x00, 0x00, 0x00, 0x00, 0x00, 0x00, 0x00, 0x00, 0x00, 0x00, 0x00,
  0x00, 0x00, 0x00, 0x00, 0x00, 0x00, 0x00, 0x00, 0x00, 0x00, 0x00, 0x00,
  0x00, 0x00, 0x00, 0x00, 0x00, 0x00, 0x00, 0x00, 0x00, 0x00, 0x00, 0x00,
  0x00, 0x00, 0x00, 0x00, 0x00, 0x00, 0x00, 0x00, 0x00, 0x00, 0x00, 0x00,
  0x00, 0x00, 0x00, 0x00, 0x00, 0x00, 0x00, 0x00, 0x00, 0x00, 0x00, 0x00,
  0x00, 0x00, 0x00, 0x00, 0x00, 0x00, 0x00, 0x00, 0x00, 0x00, 0x00, 0x00,
  0x00, 0x00, 0x00, 0x00, 0x00, 0x00, 0x00, 0x00, 0x00, 0x00, 0x00, 0x00,
  0x00, 0x00, 0x00, 0x00, 0x00, 0x00, 0x00, 0x00, 0x00, 0x00, 0x00, 0x00,
  0x00, 0x00, 0x00, 0x00, 0x00, 0x00, 0x00, 0x00, 0x00, 0x00, 0x00, 0x00,
  0x00, 0x00, 0x00, 0x00, 0x00, 0x00, 0x00, 0x00, 0x00, 0x00, 0x00, 0x00,
  0x00, 0x00, 0x00, 0x00, 0x00, 0x00, 0x00, 0x00, 0x00, 0x00, 0x00, 0x00,
  0x00, 0x00, 0x00, 0x00, 0x00, 0x00, 0x00, 0x00, 0x00, 0x00, 0x00, 0x00,
  0x00, 0x00, 0x00, 0x00, 0x00, 0x00, 0x00, 0x00, 0x00, 0x00, 0x00, 0x00,
  0x00, 0x00, 0x00, 0x00, 0x00, 0x00, 0x00, 0x00, 0x00, 0x00, 0x00, 0x00,
  0x00, 0x00, 0x00, 0x00, 0x00, 0x00, 0x00, 0x00, 0x00, 0x00, 0x00, 0x00,
  0x00, 0x00, 0x00, 0x00, 0x00, 0x00, 0x00, 0x00, 0x00, 0x00, 0x00, 0x00,
  0x00, 0x00, 0x00, 0x00, 0x00, 0x00, 0x00, 0x00, 0x00, 0x00, 0x00, 0x00,
  0x00, 0x00, 0x00, 0x00, 0x00, 0x00, 0x00, 0x00, 0x00, 0x00, 0x00, 0x00,
  0x00, 0x00, 0x00, 0x00, 0x00, 0x00, 0x00, 0x00, 0x00, 0x00, 0x00, 0x00,
  0x00, 0x00, 0x00, 0x00, 0x00, 0x00, 0x00, 0x00, 0x00, 0x00, 0x00, 0x00,
  0x00, 0x00, 0x00, 0x00, 0x00, 0x00, 0x00, 0x00, 0x00, 0x00, 0x00, 0x00,
  0x00, 0x00, 0x00, 0x00, 0x00, 0x00, 0x00, 0x00, 0x00, 0x00, 0x00, 0x00,
  0x00, 0x00, 0x00, 0x00, 0x00, 0x00, 0x00, 0x00, 0x00, 0x00, 0x00, 0x00,
  0x00, 0x00, 0x00, 0x00, 0x00, 0x00, 0x00, 0x00, 0x00, 0x00, 0x00, 0x00,
  0x00, 0x00, 0x00, 0x00, 0x00, 0x00, 0x00, 0x00, 0x00, 0x00, 0x00, 0x00,
  0x00, 0x00, 0x00, 0x00, 0x00, 0x00, 0x00, 0x00, 0x00, 0x00, 0x00, 0x00,
  0x00, 0x00, 0x00, 0x00, 0x00, 0x00, 0x00, 0x00, 0x00, 0x00, 0x00, 0x00,
  0x00, 0x00, 0x00, 0x00, 0x00, 0x00, 0x00, 0x00, 0x00, 0x00, 0x00, 0x00,
  0x00, 0x00, 0x00, 0x00, 0x00, 0x00, 0x00, 0x00, 0x00, 0x00, 0x00, 0x00,
  0x00, 0x00, 0x00, 0x00, 0x00, 0x00, 0x00, 0x00, 0x00, 0x00, 0x00, 0x00,
  0x00, 0x00, 0x00, 0x00, 0x00, 0x00, 0x00, 0x00, 0x00, 0x00, 0x00, 0x00,
  0x00, 0x00, 0x00, 0x00, 0x00, 0x00, 0x00, 0x00, 0x00, 0x00, 0x00, 0x00,
  0x00, 0x00, 0x00, 0x00, 0x00, 0x00, 0x00, 0x00, 0x00, 0x00, 0x00, 0x00,
  0x00, 0x00, 0x00, 0x00, 0x00, 0x00, 0x00, 0x00, 0x00, 0x00, 0x00, 0x00,
  0x00, 0x00, 0x00, 0x00, 0x00, 0x00, 0x00, 0x00, 0x00, 0x00, 0x00, 0x00,
  0x00, 0x00, 0x00, 0x00, 0x00, 0x00, 0x00, 0x00, 0x00, 0x00, 0x00, 0x00,
  0x00, 0x00, 0x00, 0x00, 0x00, 0x00, 0x00, 0x00, 0x00, 0x00, 0x00, 0x00,
  0x00, 0x00, 0x00, 0x00, 0x00, 0x00, 0x00, 0x00, 0x00, 0x00, 0x00, 0x00,
  0x00, 0x00, 0x00, 0x00, 0x00, 0x00, 0x00, 0x00, 0x00, 0x00, 0x00, 0x00,
  0x00, 0x00, 0x00, 0x00, 0x00, 0x00, 0x00, 0x00, 0x00, 0x00, 0x00, 0x00,
  0x00, 0x00, 0x00, 0x00, 0x00, 0x00, 0x00, 0x00, 0x00, 0x00, 0x00, 0x00,
  0x00, 0x00, 0x00, 0x00, 0x00, 0x00, 0x00, 0x00, 0x00, 0x00, 0x00, 0x00,
  0x00, 0x00, 0x00, 0x00, 0x00, 0x00, 0x00, 0x00, 0x00, 0x00, 0x00, 0x00,
  0x00, 0x00, 0x00, 0x00, 0x00, 0x00, 0x00, 0x00, 0x00, 0x00, 0x00, 0x00,
  0x00, 0x00, 0x00, 0x00, 0x00, 0x00, 0x00, 0x00, 0x00, 0x00, 0x00, 0x00,
  0x00, 0x00, 0x00, 0x00, 0x00, 0x00, 0x00, 0x00, 0x00, 0x00, 0x00, 0x00,
  0x00, 0x00, 0x00, 0x00, 0x00, 0x00, 0x00, 0x00, 0x00, 0x00, 0x00, 0x00,
  0x00, 0x00, 0x00, 0x00, 0x00, 0x00, 0x00, 0x00, 0x00, 0x00, 0x00, 0x00,
  0x00, 0x00, 0x00, 0x00, 0x00, 0x00, 0x00, 0x00, 0x00, 0x00, 0x00, 0x00,
  0x00, 0x00, 0x00, 0x00, 0x00, 0x00, 0x00, 0x00, 0x00, 0x00, 0x00, 0x00,
  0x00, 0x00, 0x00, 0x00, 0x00, 0x00, 0x00, 0x00, 0x00, 0x00, 0x00, 0x00,
  0x00, 0x00, 0x00, 0x00, 0x00, 0x00, 0x00, 0x00, 0x00, 0x00, 0x00, 0x00,
  0x00, 0x00, 0x00, 0x00, 0x00, 0x00, 0x00, 0x00, 0x00, 0x00, 0x00, 0x00,
  0x00, 0x00, 0x00, 0x00, 0x00, 0x00, 0x00, 0x00, 0x00, 0x00, 0x00, 0x00,
  0x00, 0x00, 0x00, 0x00, 0x00, 0x00, 0x00, 0x00, 0x00, 0x00, 0x00, 0x00,
  0x00, 0x00, 0x00, 0x00, 0x00, 0x00, 0x00, 0x00, 0x00, 0x00, 0x00, 0x00,
  0x00, 0x00, 0x00, 0x00, 0x00, 0x00, 0x00, 0x00, 0x00, 0x00, 0x00, 0x00,
  0x00, 0x00, 0x00, 0x00, 0x00, 0x00, 0x00, 0x00, 0x00, 0x00, 0x00, 0x00,
  0x00, 0x00, 0x00, 0x00, 0x00, 0x00, 0x00, 0x00, 0x00, 0x00, 0x00, 0x00,
  0x00, 0x00, 0x00, 0x00, 0x00, 0x00, 0x00, 0x00, 0x00, 0x00, 0x00, 0x00,
  0x00, 0x00, 0x00, 0x00, 0x00, 0x00, 0x00, 0x00, 0x00, 0x00, 0x00, 0x00,
  0x00, 0x00, 0x00, 0x00, 0x00, 0x00, 0x00, 0x00, 0x00, 0x00, 0x00, 0x00,
  0x00, 0x00, 0x00, 0x00, 0x00, 0x00, 0x00, 0x00, 0x00, 0x00, 0x00, 0x00,
  0x00, 0x00, 0x00, 0x00, 0x00, 0x00, 0x00, 0x00, 0x00, 0x00, 0x00, 0x00,
  0x00, 0x00, 0x00, 0x00, 0x00, 0x00, 0x00, 0x00, 0x00, 0x00, 0x00, 0x00,
  0x00, 0x00, 0x00, 0x00, 0x00, 0x00, 0x00, 0x00, 0x00, 0x00, 0x00, 0x00,
  0x00, 0x00, 0x00, 0x00, 0x00, 0x00, 0x00, 0x00, 0x00, 0x00, 0x00, 0x00,
  0x00, 0x00, 0x00, 0x00, 0x00, 0x00, 0x00, 0x00, 0x00, 0x00, 0x00, 0x00,
  0x00, 0x00, 0x00, 0x00, 0x00, 0x00, 0x00, 0x00, 0x00, 0x00, 0x00, 0x00,
  0x00, 0x00, 0x00, 0x00, 0x00, 0x00, 0x00, 0x00, 0x00, 0x00, 0x00, 0x00,
  0x00, 0x00, 0x00, 0x00, 0x00, 0x00, 0x00, 0x00, 0x00, 0x00, 0x00, 0x00,
  0x00, 0x00, 0x00, 0x00, 0x00, 0x00, 0x00, 0x00, 0x00, 0x00, 0x00, 0x00,
  0x00, 0x00, 0x00, 0x00, 0x00, 0x00, 0x00, 0x00, 0x00, 0x00, 0x00, 0x00,
  0x00, 0x00, 0x00, 0x00, 0x00, 0x00, 0x00, 0x00, 0x00, 0x00, 0x00, 0x00,
  0x00, 0x00, 0x00, 0x00, 0x00, 0x00, 0x00, 0x00, 0x00, 0x00, 0x00, 0x00,
  0x00, 0x00, 0x00, 0x00, 0x00, 0x00, 0x00, 0x00, 0x00, 0x00, 0x00, 0x00,
  0x00, 0x00, 0x00, 0x00, 0x00, 0x00, 0x00, 0x00, 0x00, 0x00, 0x00, 0x00,
  0x00, 0x00, 0x00, 0x00, 0x00, 0x00, 0x00, 0x00, 0x00, 0x00, 0x00, 0x00,
  0x00, 0x00, 0x00, 0x00, 0x00, 0x00, 0x00, 0x00, 0x00, 0x00, 0x00, 0x00,
  0x00, 0x00, 0x00, 0x00, 0x00, 0x00, 0x00, 0x00, 0x00, 0x00, 0x00, 0x00,
  0x00, 0x00, 0x00, 0x00, 0x00, 0x00, 0x00, 0x00, 0x00, 0x00, 0x00, 0x00,
  0x00, 0x00, 0x00, 0x00, 0x00, 0x00, 0x00, 0x00, 0x00, 0x00, 0x00, 0x00,
  0x00, 0x00, 0x00, 0x00, 0x00, 0x00, 0x00, 0x00, 0x00, 0x00, 0x00, 0x00,
  0x00, 0x00, 0x00, 0x00, 0x00, 0x00, 0x00, 0x00, 0x00, 0x00, 0x00, 0x00,
  0x00, 0x00, 0x00, 0x00, 0x00, 0x00, 0x00, 0x00, 0x00, 0x00, 0x00, 0x00,
  0x00, 0x00, 0x00, 0x00, 0x00, 0x00, 0x00, 0x00, 0x00, 0x00, 0x00, 0x00,
  0x00, 0x00, 0x00, 0x00, 0x00, 0x00, 0x00, 0x00, 0x00, 0x00, 0x00, 0x00,
  0x00, 0x00, 0x00, 0x00, 0x00, 0x00, 0x00, 0x00, 0x00, 0x00, 0x00, 0x00,
  0x00, 0x00, 0x00, 0x00, 0x00, 0x00, 0x00, 0x00, 0x00, 0x00, 0x00, 0x00,
  0x00, 0x00, 0x00, 0x00, 0x00, 0x00, 0x00, 0x00, 0x00, 0x00, 0x00, 0x00,
  0x00, 0x00, 0x00, 0x00, 0x00, 0x00, 0x00, 0x00, 0x00, 0x00, 0x00, 0x00,
  0x00, 0x00, 0x00, 0x00, 0x00, 0x00, 0x00, 0x00, 0x00, 0x00, 0x00, 0x00,
  0x00, 0x00, 0x00, 0x00, 0x00, 0x00, 0x00, 0x00, 0x00, 0x00, 0x00, 0x00,
  0x00, 0x00, 0x00, 0x00, 0x00, 0x00, 0x00, 0x00, 0x00, 0x00, 0x00, 0x00,
  0x00, 0x00, 0x00, 0x00, 0x00, 0x00, 0x00, 0x00, 0x00, 0x00, 0x00, 0x00,
  0x00, 0x00, 0x00, 0x00, 0x00, 0x00, 0x00, 0x00, 0x00, 0x00, 0x00, 0x00,
  0x00, 0x00, 0x00, 0x00, 0x00, 0x00, 0x00, 0x00, 0x00, 0x00, 0x00, 0x00,
  0x00, 0x00, 0x00, 0x00, 0x00, 0x00, 0x00, 0x00, 0x00, 0x00, 0x00, 0x00,
  0x00, 0x00, 0x00, 0x00, 0x00, 0x00, 0x00, 0x00, 0x00, 0x00, 0x00, 0x00,
  0x00, 0x00, 0x00, 0x00, 0x00, 0x00, 0x00, 0x00, 0x00, 0x00, 0x00, 0x00,
  0x00, 0x00, 0x00, 0x00, 0x00, 0x00, 0x00, 0x00, 0x00, 0x00, 0x00, 0x00,
  0x00, 0x00, 0x00, 0x00, 0x00, 0x00, 0x00, 0x00, 0x00, 0x00, 0x00, 0x00,
  0x00, 0x00, 0x00, 0x00, 0x00, 0x00, 0x00, 0x00, 0x00, 0x00, 0x00, 0x00,
  0x00, 0x00, 0x00, 0x00, 0x00, 0x00, 0x00, 0x00, 0x00, 0x00, 0x00, 0x00,
  0x00, 0x00, 0x00, 0x00, 0x00, 0x00, 0x00, 0x00, 0x00, 0x00, 0x00, 0x00,
  0x00, 0x00, 0x00, 0x00, 0x00, 0x00, 0x00, 0x00, 0x00, 0x00, 0x00, 0x00,
  0x00, 0x00, 0x00, 0x00, 0x00, 0x00, 0x00, 0x00, 0x00, 0x00, 0x00, 0x00,
  0x00, 0x00, 0x00, 0x00, 0x00, 0x00, 0x00, 0x00, 0x00, 0x00, 0x00, 0x00,
  0x00, 0x00, 0x00, 0x00, 0x00, 0x00, 0x00, 0x00, 0x00, 0x00, 0x00, 0x00,
  0x00, 0x00, 0x00, 0x00, 0x00, 0x00, 0x00, 0x00, 0x00, 0x00, 0x00, 0x00,
  0x00, 0x00, 0x00, 0x00, 0x00, 0x00, 0x00, 0x00, 0x00, 0x00, 0x00, 0x00,
  0x00, 0x00, 0x00, 0x00, 0x00, 0x00, 0x00, 0x00, 0x00, 0x00, 0x00, 0x00,
  0x00, 0x00, 0x00, 0x00, 0x00, 0x00, 0x00, 0x00, 0x00, 0x00, 0x00, 0x00,
  0x00, 0x00, 0x00, 0x00, 0x00, 0x00, 0x00, 0x00, 0x00, 0x00, 0x00, 0x00,
  0x00, 0x00, 0x00, 0x00, 0x00, 0x00, 0x00, 0x00, 0x00, 0x00, 0x00, 0x00,
  0x00, 0x00, 0x00, 0x00, 0x00, 0x00, 0x00, 0x00, 0x00, 0x00, 0x00, 0x00,
  0x00, 0x00, 0x00, 0x00, 0x00, 0x00, 0x00, 0x00, 0x00, 0x00, 0x00, 0x00,
  0x00, 0x00, 0x00, 0x00, 0x00, 0x00, 0x00, 0x00, 0x00, 0x00, 0x00, 0x00,
  0x00, 0x00, 0x00, 0x00, 0x00, 0x00, 0x00, 0x00, 0x00, 0x00, 0x00, 0x00,
  0x00, 0x00, 0x00, 0x00, 0x00, 0x00, 0x00, 0x00, 0x00, 0x00, 0x00, 0x00,
  0x00, 0x00, 0x00, 0x00, 0x00, 0x00, 0x00, 0x00, 0x00, 0x00, 0x00, 0x00,
  0x00, 0x00, 0x00, 0x00, 0x00, 0x00, 0x00, 0x00, 0x00, 0x00, 0x00, 0x00,
  0x00, 0x00, 0x00, 0x00, 0x00, 0x00, 0x00, 0x00, 0x00, 0x00, 0x00, 0x00,
  0x00, 0x00, 0x00, 0x00, 0x00, 0x00, 0x00, 0x00, 0x00, 0x00, 0x00, 0x00,
  0x00, 0x00, 0x00, 0x00, 0x00, 0x00, 0x00, 0x00, 0x00, 0x00, 0x00, 0x00,
  0x00, 0x00, 0x00, 0x00, 0x00, 0x00, 0x00, 0x00, 0x00, 0x00, 0x00, 0x00,
  0x00, 0x00, 0x00, 0x00, 0x00, 0x00, 0x00, 0x00, 0x00, 0x00, 0x00, 0x00,
  0x00, 0x00, 0x00, 0x00, 0x00, 0x00, 0x00, 0x00, 0x00, 0x00, 0x00, 0x00,
  0x00, 0x00, 0x00, 0x00, 0x00, 0x00, 0x00, 0x00, 0x00, 0x00, 0x00, 0x00,
  0x00, 0x00, 0x00, 0x00, 0x00, 0x00, 0x00, 0x00, 0x00, 0x00, 0x00, 0x00,
  0x00, 0x00, 0x00, 0x00, 0x00, 0x00, 0x00, 0x00, 0x00, 0x00, 0x00, 0x00,
  0x00, 0x00, 0x00, 0x00, 0x00, 0x00, 0x00, 0x00, 0x00, 0x00, 0x00, 0x00,
  0x00, 0x00, 0x00, 0x00, 0x00, 0x00, 0x00, 0x00, 0x00, 0x00, 0x00, 0x00,
  0x00, 0x00, 0x00, 0x00, 0x00, 0x00, 0x00, 0x00, 0x00, 0x00, 0x00, 0x00,
  0x00, 0x00, 0x00, 0x00, 0x00, 0x00, 0x00, 0x00, 0x00, 0x00, 0x00, 0x00,
  0x00, 0x00, 0x00, 0x00, 0x00, 0x00, 0x00, 0x00, 0x00, 0x00, 0x00, 0x00,
  0x00, 0x00, 0x00, 0x00, 0x00, 0x00, 0x00, 0x00, 0x00, 0x00, 0x00, 0x00,
  0x00, 0x00, 0x00, 0x00, 0x00, 0x00, 0x00, 0x00, 0x00, 0x00, 0x00, 0x00,
  0x00, 0x00, 0x00, 0x00, 0x00, 0x00, 0x00, 0x00, 0x00, 0x00, 0x00, 0x00,
  0x00, 0x00, 0x00, 0x00, 0x00, 0x00, 0x00, 0x00, 0x00, 0x00, 0x00, 0x00,
  0x00, 0x00, 0x00, 0x00, 0x00, 0x00, 0x00, 0x00, 0x00, 0x00, 0x00, 0x00,
  0x00, 0x00, 0x00, 0x00, 0x00, 0x00, 0x00, 0x00, 0x00, 0x00, 0x00, 0x00,
  0x00, 0x00, 0x00, 0x00, 0x00, 0x00, 0x00, 0x00, 0x00, 0x00, 0x00, 0x00,
  0x00, 0x00, 0x00, 0x00, 0x00, 0x00, 0x00, 0x00, 0x00, 0x00, 0x00, 0x00,
  0x00, 0x00, 0x00, 0x00, 0x00, 0x00, 0x00, 0x00, 0x00, 0x00, 0x00, 0x00,
  0x00, 0x00, 0x00, 0x00, 0x00, 0x00, 0x00, 0x00, 0x00, 0x00, 0x00, 0x00,
  0x00, 0x00, 0x00, 0x00, 0x00, 0x00, 0x00, 0x00, 0x00, 0x00, 0x00, 0x00,
  0x00, 0x00, 0x00, 0x00, 0x00, 0x00, 0x00, 0x00, 0x00, 0x00, 0x00, 0x00,
  0x00, 0x00, 0x00, 0x00, 0x00, 0x00, 0x00, 0x00, 0x00, 0x00, 0x00, 0x00,
  0x00, 0x00, 0x00, 0x00, 0x00, 0x00, 0x00, 0x00, 0x00, 0x00, 0x00, 0x00,
  0x00, 0x00, 0x00, 0x00, 0x00, 0x00, 0x00, 0x00, 0x00, 0x00, 0x00, 0x00,
  0x00, 0x00, 0x00, 0x00, 0x00, 0x00, 0x00, 0x00, 0x00, 0x00, 0x00, 0x00,
  0x00, 0x00, 0x00, 0x00, 0x00, 0x00, 0x00, 0x00, 0x00, 0x00, 0x00, 0x00,
  0x00, 0x00, 0x00, 0x00, 0x00, 0x00, 0x00, 0x00, 0x00, 0x00, 0x00, 0x00,
  0x00, 0x00, 0x00, 0x00, 0x00, 0x00, 0x00, 0x00, 0x00, 0x00, 0x00, 0x00,
  0x00, 0x00, 0x00, 0x00, 0x00, 0x00, 0x00, 0x00, 0x00, 0x00, 0x00, 0x00,
  0x00, 0x00, 0x00, 0x00, 0x00, 0x00, 0x00, 0x00, 0x00, 0x00, 0x00, 0x00,
  0x00, 0x00, 0x00, 0x00, 0x00, 0x00, 0x00, 0x00, 0x00, 0x00, 0x00, 0x00,
  0x00, 0x00, 0x00, 0x00, 0x00, 0x00, 0x00, 0x00, 0x00, 0x00, 0x00, 0x00,
  0x00, 0x00, 0x00, 0x00, 0x00, 0x00, 0x00, 0x00, 0x00, 0x00, 0x00, 0x00,
  0x00, 0x00, 0x00, 0x00, 0x00, 0x00, 0x00, 0x00, 0x00, 0x00, 0x00, 0x00,
  0x00, 0x00, 0x00, 0x00, 0x00, 0x00, 0x00, 0x00, 0x00, 0x00, 0x00, 0x00,
  0x00, 0x00, 0x00, 0x00, 0x00, 0x00, 0x00, 0x00, 0x00, 0x00, 0x00, 0x00,
  0x00, 0x00, 0x00, 0x00, 0x00, 0x00, 0x00, 0x00, 0x00, 0x00, 0x00, 0x00,
  0x00, 0x00, 0x00, 0x00, 0x00, 0x00, 0x00, 0x00, 0x00, 0x00, 0x00, 0x00,
  0x00, 0x00, 0x00, 0x00, 0x00, 0x00, 0x00, 0x00, 0x00, 0x00, 0x00, 0x00,
  0x00, 0x00, 0x00, 0x00, 0x00, 0x00, 0x00, 0x00, 0x00, 0x00, 0x00, 0x00,
  0x00, 0x00, 0x00, 0x00, 0x00, 0x00, 0x00, 0x00, 0x00, 0x00, 0x00, 0x00,
  0x00, 0x00, 0x00, 0x00, 0x00, 0x00, 0x00, 0x00, 0x00, 0x00, 0x00, 0x00,
  0x00, 0x00, 0x00, 0x00, 0x00, 0x00, 0x00, 0x00, 0x00, 0x00, 0x00, 0x00,
  0x00, 0x00, 0x00, 0x00, 0x00, 0x00, 0x00, 0x00, 0x00, 0x00, 0x00, 0x00,
  0x00, 0x00, 0x00, 0x00, 0x00, 0x00, 0x00, 0x00, 0x00, 0x00, 0x00, 0x00,
  0x00, 0x00, 0x00, 0x00, 0x00, 0x00, 0x00, 0x00, 0x00, 0x00, 0x00, 0x00,
  0x00, 0x00, 0x00, 0x00, 0x00, 0x00, 0x00, 0x00, 0x00, 0x00, 0x00, 0x00,
  0x00, 0x00, 0x00, 0x00, 0x00, 0x00, 0x00, 0x00, 0x00, 0x00, 0x00, 0x00,
  0x00, 0x00, 0x00, 0x00, 0x00, 0x00, 0x00, 0x00, 0x00, 0x00, 0x00, 0x00,
  0x00, 0x00, 0x00, 0x00, 0x00, 0x00, 0x00, 0x00, 0x00, 0x00, 0x00, 0x00,
  0x00, 0x00, 0x00, 0x00, 0x00, 0x00, 0x00, 0x00, 0x00, 0x00, 0x00, 0x00,
  0x00, 0x00, 0x00, 0x00, 0x00, 0x00, 0x00, 0x00, 0x00, 0x00, 0x00, 0x00,
  0x00, 0x00, 0x00, 0x00, 0x00, 0x00, 0x00, 0x00, 0x00, 0x00, 0x00, 0x00,
  0x00, 0x00, 0x00, 0x00, 0x00, 0x00, 0x00, 0x00, 0x00, 0x00, 0x00, 0x00,
  0x00, 0x00, 0x00, 0x00, 0x00, 0x00, 0x00, 0x00, 0x00, 0x00, 0x00, 0x00,
  0x00, 0x00, 0x00, 0x00, 0x00, 0x00, 0x00, 0x00, 0x00, 0x00, 0x00, 0x00,
  0x00, 0x00, 0x00, 0x00, 0x00, 0x00, 0x00, 0x00, 0x00, 0x00, 0x00, 0x00,
  0x00, 0x00, 0x00, 0x00, 0x00, 0x00, 0x00, 0x00, 0x00, 0x00, 0x00, 0x00,
  0x00, 0x00, 0x00, 0x00, 0x00, 0x00, 0x00, 0x00, 0x00, 0x00, 0x00, 0x00,
  0x00, 0x00, 0x00, 0x00, 0x00, 0x00, 0x00, 0x00, 0x00, 0x00, 0x00, 0x00,
  0x00, 0x00, 0x00, 0x00, 0x00, 0x00, 0x00, 0x00, 0x00, 0x00, 0x00, 0x00,
  0x00, 0x00, 0x00, 0x00, 0x00, 0x00, 0x00, 0x00, 0x00, 0x00, 0x00, 0x00,
  0x00, 0x00, 0x00, 0x00, 0x00, 0x00, 0x00, 0x00, 0x00, 0x00, 0x00, 0x00,
  0x00, 0x00, 0x00, 0x00, 0x00, 0x00, 0x00, 0x00, 0x00, 0x00, 0x00, 0x00,
  0x00, 0x00, 0x00, 0x00, 0x00, 0x00, 0x00, 0x00, 0x00, 0x00, 0x00, 0x00,
  0x00, 0x00, 0x00, 0x00, 0x00, 0x00, 0x00, 0x00, 0x00, 0x00, 0x00, 0x00,
  0x00, 0x00, 0x00, 0x00, 0x00, 0x00, 0x00, 0x00, 0x00, 0x00, 0x00, 0x00,
  0x00, 0x00, 0x00, 0x00, 0x00, 0x00, 0x00, 0x00, 0x00, 0x00, 0x00, 0x00,
  0x00, 0x00, 0x00, 0x00, 0x00, 0x00, 0x00, 0x00, 0x00, 0x00, 0x00, 0x00,
  0x00, 0x00, 0x00, 0x00, 0x00, 0x00, 0x00, 0x00, 0x00, 0x00, 0x00, 0x00,
  0x00, 0x00, 0x00, 0x00, 0x00, 0x00, 0x00, 0x00, 0x00, 0x00, 0x00, 0x00,
  0x00, 0x00, 0x00, 0x00, 0x00, 0x00, 0x00, 0x00, 0x00, 0x00, 0x00, 0x00,
  0x00, 0x00, 0x00, 0x00, 0x00, 0x00, 0x00, 0x00, 0x00, 0x00, 0x00, 0x00,
  0x00, 0x00, 0x00, 0x00, 0x00, 0x00, 0x00, 0x00, 0x00, 0x00, 0x00, 0x00,
  0x00, 0x00, 0x00, 0x00, 0x00, 0x00, 0x00, 0x00, 0x00, 0x00, 0x00, 0x00,
  0x00, 0x00, 0x00, 0x00, 0x00, 0x00, 0x00, 0x00, 0x00, 0x00, 0x00, 0x00,
  0x00, 0x00, 0x00, 0x00, 0x00, 0x00, 0x00, 0x00, 0x00, 0x00, 0x00, 0x00,
  0x00, 0x00, 0x00, 0x00, 0x00, 0x00, 0x00, 0x00, 0x00, 0x00, 0x00, 0x00,
  0x00, 0x00, 0x00, 0x00, 0x00, 0x00, 0x00, 0x00, 0x00, 0x00, 0x00, 0x00,
  0x00, 0x00, 0x00, 0x00, 0x00, 0x00, 0x00, 0x00, 0x00, 0x00, 0x00, 0x00,
  0x00, 0x00, 0x00, 0x00, 0x00, 0x00, 0x00, 0x00, 0x00, 0x00, 0x00, 0x00,
  0x00, 0x00, 0x00, 0x00, 0x00, 0x00, 0x00, 0x00, 0x00, 0x00, 0x00, 0x00,
  0x00, 0x00, 0x00, 0x00, 0x00, 0x00, 0x00, 0x00, 0x00, 0x00, 0x00, 0x00,
  0x00, 0x00, 0x00, 0x00, 0x00, 0x00, 0x00, 0x00, 0x00, 0x00, 0x00, 0x00,
  0x00, 0x00, 0x00, 0x00, 0x00, 0x00, 0x00, 0x00, 0x00, 0x00, 0x00, 0x00,
  0x00, 0x00, 0x00, 0x00, 0x00, 0x00, 0x00, 0x00, 0x00, 0x00, 0x00, 0x00,
  0x00, 0x00, 0x00, 0x00, 0x00, 0x00, 0x00, 0x00, 0x00, 0x00, 0x00, 0x00,
  0x00, 0x00, 0x00, 0x00, 0x00, 0x00, 0x00, 0x00, 0x00, 0x00, 0x00, 0x00,
  0x00, 0x00, 0x00, 0x00, 0x00, 0x00, 0x00, 0x00, 0x00, 0x00, 0x00, 0x00,
  0x00, 0x00, 0x00, 0x00, 0x00, 0x00, 0x00, 0x00, 0x00, 0x00, 0x00, 0x00,
  0x00, 0x00, 0x00, 0x00, 0x00, 0x00, 0x00, 0x00, 0x00, 0x00, 0x00, 0x00,
  0x00, 0x00, 0x00, 0x00, 0x00, 0x00, 0x00, 0x00, 0x00, 0x00, 0x00, 0x00,
  0x00, 0x00, 0x00, 0x00, 0x00, 0x00, 0x00, 0x00, 0x00, 0x00, 0x00, 0x00,
  0x00, 0x00, 0x00, 0x00, 0x00, 0x00, 0x00, 0x00, 0x00, 0x00, 0x00, 0x00,
  0x00, 0x00, 0x00, 0x00, 0x00, 0x00, 0x00, 0x00, 0x00, 0x00, 0x00, 0x00,
  0x00, 0x00, 0x00, 0x00, 0x00, 0x00, 0x00, 0x00, 0x00, 0x00, 0x00, 0x00,
  0x00, 0x00, 0x00, 0x00, 0x00, 0x00, 0x00, 0x00, 0x00, 0x00, 0x00, 0x00,
  0x00, 0x00, 0x00, 0x00, 0x00, 0x00, 0x00, 0x00, 0x00, 0x00, 0x00, 0x00,
  0x00, 0x00, 0x00, 0x00, 0x00, 0x00, 0x00, 0x00, 0x00, 0x00, 0x00, 0x00,
  0x00, 0x00, 0x00, 0x00, 0x00, 0x00, 0x00, 0x00, 0x00, 0x00, 0x00, 0x00,
  0x00, 0x00, 0x00, 0x00, 0x00, 0x00, 0x00, 0x00, 0x00, 0x00, 0x00, 0x00,
  0x00, 0x00, 0x00, 0x00, 0x00, 0x00, 0x00, 0x00, 0x00, 0x00, 0x00, 0x00,
  0x00, 0x00, 0x00, 0x00, 0x00, 0x00, 0x00, 0x00, 0x00, 0x00, 0x00, 0x00,
  0x00, 0x00, 0x00, 0x00, 0x00, 0x00, 0x00, 0x00, 0x00, 0x00, 0x00, 0x00,
  0x00, 0x00, 0x00, 0x00, 0x00, 0x00, 0x00, 0x00, 0x00, 0x00, 0x00, 0x00,
  0x00, 0x00, 0x00, 0x00, 0x00, 0x00, 0x00, 0x00, 0x00, 0x00, 0x00, 0x00,
  0x00, 0x00, 0x00, 0x00, 0x00, 0x00, 0x00, 0x00, 0x00, 0x00, 0x00, 0x00,
  0x00, 0x00, 0x00, 0x00, 0x00, 0x00, 0x00, 0x00, 0x00, 0x00, 0x00, 0x00,
  0x00, 0x00, 0x00, 0x00, 0x00, 0x00, 0x00, 0x00, 0x00, 0x00, 0x00, 0x00,
  0x00, 0x00, 0x00, 0x00, 0x00, 0x00, 0x00, 0x00, 0x00, 0x00, 0x00, 0x00,
  0x00, 0x00, 0x00, 0x00, 0x00, 0x00, 0x00, 0x00, 0x00, 0x00, 0x00, 0x00,
  0x00, 0x00, 0x00, 0x00, 0x00, 0x00, 0x00, 0x00, 0x00, 0x00, 0x00, 0x00,
  0x00, 0x00, 0x00, 0x00, 0x00, 0x00, 0x00, 0x00, 0x00, 0x00, 0x00, 0x00,
  0x00, 0x00, 0x00, 0x00, 0x00, 0x00, 0x00, 0x00, 0x00, 0x00, 0x00, 0x00,
  0x00, 0x00, 0x00, 0x00, 0x00, 0x00, 0x00, 0x00, 0x00, 0x00, 0x00, 0x00,
  0x00, 0x00, 0x00, 0x00, 0x00, 0x00, 0x00, 0x00, 0x00, 0x00, 0x00, 0x00,
  0x00, 0x00, 0x00, 0x00, 0x00, 0x00, 0x00, 0x00, 0x00, 0x00, 0x00, 0x00,
  0x00, 0x00, 0x00, 0x00, 0x00, 0x00, 0x00, 0x00, 0x00, 0x00, 0x00, 0x00,
  0x00, 0x00, 0x00, 0x00, 0x00, 0x00, 0x00, 0x00, 0x00, 0x00, 0x00, 0x00,
  0x00, 0x00, 0x00, 0x00, 0x00, 0x00, 0x00, 0x00, 0x00, 0x00, 0x00, 0x00,
  0x00, 0x00, 0x00, 0x00, 0x00, 0x00, 0x00, 0x00, 0x00, 0x00, 0x00, 0x00,
  0x00, 0x00, 0x00, 0x00, 0x00, 0x00, 0x00, 0x00, 0x00, 0x00, 0x00, 0x00,
  0x00, 0x00, 0x00, 0x00, 0x00, 0x00, 0x00, 0x00, 0x00, 0x00, 0x00, 0x00,
  0x00, 0x00, 0x00, 0x00, 0x00, 0x00, 0x00, 0x00, 0x00, 0x00, 0x00, 0x00,
  0x00, 0x00, 0x00, 0x00, 0x00, 0x00, 0x00, 0x00, 0x00, 0x00, 0x00, 0x00,
  0x00, 0x00, 0x00, 0x00, 0x00, 0x00, 0x00, 0x00, 0x00, 0x00, 0x00, 0x00,
  0x00, 0x00, 0x00, 0x00, 0x00, 0x00, 0x00, 0x00, 0x00, 0x00, 0x00, 0x00,
  0x00, 0x00, 0x00, 0x00, 0x00, 0x00, 0x00, 0x00, 0x00, 0x00, 0x00, 0x00,
  0x00, 0x00, 0x00, 0x00, 0x00, 0x00, 0x00, 0x00, 0x00, 0x00, 0x00, 0x00,
  0x00, 0x00, 0x00, 0x00, 0x00, 0x00, 0x00, 0x00, 0x00, 0x00, 0x00, 0x00,
  0x00, 0x00, 0x00, 0x00, 0x00, 0x00, 0x00, 0x00, 0x00, 0x00, 0x00, 0x00,
  0x00, 0x00, 0x00, 0x00, 0x00, 0x00, 0x00, 0x00, 0x00, 0x00, 0x00, 0x00,
  0x00, 0x00, 0x00, 0x00, 0x00, 0x00, 0x00, 0x00, 0x00, 0x00, 0x00, 0x00,
  0x00, 0x00, 0x00, 0x00, 0x00, 0x00, 0x00, 0x00, 0x00, 0x00, 0x00, 0x00,
  0x00, 0x00, 0x00, 0x00, 0x00, 0x00, 0x00, 0x00, 0x00, 0x00, 0x00, 0x00,
  0x00, 0x00, 0x00, 0x00, 0x00, 0x00, 0x00, 0x00, 0x00, 0x00, 0x00, 0x00,
  0x00, 0x00, 0x00, 0x00, 0x00, 0x00, 0x00, 0x00, 0x00, 0x00, 0x00, 0x00,
  0x00, 0x00, 0x00, 0x00, 0x00, 0x00, 0x00, 0x00, 0x00, 0x00, 0x00, 0x00,
  0x00, 0x00, 0x00, 0x00, 0x00, 0x00, 0x00, 0x00, 0x00, 0x00, 0x00, 0x00,
  0x00, 0x00, 0x00, 0x00, 0x00, 0x00, 0x00, 0x00, 0x00, 0x00, 0x00, 0x00,
  0x00, 0x00, 0x00, 0x00, 0x00, 0x00, 0x00, 0x00, 0x00, 0x00, 0x00, 0x00,
  0x00, 0x00, 0x00, 0x00, 0x00, 0x00, 0x00, 0x00, 0x00, 0x00, 0x00, 0x00,
  0x00, 0x00, 0x00, 0x00, 0x00, 0x00, 0x00, 0x00, 0x00, 0x00, 0x00, 0x00,
  0x00, 0x00, 0x00, 0x00, 0x00, 0x00, 0x00, 0x00, 0x00, 0x00, 0x00, 0x00,
  0x00, 0x00, 0x00, 0x00, 0x00, 0x00, 0x00, 0x00, 0x00, 0x00, 0x00, 0x00,
  0x00, 0x00, 0x00, 0x00, 0x00, 0x00, 0x00, 0x00, 0x00, 0x00, 0x00, 0x00,
  0x00, 0x00, 0x00, 0x00, 0x00, 0x00, 0x00, 0x00, 0x00, 0x00, 0x00, 0x00,
  0x00, 0x00, 0x00, 0x00, 0x00, 0x00, 0x00, 0x00, 0x00, 0x00, 0x00, 0x00,
  0x00, 0x00, 0x00, 0x00, 0x00, 0x00, 0x00, 0x00, 0x00, 0x00, 0x00, 0x00,
  0x00, 0x00, 0x00, 0x00, 0x00, 0x00, 0x00, 0x00, 0x00, 0x00, 0x00, 0x00,
  0x00, 0x00, 0x00, 0x00, 0x00, 0x00, 0x00, 0x00, 0x00, 0x00, 0x00, 0x00,
  0x00, 0x00, 0x00, 0x00, 0x00, 0x00, 0x00, 0x00, 0x00, 0x00, 0x00, 0x00,
  0x00, 0x00, 0x00, 0x00, 0x00, 0x00, 0x00, 0x00, 0x00, 0x00, 0x00, 0x00,
  0x00, 0x00, 0x00, 0x00, 0x00, 0x00, 0x00, 0x00, 0x00, 0x00, 0x00, 0x00,
  0x00, 0x00, 0x00, 0x00, 0x00, 0x00, 0x00, 0x00, 0x00, 0x00, 0x00, 0x00,
  0x00, 0x00, 0x00, 0x00, 0x00, 0x00, 0x00, 0x00, 0x00, 0x00, 0x00, 0x00,
  0x00, 0x00, 0x00, 0x00, 0x00, 0x00, 0x00, 0x00, 0x00, 0x00, 0x00, 0x00,
  0x00, 0x00, 0x00, 0x00, 0x00, 0x00, 0x00, 0x00, 0x00, 0x00, 0x00, 0x00,
  0x00, 0x00, 0x00, 0x00, 0x00, 0x00, 0x00, 0x00, 0x00, 0x00, 0x00, 0x00,
  0x00, 0x00, 0x00, 0x00, 0x00, 0x00, 0x00, 0x00, 0x00, 0x00, 0x00, 0x00,
  0x00, 0x00, 0x00, 0x00, 0x00, 0x00, 0x00, 0x00, 0x00, 0x00, 0x00, 0x00,
  0x00, 0x00, 0x00, 0x00, 0x00, 0x00, 0x00, 0x00, 0x00, 0x00, 0x00, 0x00,
  0x00, 0x00, 0x00, 0x00, 0x00, 0x00, 0x00, 0x00, 0x00, 0x00, 0x00, 0x00,
  0x00, 0x00, 0x00, 0x00, 0x00, 0x00, 0x00, 0x00, 0x00, 0x00, 0x00, 0x00,
  0x00, 0x00, 0x00, 0x00, 0x00, 0x00, 0x00, 0x00, 0x00, 0x00, 0x00, 0x00,
  0x00, 0x00, 0x00, 0x00, 0x00, 0x00, 0x00, 0x00, 0x00, 0x00, 0x00, 0x00,
  0x00, 0x00, 0x00, 0x00, 0x00, 0x00, 0x00, 0x00, 0x00, 0x00, 0x00, 0x00,
  0x00, 0x00, 0x00, 0x00, 0x00, 0x00, 0x00, 0x00, 0x00, 0x00, 0x00, 0x00,
  0x00, 0x00, 0x00, 0x00, 0x00, 0x00, 0x00, 0x00, 0x00, 0x00, 0x00, 0x00,
  0x00, 0x00, 0x00, 0x00, 0x00, 0x00, 0x00, 0x00, 0x00, 0x00, 0x00, 0x00,
  0x00, 0x00, 0x00, 0x00, 0x00, 0x00, 0x00, 0x00, 0x00, 0x00, 0x00, 0x00,
  0x00, 0x00, 0x00, 0x00, 0x00, 0x00, 0x00, 0x00, 0x00, 0x00, 0x00, 0x00,
  0x00, 0x00, 0x00, 0x00, 0x00, 0x00, 0x00, 0x00, 0x00, 0x00, 0x00, 0x00,
  0x00, 0x00, 0x00, 0x00, 0x00, 0x00, 0x00, 0x00, 0x00, 0x00, 0x00, 0x00,
  0x00, 0x00, 0x00, 0x00, 0x00, 0x00, 0x00, 0x00, 0x00, 0x00, 0x00, 0x00,
  0x00, 0x00, 0x00, 0x00, 0x00, 0x00, 0x00, 0x00, 0x00, 0x00, 0x00, 0x00,
  0x00, 0x00, 0x00, 0x00, 0x00, 0x00, 0x00, 0x00, 0x00, 0x00, 0x00, 0x00,
  0x00, 0x00, 0x00, 0x00, 0x00, 0x00, 0x00, 0x00, 0x00, 0x00, 0x00, 0x00,
  0x00, 0x00, 0x00, 0x00, 0x00, 0x00, 0x00, 0x00, 0x00, 0x00, 0x00, 0x00,
  0x00, 0x00, 0x00, 0x00, 0x00, 0x00, 0x00, 0x00, 0x00, 0x00, 0x00, 0x00,
  0x00, 0x00, 0x00, 0x00, 0x00, 0x00, 0x00, 0x00, 0x00, 0x00, 0x00, 0x00,
  0x00, 0x00, 0x00, 0x00, 0x00, 0x00, 0x00, 0x00, 0x00, 0x00, 0x00, 0x00,
  0x00, 0x00, 0x00, 0x00, 0x00, 0x00, 0x00, 0x00, 0x00, 0x00, 0x00, 0x00,
  0x00, 0x00, 0x00, 0x00, 0x00, 0x00, 0x00, 0x00, 0x00, 0x00, 0x00, 0x00,
  0x00, 0x00, 0x00, 0x00, 0x00, 0x00, 0x00, 0x00, 0x00, 0x00, 0x00, 0x00,
  0x00, 0x00, 0x00, 0x00, 0x00, 0x00, 0x00, 0x00, 0x00, 0x00, 0x00, 0x00,
  0x00, 0x00, 0x00, 0x00, 0x00, 0x00, 0x00, 0x00, 0x00, 0x00, 0x00, 0x00,
  0x00, 0x00, 0x00, 0x00, 0x00, 0x00, 0x00, 0x00, 0x00, 0x00, 0x00, 0x00,
  0x00, 0x00, 0x00, 0x00, 0x00, 0x00, 0x00, 0x00, 0x00, 0x00, 0x00, 0x00,
  0x00, 0x00, 0x00, 0x00, 0x00, 0x00, 0x00, 0x00, 0x00, 0x00, 0x00, 0x00,
  0x00, 0x00, 0x00, 0x00, 0x00, 0x00, 0x00, 0x00, 0x00, 0x00, 0x00, 0x00,
  0x00, 0x00, 0x00, 0x00, 0x00, 0x00, 0x00, 0x00, 0x00, 0x00, 0x00, 0x00,
  0x00, 0x00, 0x00, 0x00, 0x00, 0x00, 0x00, 0x00, 0x00, 0x00, 0x00, 0x00,
  0x00, 0x00, 0x00, 0x00, 0x00, 0x00, 0x00, 0x00, 0x00, 0x00, 0x00, 0x00,
  0x00, 0x00, 0x00, 0x00, 0x00, 0x00, 0x00, 0x00, 0x00, 0x00, 0x00, 0x00,
  0x00, 0x00, 0x00, 0x00, 0x00, 0x00, 0x00, 0x00, 0x00, 0x00, 0x00, 0x00,
  0x00, 0x00, 0x00, 0x00, 0x00, 0x00, 0x00, 0x00, 0x00, 0x00, 0x00, 0x00,
  0x00, 0x00, 0x00, 0x00, 0x00, 0x00, 0x00, 0x00, 0x00, 0x00, 0x00, 0x00,
  0x00, 0x00, 0x00, 0x00, 0x00, 0x00, 0x00, 0x00, 0x00, 0x00, 0x00, 0x00,
  0x00, 0x00, 0x00, 0x00, 0x00, 0x00, 0x00, 0x00, 0x00, 0x00, 0x00, 0x00,
  0x00, 0x00, 0x00, 0x00, 0x00, 0x00, 0x00, 0x00, 0x00, 0x00, 0x00, 0x00,
  0x00, 0x00, 0x00, 0x00, 0x00, 0x00, 0x00, 0x00, 0x00, 0x00, 0x00, 0x00,
  0x00, 0x00, 0x00, 0x00, 0x00, 0x00, 0x00, 0x00, 0x00, 0x00, 0x00, 0x00,
  0x00, 0x00, 0x00, 0x00, 0x00, 0x00, 0x00, 0x00, 0x00, 0x00, 0x00, 0x00,
  0x00, 0x00, 0x00, 0x00, 0x00, 0x00, 0x00, 0x00, 0x00, 0x00, 0x00, 0x00,
  0x00, 0x00, 0x00, 0x00, 0x00, 0x00, 0x00, 0x00, 0x00, 0x00, 0x00, 0x00,
  0x00, 0x00, 0x00, 0x00, 0x00, 0x00, 0x00, 0x00, 0x00, 0x00, 0x00, 0x00,
  0x00, 0x00, 0x00, 0x00, 0x00, 0x00, 0x00, 0x00, 0x00, 0x00, 0x00, 0x00,
  0x00, 0x00, 0x00, 0x00, 0x00, 0x00, 0x00, 0x00, 0x00, 0x00, 0x00, 0x00,
  0x00, 0x00, 0x00, 0x00, 0x00, 0x00, 0x00, 0x00, 0x00, 0x00, 0x00, 0x00,
  0x00, 0x00, 0x00, 0x00, 0x00, 0x00, 0x00, 0x00, 0x00, 0x00, 0x00, 0x00,
  0x00, 0x00, 0x00, 0x00, 0x00, 0x00, 0x00, 0x00, 0x00, 0x00, 0x00, 0x00,
  0x00, 0x00, 0x00, 0x00, 0x00, 0x00, 0x00, 0x00, 0x00, 0x00, 0x00, 0x00,
  0x00, 0x00, 0x00, 0x00, 0x00, 0x00, 0x00, 0x00, 0x00, 0x00, 0x00, 0x00,
  0x00, 0x00, 0x00, 0x00, 0x00, 0x00, 0x00, 0x00, 0x00, 0x00, 0x00, 0x00,
  0x00, 0x00, 0x00, 0x00, 0x00, 0x00, 0x00, 0x00, 0x00, 0x00, 0x00, 0x00,
  0x00, 0x00, 0x00, 0x00, 0x00, 0x00, 0x00, 0x00, 0x00, 0x00, 0x00, 0x00,
  0x00, 0x00, 0x00, 0x00, 0x00, 0x00, 0x00, 0x00, 0x00, 0x00, 0x00, 0x00,
  0x00, 0x00, 0x00, 0x00, 0x00, 0x00, 0x00, 0x00, 0x00, 0x00, 0x00, 0x00,
  0x00, 0x00, 0x00, 0x00, 0x00, 0x00, 0x00, 0x00, 0x00, 0x00, 0x00, 0x00,
  0x00, 0x00, 0x00, 0x00, 0x00, 0x00, 0x00, 0x00, 0x00, 0x00, 0x00, 0x00,
  0x00, 0x00, 0x00, 0x00, 0x00, 0x00, 0x00, 0x00, 0x00, 0x00, 0x00, 0x00,
  0x00, 0x00, 0x00, 0x00, 0x00, 0x00, 0x00, 0x00, 0x00, 0x00, 0x00, 0x00,
  0x00, 0x00, 0x00, 0x00, 0x00, 0x00, 0x00, 0x00, 0x00, 0x00, 0x00, 0x00,
  0x00, 0x00, 0x00, 0x00, 0x00, 0x00, 0x00, 0x00, 0x00, 0x00, 0x00, 0x00,
  0x00, 0x00, 0x00, 0x00, 0x00, 0x00, 0x00, 0x00, 0x00, 0x00, 0x00, 0x00,
  0x00, 0x00, 0x00, 0x00, 0x00, 0x00, 0x00, 0x00, 0x00, 0x00, 0x00, 0x00,
  0x00, 0x00, 0x00, 0x00, 0x00, 0x00, 0x00, 0x00, 0x00, 0x00, 0x00, 0x00,
  0x00, 0x00, 0x00, 0x00, 0x00, 0x00, 0x00, 0x00, 0x00, 0x00, 0x00, 0x00,
  0x00, 0x00, 0x00, 0x00, 0x00, 0x00, 0x00, 0x00, 0x00, 0x00, 0x00, 0x00,
  0x00, 0x00, 0x00, 0x00, 0x00, 0x00, 0x00, 0x00, 0x00, 0x00, 0x00, 0x00,
  0x00, 0x00, 0x00, 0x00, 0x00, 0x00, 0x00, 0x00, 0x00, 0x00, 0x00, 0x00,
  0x00, 0x00, 0x00, 0x00, 0x00, 0x00, 0x00, 0x00, 0x00, 0x00, 0x00, 0x00,
  0x00, 0x00, 0x00, 0x00, 0x00, 0x00, 0x00, 0x00, 0x00, 0x00, 0x00, 0x00,
  0x00, 0x00, 0x00, 0x00, 0x00, 0x00, 0x00, 0x00, 0x00, 0x00, 0x00, 0x00,
  0x00, 0x00, 0x00, 0x00, 0x00, 0x00, 0x00, 0x00, 0x00, 0x00, 0x00, 0x00,
  0x00, 0x00, 0x00, 0x00, 0x00, 0x00, 0x00, 0x00, 0x00, 0x00, 0x00, 0x00,
  0x00, 0x00, 0x00, 0x00, 0x00, 0x00, 0x00, 0x00, 0x00, 0x00, 0x00, 0x00,
  0x00, 0x00, 0x00, 0x00, 0x00, 0x00, 0x00, 0x00, 0x00, 0x00, 0x00, 0x00,
  0x00, 0x00, 0x00, 0x00, 0x00, 0x00, 0x00, 0x00, 0x00, 0x00, 0x00, 0x00,
  0x00, 0x00, 0x00, 0x00, 0x00, 0x00, 0x00, 0x00, 0x00, 0x00, 0x00, 0x00,
  0x00, 0x00, 0x00, 0x00, 0x00, 0x00, 0x00, 0x00, 0x00, 0x00, 0x00, 0x00,
  0x00, 0x00, 0x00, 0x00, 0x00, 0x00, 0x00, 0x00, 0x00, 0x00, 0x00, 0x00,
  0x00, 0x00, 0x00, 0x00, 0x00, 0x00, 0x00, 0x00, 0x00, 0x00, 0x00, 0x00,
  0x00, 0x00, 0x00, 0x00, 0x00, 0x00, 0x00, 0x00, 0x00, 0x00, 0x00, 0x00,
  0x00, 0x00, 0x00, 0x00, 0x00, 0x00, 0x00, 0x00, 0x00, 0x00, 0x00, 0x00,
  0x00, 0x00, 0x00, 0x00, 0x00, 0x00, 0x00, 0x00, 0x00, 0x00, 0x00, 0x00,
  0x00, 0x00, 0x00, 0x00, 0x00, 0x00, 0x00, 0x00, 0x00, 0x00, 0x00, 0x00,
  0x00, 0x00, 0x00, 0x00, 0x00, 0x00, 0x00, 0x00, 0x00, 0x00, 0x00, 0x00,
  0x00, 0x00, 0x00, 0x00, 0x00, 0x00, 0x00, 0x00, 0x00, 0x00, 0x00, 0x00,
  0x00, 0x00, 0x00, 0x00, 0x00, 0x00, 0x00, 0x00, 0x00, 0x00, 0x00, 0x00,
  0x00, 0x00, 0x00, 0x00, 0x00, 0x00, 0x00, 0x00, 0x00, 0x00, 0x00, 0x00,
  0x00, 0x00, 0x00, 0x00, 0x00, 0x00, 0x00, 0x00, 0x00, 0x00, 0x00, 0x00,
  0x00, 0x00, 0x00, 0x00, 0x00, 0x00, 0x00, 0x00, 0x00, 0x00, 0x00, 0x00,
  0x00, 0x00, 0x00, 0x00, 0x00, 0x00, 0x00, 0x00, 0x00, 0x00, 0x00, 0x00,
  0x00, 0x00, 0x00, 0x00, 0x00, 0x00, 0x00, 0x00, 0x00, 0x00, 0x00, 0x00,
  0x00, 0x00, 0x00, 0x00, 0x00, 0x00, 0x00, 0x00, 0x00, 0x00, 0x00, 0x00,
  0x00, 0x00, 0x00, 0x00, 0x00, 0x00, 0x00, 0x00, 0x00, 0x00, 0x00, 0x00,
  0x00, 0x00, 0x00, 0x00, 0x00, 0x00, 0x00, 0x00, 0x00, 0x00, 0x00, 0x00,
  0x00, 0x00, 0x00, 0x00, 0x00, 0x00, 0x00, 0x00, 0x00, 0x00, 0x00, 0x00,
  0x00, 0x00, 0x00, 0x00, 0x00, 0x00, 0x00, 0x00, 0x00, 0x00, 0x00, 0x00,
  0x00, 0x00, 0x00, 0x00, 0x00, 0x00, 0x00, 0x00, 0x00, 0x00, 0x00, 0x00,
  0x00, 0x00, 0x00, 0x00, 0x00, 0x00, 0x00, 0x00, 0x00, 0x00, 0x00, 0x00,
  0x00, 0x00, 0x00, 0x00, 0x00, 0x00, 0x00, 0x00, 0x00, 0x00, 0x00, 0x00,
  0x00, 0x00, 0x00, 0x00, 0x00, 0x00, 0x00, 0x00, 0x00, 0x00, 0x00, 0x00,
  0x00, 0x00, 0x00, 0x00, 0x00, 0x00, 0x00, 0x00, 0x00, 0x00, 0x00, 0x00,
  0x00, 0x00, 0x00, 0x00, 0x00, 0x00, 0x00, 0x00, 0x00, 0x00, 0x00, 0x00,
  0x00, 0x00, 0x00, 0x00, 0x00, 0x00, 0x00, 0x00, 0x00, 0x00, 0x00, 0x00,
  0x00, 0x00, 0x00, 0x00, 0x00, 0x00, 0x00, 0x00, 0x00, 0x00, 0x00, 0x00,
  0x00, 0x00, 0x00, 0x00, 0x00, 0x00, 0x00, 0x00, 0x00, 0x00, 0x00, 0x00,
  0x00, 0x00, 0x00, 0x00, 0x00, 0x00, 0x00, 0x00, 0x00, 0x00, 0x00, 0x00,
  0x00, 0x00, 0x00, 0x00, 0x00, 0x00, 0x00, 0x00, 0x00, 0x00, 0x00, 0x00,
  0x00, 0x00, 0x00, 0x00, 0x00, 0x00, 0x00, 0x00, 0x00, 0x00, 0x00, 0x00,
  0x00, 0x00, 0x00, 0x00, 0x00, 0x00, 0x00, 0x00, 0x00, 0x00, 0x00, 0x00,
  0x00, 0x00, 0x00, 0x00, 0x00, 0x00, 0x00, 0x00, 0x00, 0x00, 0x00, 0x00,
  0x00, 0x00, 0x00, 0x00, 0x00, 0x00, 0x00, 0x00, 0x00, 0x00, 0x00, 0x00,
  0x00, 0x00, 0x00, 0x00, 0x00, 0x00, 0x00, 0x00, 0x00, 0x00, 0x00, 0x00,
  0x00, 0x00, 0x00, 0x00, 0x00, 0x00, 0x00, 0x00, 0x00, 0x00, 0x00, 0x00,
  0x00, 0x00, 0x00, 0x00, 0x00, 0x00, 0x00, 0x00, 0x00, 0x00, 0x00, 0x00,
  0x00, 0x00, 0x00, 0x00, 0x00, 0x00, 0x00, 0x00, 0x00, 0x00, 0x00, 0x00,
  0x00, 0x00, 0x00, 0x00, 0x00, 0x00, 0x00, 0x00, 0x00, 0x00, 0x00, 0x00,
  0x00, 0x00, 0x00, 0x00, 0x00, 0x00, 0x00, 0x00, 0x00, 0x00, 0x00, 0x00,
  0x00, 0x00, 0x00, 0x00, 0x00, 0x00, 0x00, 0x00, 0x00, 0x00, 0x00, 0x00,
  0x00, 0x00, 0x00, 0x00, 0x00, 0x00, 0x00, 0x00, 0x00, 0x00, 0x00, 0x00,
  0x00, 0x00, 0x00, 0x00, 0x00, 0x00, 0x00, 0x00, 0x00, 0x00, 0x00, 0x00,
  0x00, 0x00, 0x00, 0x00, 0x00, 0x00, 0x00, 0x00, 0x00, 0x00, 0x00, 0x00,
  0x00, 0x00, 0x00, 0x00, 0x00, 0x00, 0x00, 0x00, 0x00, 0x00, 0x00, 0x00,
  0x00, 0x00, 0x00, 0x00, 0x00, 0x00, 0x00, 0x00, 0x00, 0x00, 0x00, 0x00,
  0x00, 0x00, 0x00, 0x00, 0x00, 0x00, 0x00, 0x00, 0x00, 0x00, 0x00, 0x00,
  0x00, 0x00, 0x00, 0x00, 0x00, 0x00, 0x00, 0x00, 0x00, 0x00, 0x00, 0x00,
  0x00, 0x00, 0x00, 0x00, 0x00, 0x00, 0x00, 0x00, 0x00, 0x00, 0x00, 0x00,
  0x00, 0x00, 0x00, 0x00, 0x00, 0x00, 0x00, 0x00, 0x00, 0x00, 0x00, 0x00,
  0x00, 0x00, 0x00, 0x00, 0x00, 0x00, 0x00, 0x00, 0x00, 0x00, 0x00, 0x00,
  0x00, 0x00, 0x00, 0x00, 0x00, 0x00, 0x00, 0x00, 0x00, 0x00, 0x00, 0x00,
  0x00, 0x00, 0x00, 0x00, 0x00, 0x00, 0x00, 0x00, 0x00, 0x00, 0x00, 0x00,
  0x00, 0x00, 0x00, 0x00, 0x00, 0x00, 0x00, 0x00, 0x00, 0x00, 0x00, 0x00,
  0x00, 0x00, 0x00, 0x00, 0x00, 0x00, 0x00, 0x00, 0x00, 0x00, 0x00, 0x00,
  0x00, 0x00, 0x00, 0x00, 0x00, 0x00, 0x00, 0x00, 0x00, 0x00, 0x00, 0x00,
  0x00, 0x00, 0x00, 0x00, 0x00, 0x00, 0x00, 0x00, 0x00, 0x00, 0x00, 0x00,
  0x00, 0x00, 0x00, 0x00, 0x00, 0x00, 0x00, 0x00, 0x00, 0x00, 0x00, 0x00,
  0x00, 0x00, 0x00, 0x00, 0x00, 0x00, 0x00, 0x00, 0x00, 0x00, 0x00, 0x00,
  0x00, 0x00, 0x00, 0x00, 0x00, 0x00, 0x00, 0x00, 0x00, 0x00, 0x00, 0x00,
  0x00, 0x00, 0x00, 0x00, 0x00, 0x00, 0x00, 0x00, 0x00, 0x00, 0x00, 0x00,
  0x00, 0x00, 0x00, 0x00, 0x00, 0x00, 0x00, 0x00, 0x00, 0x00, 0x00, 0x00,
  0x00, 0x00, 0x00, 0x00, 0x00, 0x00, 0x00, 0x00, 0x00, 0x00, 0x00, 0x00,
  0x00, 0x00, 0x00, 0x00, 0x00, 0x00, 0x00, 0x00, 0x00, 0x00, 0x00, 0x00,
  0x00, 0x00, 0x00, 0x00, 0x00, 0x00, 0x00, 0x00, 0x00, 0x00, 0x00, 0x00,
  0x00, 0x00, 0x00, 0x00, 0x00, 0x00, 0x00, 0x00, 0x00, 0x00, 0x00, 0x00,
  0x00, 0x00, 0x00, 0x00, 0x00, 0x00, 0x00, 0x00, 0x00, 0x00, 0x00, 0x00,
  0x00, 0x00, 0x00, 0x00, 0x00, 0x00, 0x00, 0x00, 0x00, 0x00, 0x00, 0x00,
  0x00, 0x00, 0x00, 0x00, 0x00, 0x00, 0x00, 0x00, 0x00, 0x00, 0x00, 0x00,
  0x00, 0x00, 0x00, 0x00, 0x00, 0x00, 0x00, 0x00, 0x00, 0x00, 0x00, 0x00,
  0x00, 0x00, 0x00, 0x00, 0x00, 0x00, 0x00, 0x00, 0x00, 0x00, 0x00, 0x00,
  0x00, 0x00, 0x00, 0x00, 0x00, 0x00, 0x00, 0x00, 0x00, 0x00, 0x00, 0x00,
  0x00, 0x00, 0x00, 0x00, 0x00, 0x00, 0x00, 0x00, 0x00, 0x00, 0x00, 0x00,
  0x00, 0x00, 0x00, 0x00, 0x00, 0x00, 0x00, 0x00, 0x00, 0x00, 0x00, 0x00,
  0x00, 0x00, 0x00, 0x00, 0x00, 0x00, 0x00, 0x00, 0x00, 0x00, 0x00, 0x00,
  0x00, 0x00, 0x00, 0x00, 0x00, 0x00, 0x00, 0x00, 0x00, 0x00, 0x00, 0x00,
  0x00, 0x00, 0x00, 0x00, 0x00, 0x00, 0x00, 0x00, 0x00, 0x00, 0x00, 0x00,
  0x00, 0x00, 0x00, 0x00, 0x00, 0x00, 0x00, 0x00, 0x00, 0x00, 0x00, 0x00,
  0x00, 0x00, 0x00, 0x00, 0x00, 0x00, 0x00, 0x00, 0x00, 0x00, 0x00, 0x00,
  0x00, 0x00, 0x00, 0x00, 0x00, 0x00, 0x00, 0x00, 0x00, 0x00, 0x00, 0x00,
  0x00, 0x00, 0x00, 0x00, 0x00, 0x00, 0x00, 0x00, 0x00, 0x00, 0x00, 0x00,
  0x00, 0x00, 0x00, 0x00, 0x00, 0x00, 0x00, 0x00, 0x00, 0x00, 0x00, 0x00,
  0x00, 0x00, 0x00, 0x00, 0x00, 0x00, 0x00, 0x00, 0x00, 0x00, 0x00, 0x00,
  0x00, 0x00, 0x00, 0x00, 0x00, 0x00, 0x00, 0x00, 0x00, 0x00, 0x00, 0x00,
  0x00, 0x00, 0x00, 0x00, 0x00, 0x00, 0x00, 0x00, 0x00, 0x00, 0x00, 0x00,
  0x00, 0x00, 0x00, 0x00, 0x00, 0x00, 0x00, 0x00, 0x00, 0x00, 0x00, 0x00,
  0x00, 0x00, 0x00, 0x00, 0x00, 0x00, 0x00, 0x00, 0x00, 0x00, 0x00, 0x00,
  0x00, 0x00, 0x00, 0x00, 0x00, 0x00, 0x00, 0x00, 0x00, 0x00, 0x00, 0x00,
  0x00, 0x00, 0x00, 0x00, 0x00, 0x00, 0x00, 0x00, 0x00, 0x00, 0x00, 0x00,
  0x00, 0x00, 0x00, 0x00, 0x00, 0x00, 0x00, 0x00, 0x00, 0x00, 0x00, 0x00,
  0x00, 0x00, 0x00, 0x00, 0x00, 0x00, 0x00, 0x00, 0x00, 0x00, 0x00, 0x00,
  0x00, 0x00, 0x00, 0x00, 0x00, 0x00, 0x00, 0x00, 0x00, 0x00, 0x00, 0x00,
  0x00, 0x00, 0x00, 0x00, 0x00, 0x00, 0x00, 0x00, 0x00, 0x00, 0x00, 0x00,
  0x00, 0x00, 0x00, 0x00, 0x00, 0x00, 0x00, 0x00, 0x00, 0x00, 0x00, 0x00,
  0x00, 0x00, 0x00, 0x00, 0x00, 0x00, 0x00, 0x00, 0x00, 0x00, 0x00, 0x00,
  0x00, 0x00, 0x00, 0x00, 0x00, 0x00, 0x00, 0x00, 0x00, 0x00, 0x00, 0x00,
  0x00, 0x00, 0x00, 0x00, 0x00, 0x00, 0x00, 0x00, 0x00, 0x00, 0x00, 0x00,
  0x00, 0x00, 0x00, 0x00, 0x00, 0x00, 0x00, 0x00, 0x00, 0x00, 0x00, 0x00,
  0x00, 0x00, 0x00, 0x00, 0x00, 0x00, 0x00, 0x00, 0x00, 0x00, 0x00, 0x00,
  0x00, 0x00, 0x00, 0x00, 0x00, 0x00, 0x00, 0x00, 0x00, 0x00, 0x00, 0x00,
  0x00, 0x00, 0x00, 0x00, 0x00, 0x00, 0x00, 0x00, 0x00, 0x00, 0x00, 0x00,
  0x00, 0x00, 0x00, 0x00, 0x00, 0x00, 0x00, 0x00, 0x00, 0x00, 0x00, 0x00,
  0x00, 0x00, 0x00, 0x00, 0x00, 0x00, 0x00, 0x00, 0x00, 0x00, 0x00, 0x00,
  0x00, 0x00, 0x00, 0x00, 0x00, 0x00, 0x00, 0x00, 0x00, 0x00, 0x00, 0x00,
  0x00, 0x00, 0x00, 0x00, 0x00, 0x00, 0x00, 0x00, 0x00, 0x00, 0x00, 0x00,
  0x00, 0x00, 0x00, 0x00, 0x00, 0x00, 0x00, 0x00, 0x00, 0x00, 0x00, 0x00,
  0x00, 0x00, 0x00, 0x00, 0x00, 0x00, 0x00, 0x00, 0x00, 0x00, 0x00, 0x00,
  0x00, 0x00, 0x00, 0x00, 0x00, 0x00, 0x00, 0x00, 0x00, 0x00, 0x00, 0x00,
  0x00, 0x00, 0x00, 0x00, 0x00, 0x00, 0x00, 0x00, 0x00, 0x00, 0x00, 0x00,
  0x00, 0x00, 0x00, 0x00, 0x00, 0x00, 0x00, 0x00, 0x00, 0x00, 0x00, 0x00,
  0x00, 0x00, 0x00, 0x00, 0x00, 0x00, 0x00, 0x00, 0x00, 0x00, 0x00, 0x00,
  0x00, 0x00, 0x00, 0x00, 0x00, 0x00, 0x00, 0x00, 0x00, 0x00, 0x00, 0x00,
  0x00, 0x00, 0x00, 0x00, 0x00, 0x00, 0x00, 0x00, 0x00, 0x00, 0x00, 0x00,
  0x00, 0x00, 0x00, 0x00, 0x00, 0x00, 0x00, 0x00, 0x00, 0x00, 0x00, 0x00,
  0x00, 0x00, 0x00, 0x00, 0x00, 0x00, 0x00, 0x00, 0x00, 0x00, 0x00, 0x00,
  0x00, 0x00, 0x00, 0x00, 0x00, 0x00, 0x00, 0x00, 0x00, 0x00, 0x00, 0x00,
  0x00, 0x00, 0x00, 0x00, 0x00, 0x00, 0x00, 0x00, 0x00, 0x00, 0x00, 0x00,
  0x00, 0x00, 0x00, 0x00, 0x00, 0x00, 0x00, 0x00, 0x00, 0x00, 0x00, 0x00,
  0x00, 0x00, 0x00, 0x00, 0x00, 0x00, 0x00, 0x00, 0x00, 0x00, 0x00, 0x00,
  0x00, 0x00, 0x00, 0x00, 0x00, 0x00, 0x00, 0x00, 0x00, 0x00, 0x00, 0x00,
  0x00, 0x00, 0x00, 0x00, 0x00, 0x00, 0x00, 0x00, 0x00, 0x00, 0x00, 0x00,
  0x00, 0x00, 0x00, 0x00, 0x00, 0x00, 0x00, 0x00, 0x00, 0x00, 0x00, 0x00,
  0x00, 0x00, 0x00, 0x00, 0x00, 0x00, 0x00, 0x00, 0x00, 0x00, 0x00, 0x00,
  0x00, 0x00, 0x00, 0x00, 0x00, 0x00, 0x00, 0x00, 0x00, 0x00, 0x00, 0x00,
  0x00, 0x00, 0x00, 0x00, 0x00, 0x00, 0x00, 0x00, 0x00, 0x00, 0x00, 0x00,
  0x00, 0x00, 0x00, 0x00, 0x00, 0x00, 0x00, 0x00, 0x00, 0x00, 0x00, 0x00,
  0x00, 0x00, 0x00, 0x00, 0x00, 0x00, 0x00, 0x00, 0x00, 0x00, 0x00, 0x00,
  0x00, 0x00, 0x00, 0x00, 0x00, 0x00, 0x00, 0x00, 0x00, 0x00, 0x00, 0x00,
  0x00, 0x00, 0x00, 0x00, 0x00, 0x00, 0x00, 0x00, 0x00, 0x00, 0x00, 0x00,
  0x00, 0x00, 0x00, 0x00, 0x00, 0x00, 0x00, 0x00, 0x00, 0x00, 0x00, 0x00,
  0x00, 0x00, 0x00, 0x00, 0x00, 0x00, 0x00, 0x00, 0x00, 0x00, 0x00, 0x00,
  0x00, 0x00, 0x00, 0x00, 0x00, 0x00, 0x00, 0x00, 0x00, 0x00, 0x00, 0x00,
  0x00, 0x00, 0x00, 0x00, 0x00, 0x00, 0x00, 0x00, 0x00, 0x00, 0x00, 0x00,
  0x00, 0x00, 0x00, 0x00, 0x00, 0x00, 0x00, 0x00, 0x00, 0x00, 0x00, 0x00,
  0x00, 0x00, 0x00, 0x00, 0x00, 0x00, 0x00, 0x00, 0x00, 0x00, 0x00, 0x00,
  0x00, 0x00, 0x00, 0x00, 0x00, 0x00, 0x00, 0x00, 0x00, 0x00, 0x00, 0x00,
  0x00, 0x00, 0x00, 0x00, 0x00, 0x00, 0x00, 0x00, 0x00, 0x00, 0x00, 0x00,
  0x00, 0x00, 0x00, 0x00, 0x00, 0x00, 0x00, 0x00, 0x00, 0x00, 0x00, 0x00,
  0x00, 0x00, 0x00, 0x00, 0x00, 0x00, 0x00, 0x00, 0x00, 0x00, 0x00, 0x00,
  0x00, 0x00, 0x00, 0x00, 0x00, 0x00, 0x00, 0x00, 0x00, 0x00, 0x00, 0x00,
  0x00, 0x00, 0x00, 0x00, 0x00, 0x00, 0x00, 0x00, 0x00, 0x00, 0x00, 0x00,
  0x00, 0x00, 0x00, 0x00, 0x00, 0x00, 0x00, 0x00, 0x00, 0x00, 0x00, 0x00,
  0x00, 0x00, 0x00, 0x00, 0x00, 0x00, 0x00, 0x00, 0x00, 0x00, 0x00, 0x00,
  0x00, 0x00, 0x00, 0x00, 0x00, 0x00, 0x00, 0x00, 0x00, 0x00, 0x00, 0x00,
  0x00, 0x00, 0x00, 0x00, 0x00, 0x00, 0x00, 0x00, 0x00, 0x00, 0x00, 0x00,
  0x00, 0x00, 0x00, 0x00, 0x00, 0x00, 0x00, 0x00, 0x00, 0x00, 0x00, 0x00,
  0x00, 0x00, 0x00, 0x00, 0x00, 0x00, 0x00, 0x00, 0x00, 0x00, 0x00, 0x00,
  0x00, 0x00, 0x00, 0x00, 0x00, 0x00, 0x00, 0x00, 0x00, 0x00, 0x00, 0x00,
  0x00, 0x00, 0x00, 0x00, 0x00, 0x00, 0x00, 0x00, 0x00, 0x00, 0x00, 0x00,
  0x00, 0x00, 0x00, 0x00, 0x00, 0x00, 0x00, 0x00, 0x00, 0x00, 0x00, 0x00,
  0x00, 0x00, 0x00, 0x00, 0x00, 0x00, 0x00, 0x00, 0x00, 0x00, 0x00, 0x00,
  0x00, 0x00, 0x00, 0x00, 0x00, 0x00, 0x00, 0x00, 0x00, 0x00, 0x00, 0x00,
  0x00, 0x00, 0x00, 0x00, 0x00, 0x00, 0x00, 0x00, 0x00, 0x00, 0x00, 0x00,
  0x00, 0x00, 0x00, 0x00, 0x00, 0x00, 0x00, 0x00, 0x00, 0x00, 0x00, 0x00,
  0x00, 0x00, 0x00, 0x00, 0x00, 0x00, 0x00, 0x00, 0x00, 0x00, 0x00, 0x00,
  0x00, 0x00, 0x00, 0x00, 0x00, 0x00, 0x00, 0x00, 0x00, 0x00, 0x00, 0x00,
  0x00, 0x00, 0x00, 0x00, 0x00, 0x00, 0x00, 0x00, 0x00, 0x00, 0x00, 0x00,
  0x00, 0x00, 0x00, 0x00, 0x00, 0x00, 0x00, 0x00, 0x00, 0x00, 0x00, 0x00,
  0x00, 0x00, 0x00, 0x00, 0x00, 0x00, 0x00, 0x00, 0x00, 0x00, 0x00, 0x00,
  0x00, 0x00, 0x00, 0x00, 0x00, 0x00, 0x00, 0x00, 0x00, 0x00, 0x00, 0x00,
  0x00, 0x00, 0x00, 0x00, 0x00, 0x00, 0x00, 0x00, 0x00, 0x00, 0x00, 0x00,
  0x00, 0x00, 0x00, 0x00, 0x00, 0x00, 0x00, 0x00, 0x00, 0x00, 0x00, 0x00,
  0x00, 0x00, 0x00, 0x00, 0x00, 0x00, 0x00, 0x00, 0x00, 0x00, 0x00, 0x00,
  0x00, 0x00, 0x00, 0x00, 0x00, 0x00, 0x00, 0x00, 0x00, 0x00, 0x00, 0x00,
  0x00, 0x00, 0x00, 0x00, 0x00, 0x00, 0x00, 0x00, 0x00, 0x00, 0x00, 0x00,
  0x00, 0x00, 0x00, 0x00, 0x00, 0x00, 0x00, 0x00, 0x00, 0x00, 0x00, 0x00,
  0x00, 0x00, 0x00, 0x00, 0x00, 0x00, 0x00, 0x00, 0x00, 0x00, 0x00, 0x00,
  0x00, 0x00, 0x00, 0x00, 0x00, 0x00, 0x00, 0x00, 0x00, 0x00, 0x00, 0x00,
  0x00, 0x00, 0x00, 0x00, 0x00, 0x00, 0x00, 0x00, 0x00, 0x00, 0x00, 0x00,
  0x00, 0x00, 0x00, 0x00, 0x00, 0x00, 0x00, 0x00, 0x00, 0x00, 0x00, 0x00,
  0x00, 0x00, 0x00, 0x00, 0x00, 0x00, 0x00, 0x00, 0x00, 0x00, 0x00, 0x00,
  0x00, 0x00, 0x00, 0x00, 0x00, 0x00, 0x00, 0x00, 0x00, 0x00, 0x00, 0x00,
  0x00, 0x00, 0x00, 0x00, 0x00, 0x00, 0x00, 0x00, 0x00, 0x00, 0x00, 0x00,
  0x00, 0x00, 0x00, 0x00, 0x00, 0x00, 0x00, 0x00, 0x00, 0x00, 0x00, 0x00,
  0x00, 0x00, 0x00, 0x00, 0x00, 0x00, 0x00, 0x00, 0x00, 0x00, 0x00, 0x00,
  0x00, 0x00, 0x00, 0x00, 0x00, 0x00, 0x00, 0x00, 0x00, 0x00, 0x00, 0x00,
  0x00, 0x00, 0x00, 0x00, 0x00, 0x00, 0x00, 0x00, 0x00, 0x00, 0x00, 0x00,
  0x00, 0x00, 0x00, 0x00, 0x00, 0x00, 0x00, 0x00, 0x00, 0x00, 0x00, 0x00,
  0x00, 0x00, 0x00, 0x00, 0x00, 0x00, 0x00, 0x00, 0x00, 0x00, 0x00, 0x00,
  0x00, 0x00, 0x00, 0x00, 0x00, 0x00, 0x00, 0x00, 0x00, 0x00, 0x00, 0x00,
  0x00, 0x00, 0x00, 0x00, 0x00, 0x00, 0x00, 0x00, 0x00, 0x00, 0x00, 0x00,
  0x00, 0x00, 0x00, 0x00, 0x00, 0x00, 0x00, 0x00, 0x00, 0x00, 0x00, 0x00,
  0x00, 0x00, 0x00, 0x00, 0x00, 0x00, 0x00, 0x00, 0x00, 0x00, 0x00, 0x00,
  0x00, 0x00, 0x00, 0x00, 0x00, 0x00, 0x00, 0x00, 0x00, 0x00, 0x00, 0x00,
  0x00, 0x00, 0x00, 0x00, 0x00, 0x00, 0x00, 0x00, 0x00, 0x00, 0x00, 0x00,
  0x00, 0x00, 0x00, 0x00, 0x00, 0x00, 0x00, 0x00, 0x00, 0x00, 0x00, 0x00,
  0x00, 0x00, 0x00, 0x00, 0x00, 0x00, 0x00, 0x00, 0x00, 0x00, 0x00, 0x00,
  0x00, 0x00, 0x00, 0x00, 0x00, 0x00, 0x00, 0x00, 0x00, 0x00, 0x00, 0x00,
  0x00, 0x00, 0x00, 0x00, 0x00, 0x00, 0x00, 0x00, 0x00, 0x00, 0x00, 0x00,
  0x00, 0x00, 0x00, 0x00, 0x00, 0x00, 0x00, 0x00, 0x00, 0x00, 0x00, 0x00,
  0x00, 0x00, 0x00, 0x00, 0x00, 0x00, 0x00, 0x00, 0x00, 0x00, 0x00, 0x00,
  0x00, 0x00, 0x00, 0x00, 0x00, 0x00, 0x00, 0x00, 0x00, 0x00, 0x00, 0x00,
  0x00, 0x00, 0x00, 0x00, 0x00, 0x00, 0x00, 0x00, 0x00, 0x00, 0x00, 0x00,
  0x00, 0x00, 0x00, 0x00, 0x00, 0x00, 0x00, 0x00, 0x00, 0x00, 0x00, 0x00,
  0x00, 0x00, 0x00, 0x00, 0x00, 0x00, 0x00, 0x00, 0x00, 0x00, 0x00, 0x00,
  0x00, 0x00, 0x00, 0x00, 0x00, 0x00, 0x00, 0x00, 0x00, 0x00, 0x00, 0x00,
  0x00, 0x00, 0x00, 0x00, 0x00, 0x00, 0x00, 0x00, 0x00, 0x00, 0x00, 0x00,
  0x00, 0x00, 0x00, 0x00, 0x00, 0x00, 0x00, 0x00, 0x00, 0x00, 0x00, 0x00,
  0x00, 0x00, 0x00, 0x00, 0x00, 0x00, 0x00, 0x00, 0x00, 0x00, 0x00, 0x00,
  0x00, 0x00, 0x00, 0x00, 0x00, 0x00, 0x00, 0x00, 0x00, 0x00, 0x00, 0x00,
  0x00, 0x00, 0x00, 0x00, 0x00, 0x00, 0x00, 0x00, 0x00, 0x00, 0x00, 0x00,
  0x00, 0x00, 0x00, 0x00, 0x00, 0x00, 0x00, 0x00, 0x00, 0x00, 0x00, 0x00,
  0x00, 0x00, 0x00, 0x00, 0x00, 0x00, 0x00, 0x00, 0x00, 0x00, 0x00, 0x00,
  0x00, 0x00, 0x00, 0x00, 0x00, 0x00, 0x00, 0x00, 0x00, 0x00, 0x00, 0x00,
  0x00, 0x00, 0x00, 0x00, 0x00, 0x00, 0x00, 0x00, 0x00, 0x00, 0x00, 0x00,
  0x00, 0x00, 0x00, 0x00, 0x00, 0x00, 0x00, 0x00, 0x00, 0x00, 0x00, 0x00,
  0x00, 0x00, 0x00, 0x00, 0x00, 0x00, 0x00, 0x00, 0x00, 0x00, 0x00, 0x00,
  0x00, 0x00, 0x00, 0x00, 0x00, 0x00, 0x00, 0x00, 0x00, 0x00, 0x00, 0x00,
  0x00, 0x00, 0x00, 0x00, 0x00, 0x00, 0x00, 0x00, 0x00, 0x00, 0x00, 0x00,
  0x00, 0x00, 0x00, 0x00, 0x00, 0x00, 0x00, 0x00, 0x00, 0x00, 0x00, 0x00,
  0x00, 0x00, 0x00, 0x00, 0x00, 0x00, 0x00, 0x00, 0x00, 0x00, 0x00, 0x00,
  0x00, 0x00, 0x00, 0x00, 0x00, 0x00, 0x00, 0x00, 0x00, 0x00, 0x00, 0x00,
  0x00, 0x00, 0x00, 0x00, 0x00, 0x00, 0x00, 0x00, 0x00, 0x00, 0x00, 0x00,
  0x00, 0x00, 0x00, 0x00, 0x00, 0x00, 0x00, 0x00, 0x00, 0x00, 0x00, 0x00,
  0x00, 0x00, 0x00, 0x00, 0x00, 0x00, 0x00, 0x00, 0x00, 0x00, 0x00, 0x00,
  0x00, 0x00, 0x00, 0x00, 0x00, 0x00, 0x00, 0x00, 0x00, 0x00, 0x00, 0x00,
  0x00, 0x00, 0x00, 0x00, 0x00, 0x00, 0x00, 0x00, 0x00, 0x00, 0x00, 0x00,
  0x00, 0x00, 0x00, 0x00, 0x00, 0x00, 0x00, 0x00, 0x00, 0x00, 0x00, 0x00,
  0x00, 0x00, 0x00, 0x00, 0x00, 0x00, 0x00, 0x00, 0x00, 0x00, 0x00, 0x00,
  0x00, 0x00, 0x00, 0x00, 0x00, 0x00, 0x00, 0x00, 0x00, 0x00, 0x00, 0x00,
  0x00, 0x00, 0x00, 0x00, 0x00, 0x00, 0x00, 0x00, 0x00, 0x00, 0x00, 0x00,
  0x00, 0x00, 0x00, 0x00, 0x00, 0x00, 0x00, 0x00, 0x00, 0x00, 0x00, 0x00,
  0x00, 0x00, 0x00, 0x00, 0x00, 0x00, 0x00, 0x00, 0x00, 0x00, 0x00, 0x00,
  0x00, 0x00, 0x00, 0x00, 0x00, 0x00, 0x00, 0x00, 0x00, 0x00, 0x00, 0x00,
  0x00, 0x00, 0x00, 0x00, 0x00, 0x00, 0x00, 0x00, 0x00, 0x00, 0x00, 0x00,
  0x00, 0x00, 0x00, 0x00, 0x00, 0x00, 0x00, 0x00, 0x00, 0x00, 0x00, 0x00,
  0x00, 0x00, 0x00, 0x00, 0x00, 0x00, 0x00, 0x00, 0x00, 0x00, 0x00, 0x00,
  0x00, 0x00, 0x00, 0x00, 0x00, 0x00, 0x00, 0x00, 0x00, 0x00, 0x00, 0x00,
  0x00, 0x00, 0x00, 0x00, 0x00, 0x00, 0x00, 0x00, 0x00, 0x00, 0x00, 0x00,
  0x00, 0x00, 0x00, 0x00, 0x00, 0x00, 0x00, 0x00, 0x00, 0x00, 0x00, 0x00,
  0x00, 0x00, 0x00, 0x00, 0x00, 0x00, 0x00, 0x00, 0x00, 0x00, 0x00, 0x00,
  0x00, 0x00, 0x00, 0x00, 0x00, 0x00, 0x00, 0x00, 0x00, 0x00, 0x00, 0x00,
  0x00, 0x00, 0x00, 0x00, 0x00, 0x00, 0x00, 0x00, 0x00, 0x00, 0x00, 0x00,
  0x00, 0x00, 0x00, 0x00, 0x00, 0x00, 0x00, 0x00, 0x00, 0x00, 0x00, 0x00,
  0x00, 0x00, 0x00, 0x00, 0x00, 0x00, 0x00, 0x00, 0x00, 0x00, 0x00, 0x00,
  0x00, 0x00, 0x00, 0x00, 0x00, 0x00, 0x00, 0x00, 0x00, 0x00, 0x00, 0x00,
  0x00, 0x00, 0x00, 0x00, 0x00, 0x00, 0x00, 0x00, 0x00, 0x00, 0x00, 0x00,
  0x00, 0x00, 0x00, 0x00, 0x00, 0x00, 0x00, 0x00, 0x00, 0x00, 0x00, 0x00,
  0x00, 0x00, 0x00, 0x00, 0x00, 0x00, 0x00, 0x00, 0x00, 0x00, 0x00, 0x00,
  0x00, 0x00, 0x00, 0x00, 0x00, 0x00, 0x00, 0x00, 0x00, 0x00, 0x00, 0x00,
  0x00, 0x00, 0x00, 0x00, 0x00, 0x00, 0x00, 0x00, 0x00, 0x00, 0x00, 0x00,
  0x00, 0x00, 0x00, 0x00, 0x00, 0x00, 0x00, 0x00, 0x00, 0x00, 0x00, 0x00,
  0x00, 0x00, 0x00, 0x00, 0x00, 0x00, 0x00, 0x00, 0x00, 0x00, 0x00, 0x00,
  0x00, 0x00, 0x00, 0x00, 0x00, 0x00, 0x00, 0x00, 0x00, 0x00, 0x00, 0x00,
  0x00, 0x00, 0x00, 0x00, 0x00, 0x00, 0x00, 0x00, 0x00, 0x00, 0x00, 0x00,
  0x00, 0x00, 0x00, 0x00, 0x00, 0x00, 0x00, 0x00, 0x00, 0x00, 0x00, 0x00,
  0x00, 0x00, 0x00, 0x00, 0x00, 0x00, 0x00, 0x00, 0x00, 0x00, 0x00, 0x00,
  0x00, 0x00, 0x00, 0x00, 0x00, 0x00, 0x00, 0x00, 0x00, 0x00, 0x00, 0x00,
  0x00, 0x00, 0x00, 0x00, 0x00, 0x00, 0x00, 0x00, 0x00, 0x00, 0x00, 0x00,
  0x00, 0x00, 0x00, 0x00, 0x00, 0x00, 0x00, 0x00, 0x00, 0x00, 0x00, 0x00,
  0x00, 0x00, 0x00, 0x00, 0x00, 0x00, 0x00, 0x00, 0x00, 0x00, 0x00, 0x00,
  0x00, 0x00, 0x00, 0x00, 0x00, 0x00, 0x00, 0x00, 0x00, 0x00, 0x00, 0x00,
  0x00, 0x00, 0x00, 0x00, 0x00, 0x00, 0x00, 0x00, 0x00, 0x00, 0x00, 0x00,
  0x00, 0x00, 0x00, 0x00, 0x00, 0x00, 0x00, 0x00, 0x00, 0x00, 0x00, 0x00,
  0x00, 0x00, 0x00, 0x00, 0x00, 0x00, 0x00, 0x00, 0x00, 0x00, 0x00, 0x00,
  0x00, 0x00, 0x00, 0x00, 0x00, 0x00, 0x00, 0x00, 0x00, 0x00, 0x00, 0x00,
  0x00, 0x00, 0x00, 0x00, 0x00, 0x00, 0x00, 0x00, 0x00, 0x00, 0x00, 0x00,
  0x00, 0x00, 0x00, 0x00, 0x00, 0x00, 0x00, 0x00, 0x00, 0x00, 0x00, 0x00,
  0x00, 0x00, 0x00, 0x00, 0x00, 0x00, 0x00, 0x00, 0x00, 0x00, 0x00, 0x00,
  0x00, 0x00, 0x00, 0x00, 0x00, 0x00, 0x00, 0x00, 0x00, 0x00, 0x00, 0x00,
  0x00, 0x00, 0x00, 0x00, 0x00, 0x00, 0x00, 0x00, 0x00, 0x00, 0x00, 0x00,
  0x00, 0x00, 0x00, 0x00, 0x00, 0x00, 0x00, 0x00, 0x00, 0x00, 0x00, 0x00,
  0x00, 0x00, 0x00, 0x00, 0x00, 0x00, 0x00, 0x00, 0x00, 0x00, 0x00, 0x00,
  0x00, 0x00, 0x00, 0x00, 0x00, 0x00, 0x00, 0x00, 0x00, 0x00, 0x00, 0x00,
  0x00, 0x00, 0x00, 0x00, 0x00, 0x00, 0x00, 0x00, 0x00, 0x00, 0x00, 0x00,
  0x00, 0x00, 0x00, 0x00, 0x00, 0x00, 0x00, 0x00, 0x00, 0x00, 0x00, 0x00,
  0x00, 0x00, 0x00, 0x00, 0x00, 0x00, 0x00, 0x00, 0x00, 0x00, 0x00, 0x00,
  0x00, 0x00, 0x00, 0x00, 0x00, 0x00, 0x00, 0x00, 0x00, 0x00, 0x00, 0x00,
  0x00, 0x00, 0x00, 0x00, 0x00, 0x00, 0x00, 0x00, 0x00, 0x00, 0x00, 0x00,
  0x00, 0x00, 0x00, 0x00, 0x00, 0x00, 0x00, 0x00, 0x00, 0x00, 0x00, 0x00,
  0x00, 0x00, 0x00, 0x00, 0x00, 0x00, 0x00, 0x00, 0x00, 0x00, 0x00, 0x00,
  0x00, 0x00, 0x00, 0x00, 0x00, 0x00, 0x00, 0x00, 0x00, 0x00, 0x00, 0x00,
  0x00, 0x00, 0x00, 0x00, 0x00, 0x00, 0x00, 0x00, 0x00, 0x00, 0x00, 0x00,
  0x00, 0x00, 0x00, 0x00, 0x00, 0x00, 0x00, 0x00, 0x00, 0x00, 0x00, 0x00,
  0x00, 0x00, 0x00, 0x00, 0x00, 0x00, 0x00, 0x00, 0x00, 0x00, 0x00, 0x00,
  0x00, 0x00, 0x00, 0x00, 0x00, 0x00, 0x00, 0x00, 0x00, 0x00, 0x00, 0x00,
  0x00, 0x00, 0x00, 0x00, 0x00, 0x00, 0x00, 0x00, 0x00, 0x00, 0x00, 0x00,
  0x00, 0x00, 0x00, 0x00, 0x00, 0x00, 0x00, 0x00, 0x00, 0x00, 0x00, 0x00,
  0x00, 0x00, 0x00, 0x00, 0x00, 0x00, 0x00, 0x00, 0x00, 0x00, 0x00, 0x00,
  0x00, 0x00, 0x00, 0x00, 0x00, 0x00, 0x00, 0x00, 0x00, 0x00, 0x00, 0x00,
  0x00, 0x00, 0x00, 0x00, 0x00, 0x00, 0x00, 0x00, 0x00, 0x00, 0x00, 0x00,
  0x00, 0x00, 0x00, 0x00, 0x00, 0x00, 0x00, 0x00, 0x00, 0x00, 0x00, 0x00,
  0x00, 0x00, 0x00, 0x00, 0x00, 0x00, 0x00, 0x00, 0x00, 0x00, 0x00, 0x00,
  0x00, 0x00, 0x00, 0x00, 0x00, 0x00, 0x00, 0x00, 0x00, 0x00, 0x00, 0x00,
  0x00, 0x00, 0x00, 0x00, 0x00, 0x00, 0x00, 0x00, 0x00, 0x00, 0x00, 0x00,
  0x00, 0x00, 0x00, 0x00, 0x00, 0x00, 0x00, 0x00, 0x00, 0x00, 0x00, 0x00,
  0x00, 0x00, 0x00, 0x00, 0x00, 0x00, 0x00, 0x00, 0x00, 0x00, 0x00, 0x00,
  0x00, 0x00, 0x00, 0x00, 0x00, 0x00, 0x00, 0x00, 0x00, 0x00, 0x00, 0x00,
  0x00, 0x00, 0x00, 0x00, 0x00, 0x00, 0x00, 0x00, 0x00, 0x00, 0x00, 0x00,
  0x00, 0x00, 0x00, 0x00, 0x00, 0x00, 0x00, 0x00, 0x00, 0x00, 0x00, 0x00,
  0x00, 0x00, 0x00, 0x00, 0x00, 0x00, 0x00, 0x00, 0x00, 0x00, 0x00, 0x00,
  0x00, 0x00, 0x00, 0x00, 0x00, 0x00, 0x00, 0x00, 0x00, 0x00, 0x00, 0x00,
  0x00, 0x00, 0x00, 0x00, 0x00, 0x00, 0x00, 0x00, 0x00, 0x00, 0x00, 0x00,
  0x00, 0x00, 0x00, 0x00, 0x00, 0x00, 0x00, 0x00, 0x00, 0x00, 0x00, 0x00,
  0x00, 0x00, 0x00, 0x00, 0x00, 0x00, 0x00, 0x00, 0x00, 0x00, 0x00, 0x00,
  0x00, 0x00, 0x00, 0x00, 0x00, 0x00, 0x00, 0x00, 0x00, 0x00, 0x00, 0x00,
  0x00, 0x00, 0x00, 0x00, 0x00, 0x00, 0x00, 0x00, 0x00, 0x00, 0x00, 0x00,
  0x00, 0x00, 0x00, 0x00, 0x00, 0x00, 0x00, 0x00, 0x00, 0x00, 0x00, 0x00,
  0x00, 0x00, 0x00, 0x00, 0x00, 0x00, 0x00, 0x00, 0x00, 0x00, 0x00, 0x00,
  0x00, 0x00, 0x00, 0x00, 0x00, 0x00, 0x00, 0x00, 0x00, 0x00, 0x00, 0x00,
  0x00, 0x00, 0x00, 0x00, 0x00, 0x00, 0x00, 0x00, 0x00, 0x00, 0x00, 0x00,
  0x00, 0x00, 0x00, 0x00, 0x00, 0x00, 0x00, 0x00, 0x00, 0x00, 0x00, 0x00,
  0x00, 0x00, 0x00, 0x00, 0x00, 0x00, 0x00, 0x00, 0x00, 0x00, 0x00, 0x00,
  0x00, 0x00, 0x00, 0x00, 0x00, 0x00, 0x00, 0x00, 0x00, 0x00, 0x00, 0x00,
  0x00, 0x00, 0x00, 0x00, 0x00, 0x00, 0x00, 0x00, 0x00, 0x00, 0x00, 0x00,
  0x00, 0x00, 0x00, 0x00, 0x00, 0x00, 0x00, 0x00, 0x00, 0x00, 0x00, 0x00,
  0x00, 0x00, 0x00, 0x00, 0x00, 0x00, 0x00, 0x00, 0x00, 0x00, 0x00, 0x00,
  0x00, 0x00, 0x00, 0x00, 0x00, 0x00, 0x00, 0x00, 0x00, 0x00, 0x00, 0x00,
  0x00, 0x00, 0x00, 0x00, 0x00, 0x00, 0x00, 0x00, 0x00, 0x00, 0x00, 0x00,
  0x00, 0x00, 0x00, 0x00, 0x00, 0x00, 0x00, 0x00, 0x00, 0x00, 0x00, 0x00,
  0x00, 0x00, 0x00, 0x00, 0x00, 0x00, 0x00, 0x00, 0x00, 0x00, 0x00, 0x00,
  0x00, 0x00, 0x00, 0x00, 0x00, 0x00, 0x00, 0x00, 0x00, 0x00, 0x00, 0x00,
  0x00, 0x00, 0x00, 0x00, 0x00, 0x00, 0x00, 0x00, 0x00, 0x00, 0x00, 0x00,
  0x00, 0x00, 0x00, 0x00, 0x00, 0x00, 0x00, 0x00, 0x00, 0x00, 0x00, 0x00,
  0x00, 0x00, 0x00, 0x00, 0x00, 0x00, 0x00, 0x00, 0x00, 0x00, 0x00, 0x00,
  0x00, 0x00, 0x00, 0x00, 0x00, 0x00, 0x00, 0x00, 0x00, 0x00, 0x00, 0x00,
  0x00, 0x00, 0x00, 0x00, 0x00, 0x00, 0x00, 0x00, 0x00, 0x00, 0x00, 0x00,
  0x00, 0x00, 0x00, 0x00, 0x00, 0x00, 0x00, 0x00, 0x00, 0x00, 0x00, 0x00,
  0x00, 0x00, 0x00, 0x00, 0x00, 0x00, 0x00, 0x00, 0x00, 0x00, 0x00, 0x00,
  0x00, 0x00, 0x00, 0x00, 0x00, 0x00, 0x00, 0x00, 0x00, 0x00, 0x00, 0x00,
  0x00, 0x00, 0x00, 0x00, 0x00, 0x00, 0x00, 0x00, 0x00, 0x00, 0x00, 0x00,
  0x00, 0x00, 0x00, 0x00, 0x00, 0x00, 0x00, 0x00, 0x00, 0x00, 0x00, 0x00,
  0x00, 0x00, 0x00, 0x00, 0x00, 0x00, 0x00, 0x00, 0x00, 0x00, 0x00, 0x00,
  0x00, 0x00, 0x00, 0x00, 0x00, 0x00, 0x00, 0x00, 0x00, 0x00, 0x00, 0x00,
  0x00, 0x00, 0x00, 0x00, 0x00, 0x00, 0x00, 0x00, 0x00, 0x00, 0x00, 0x00,
  0x00, 0x00, 0x00, 0x00, 0x00, 0x00, 0x00, 0x00, 0x00, 0x00, 0x00, 0x00,
  0x00, 0x00, 0x00, 0x00, 0x00, 0x00, 0x00, 0x00, 0x00, 0x00, 0x00, 0x00,
  0x00, 0x00, 0x00, 0x00, 0x00, 0x00, 0x00, 0x00, 0x00, 0x00, 0x00, 0x00,
  0x00, 0x00, 0x00, 0x00, 0x00, 0x00, 0x00, 0x00, 0x00, 0x00, 0x00, 0x00,
  0x00, 0x00, 0x00, 0x00, 0x00, 0x00, 0x00, 0x00, 0x00, 0x00, 0x00, 0x00,
  0x00, 0x00, 0x00, 0x00, 0x00, 0x00, 0x00, 0x00, 0x00, 0x00, 0x00, 0x00,
  0x00, 0x00, 0x00, 0x00, 0x00, 0x00, 0x00, 0x00, 0x00, 0x00, 0x00, 0x00,
  0x00, 0x00, 0x00, 0x00, 0x00, 0x00, 0x00, 0x00, 0x00, 0x00, 0x00, 0x00,
  0x00, 0x00, 0x00, 0x00, 0x00, 0x00, 0x00, 0x00, 0x00, 0x00, 0x00, 0x00,
  0x00, 0x00, 0x00, 0x00, 0x00, 0x00, 0x00, 0x00, 0x00, 0x00, 0x00, 0x00,
  0x00, 0x00, 0x00, 0x00, 0x00, 0x00, 0x00, 0x00, 0x00, 0x00, 0x00, 0x00,
  0x00, 0x00, 0x00, 0x00, 0x00, 0x00, 0x00, 0x00, 0x00, 0x00, 0x00, 0x00,
  0x00, 0x00, 0x00, 0x00, 0x00, 0x00, 0x00, 0x00, 0x00, 0x00, 0x00, 0x00,
  0x00, 0x00, 0x00, 0x00, 0x00, 0x00, 0x00, 0x00, 0x00, 0x00, 0x00, 0x00,
  0x00, 0x00, 0x00, 0x00, 0x00, 0x00, 0x00, 0x00, 0x00, 0x00, 0x00, 0x00,
  0x00, 0x00, 0x00, 0x00, 0x00, 0x00, 0x00, 0x00, 0x00, 0x00, 0x00, 0x00,
  0x00, 0x00, 0x00, 0x00, 0x00, 0x00, 0x00, 0x00, 0x00, 0x00, 0x00, 0x00,
  0x00, 0x00, 0x00, 0x00, 0x00, 0x00, 0x00, 0x00, 0x00, 0x00, 0x00, 0x00,
  0x00, 0x00, 0x00, 0x00, 0x00, 0x00, 0x00, 0x00, 0x00, 0x00, 0x00, 0x00,
  0x00, 0x00, 0x00, 0x00, 0x00, 0x00, 0x00, 0x00, 0x00, 0x00, 0x00, 0x00,
  0x00, 0x00, 0x00, 0x00, 0x00, 0x00, 0x00, 0x00, 0x00, 0x00, 0x00, 0x00,
  0x00, 0x00, 0x00, 0x00, 0x00, 0x00, 0x00, 0x00, 0x00, 0x00, 0x00, 0x00,
  0x00, 0x00, 0x00, 0x00, 0x00, 0x00, 0x00, 0x00, 0x00, 0x00, 0x00, 0x00,
  0x00, 0x00, 0x00, 0x00, 0x00, 0x00, 0x00, 0x00, 0x00, 0x00, 0x00, 0x00,
  0x00, 0x00, 0x00, 0x00, 0x00, 0x00, 0x00, 0x00, 0x00, 0x00, 0x00, 0x00,
  0x00, 0x00, 0x00, 0x00, 0x00, 0x00, 0x00, 0x00, 0x00, 0x00, 0x00, 0x00,
  0x00, 0x00, 0x00, 0x00, 0x00, 0x00, 0x00, 0x00, 0x00, 0x00, 0x00, 0x00,
  0x00, 0x00, 0x00, 0x00, 0x00, 0x00, 0x00, 0x00, 0x00, 0x00, 0x00, 0x00,
  0x00, 0x00, 0x00, 0x00, 0x00, 0x00, 0x00, 0x00, 0x00, 0x00, 0x00, 0x00,
  0x00, 0x00, 0x00, 0x00, 0x00, 0x00, 0x00, 0x00, 0x00, 0x00, 0x00, 0x00,
  0x00, 0x00, 0x00, 0x00, 0x00, 0x00, 0x00, 0x00, 0x00, 0x00, 0x00, 0x00,
  0x00, 0x00, 0x00, 0x00, 0x00, 0x00, 0x00, 0x00, 0x00, 0x00, 0x00, 0x00,
  0x00, 0x00, 0x00, 0x00, 0x00, 0x00, 0x00, 0x00, 0x00, 0x00, 0x00, 0x00,
  0x00, 0x00, 0x00, 0x00, 0x00, 0x00, 0x00, 0x00, 0x00, 0x00, 0x00, 0x00,
  0x00, 0x00, 0x00, 0x00, 0x00, 0x00, 0x00, 0x00, 0x00, 0x00, 0x00, 0x00,
  0x00, 0x00, 0x00, 0x00, 0x00, 0x00, 0x00, 0x00, 0x00, 0x00, 0x00, 0x00,
  0x00, 0x00, 0x00, 0x00, 0x00, 0x00, 0x00, 0x00, 0x00, 0x00, 0x00, 0x00,
  0x00, 0x00, 0x00, 0x00, 0x00, 0x00, 0x00, 0x00, 0x00, 0x00, 0x00, 0x00,
  0x00, 0x00, 0x00, 0x00, 0x00, 0x00, 0x00, 0x00, 0x00, 0x00, 0x00, 0x00,
  0x00, 0x00, 0x00, 0x00, 0x00, 0x00, 0x00, 0x00, 0x00, 0x00, 0x00, 0x00,
  0x00, 0x00, 0x00, 0x00, 0x00, 0x00, 0x00, 0x00, 0x00, 0x00, 0x00, 0x00,
  0x00, 0x00, 0x00, 0x00, 0x00, 0x00, 0x00, 0x00, 0x00, 0x00, 0x00, 0x00,
  0x00, 0x00, 0x00, 0x00, 0x00, 0x00, 0x00, 0x00, 0x00, 0x00, 0x00, 0x00,
  0x00, 0x00, 0x00, 0x00, 0x00, 0x00, 0x00, 0x00, 0x00, 0x00, 0x00, 0x00,
  0x00, 0x00, 0x00, 0x00, 0x00, 0x00, 0x00, 0x00, 0x00, 0x00, 0x00, 0x00,
  0x00, 0x00, 0x00, 0x00, 0x00, 0x00, 0x00, 0x00, 0x00, 0x00, 0x00, 0x00,
  0x00, 0x00, 0x00, 0x00, 0x00, 0x00, 0x00, 0x00, 0x00, 0x00, 0x00, 0x00,
  0x00, 0x00, 0x00, 0x00, 0x00, 0x00, 0x00, 0x00, 0x00, 0x00, 0x00, 0x00,
  0x00, 0x00, 0x00, 0x00, 0x00, 0x00, 0x00, 0x00, 0x00, 0x00, 0x00, 0x00,
  0x00, 0x00, 0x00, 0x00, 0x00, 0x00, 0x00, 0x00, 0x00, 0x00, 0x00, 0x00,
  0x00, 0x00, 0x00, 0x00, 0x00, 0x00, 0x00, 0x00, 0x00, 0x00, 0x00, 0x00,
  0x00, 0x00, 0x00, 0x00, 0x00, 0x00, 0x00, 0x00, 0x00, 0x00, 0x00, 0x00,
  0x00, 0x00, 0x00, 0x00, 0x00, 0x00, 0x00, 0x00, 0x00, 0x00, 0x00, 0x00,
  0x00, 0x00, 0x00, 0x00, 0x00, 0x00, 0x00, 0x00, 0x00, 0x00, 0x00, 0x00,
  0x00, 0x00, 0x00, 0x00, 0x00, 0x00, 0x00, 0x00, 0x00, 0x00, 0x00, 0x00,
  0x00, 0x00, 0x00, 0x00, 0x00, 0x00, 0x00, 0x00, 0x00, 0x00, 0x00, 0x00,
  0x00, 0x00, 0x00, 0x00, 0x00, 0x00, 0x00, 0x00, 0x00, 0x00, 0x00, 0x00,
  0x00, 0x00, 0x00, 0x00, 0x00, 0x00, 0x00, 0x00, 0x00, 0x00, 0x00, 0x00,
  0x00, 0x00, 0x00, 0x00, 0x00, 0x00, 0x00, 0x00, 0x00, 0x00, 0x00, 0x00,
  0x00, 0x00, 0x00, 0x00, 0x00, 0x00, 0x00, 0x00, 0x00, 0x00, 0x00, 0x00,
  0x00, 0x00, 0x00, 0x00, 0x00, 0x00, 0x00, 0x00, 0x00, 0x00, 0x00, 0x00,
  0x00, 0x00, 0x00, 0x00, 0x00, 0x00, 0x00, 0x00, 0x00, 0x00, 0x00, 0x00,
  0x00, 0x00, 0x00, 0x00, 0x00, 0x00, 0x00, 0x00, 0x00, 0x00, 0x00, 0x00,
  0x00, 0x00, 0x00, 0x00, 0x00, 0x00, 0x00, 0x00, 0x00, 0x00, 0x00, 0x00,
  0x00, 0x00, 0x00, 0x00, 0x00, 0x00, 0x00, 0x00, 0x00, 0x00, 0x00, 0x00,
  0x00, 0x00, 0x00, 0x00, 0x00, 0x00, 0x00, 0x00, 0x00, 0x00, 0x00, 0x00,
  0x00, 0x00, 0x00, 0x00, 0x00, 0x00, 0x00, 0x00, 0x00, 0x00, 0x00, 0x00,
  0x00, 0x00, 0x00, 0x00, 0x00, 0x00, 0x00, 0x00, 0x00, 0x00, 0x00, 0x00,
  0x00, 0x00, 0x00, 0x00, 0x00, 0x00, 0x00, 0x00, 0x00, 0x00, 0x00, 0x00,
  0x00, 0x00, 0x00, 0x00, 0x00, 0x00, 0x00, 0x00, 0x00, 0x00, 0x00, 0x00,
  0x00, 0x00, 0x00, 0x00, 0x00, 0x00, 0x00, 0x00, 0x00, 0x00, 0x00, 0x00,
  0x00, 0x00, 0x00, 0x00, 0x00, 0x00, 0x00, 0x00, 0x00, 0x00, 0x00, 0x00,
  0x00, 0x00, 0x00, 0x00, 0x00, 0x00, 0x00, 0x00, 0x00, 0x00, 0x00, 0x00,
  0x00, 0x00, 0x00, 0x00, 0x00, 0x00, 0x00, 0x00, 0x00, 0x00, 0x00, 0x00,
  0x00, 0x00, 0x00, 0x00, 0x00, 0x00, 0x00, 0x00, 0x00, 0x00, 0x00, 0x00,
  0x00, 0x00, 0x00, 0x00, 0x00, 0x00, 0x00, 0x00, 0x00, 0x00, 0x00, 0x00,
  0x00, 0x00, 0x00, 0x00, 0x00, 0x00, 0x00, 0x00, 0x00, 0x00, 0x00, 0x00,
  0x00, 0x00, 0x00, 0x00, 0x00, 0x00, 0x00, 0x00, 0x00, 0x00, 0x00, 0x00,
  0x00, 0x00, 0x00, 0x00, 0x00, 0x00, 0x00, 0x00, 0x00, 0x00, 0x00, 0x00,
  0x00, 0x00, 0x00, 0x00, 0x00, 0x00, 0x00, 0x00, 0x00, 0x00, 0x00, 0x00,
  0x00, 0x00, 0x00, 0x00, 0x00, 0x00, 0x00, 0x00, 0x00, 0x00, 0x00, 0x00,
  0x00, 0x00, 0x00, 0x00, 0x00, 0x00, 0x00, 0x00, 0x00, 0x00, 0x00, 0x00,
  0x00, 0x00, 0x00, 0x00, 0x00, 0x00, 0x00, 0x00, 0x00, 0x00, 0x00, 0x00,
  0x00, 0x00, 0x00, 0x00, 0x00, 0x00, 0x00, 0x00, 0x00, 0x00, 0x00, 0x00,
  0x00, 0x00, 0x00, 0x00, 0x00, 0x00, 0x00, 0x00, 0x00, 0x00, 0x00, 0x00,
  0x00, 0x00, 0x00, 0x00, 0x00, 0x00, 0x00, 0x00, 0x00, 0x00, 0x00, 0x00,
  0x00, 0x00, 0x00, 0x00, 0x00, 0x00, 0x00, 0x00, 0x00, 0x00, 0x00, 0x00,
  0x00, 0x00, 0x00, 0x00, 0x00, 0x00, 0x00, 0x00, 0x00, 0x00, 0x00, 0x00,
  0x00, 0x00, 0x00, 0x00, 0x00, 0x00, 0x00, 0x00, 0x00, 0x00, 0x00, 0x00,
  0x00, 0x00, 0x00, 0x00, 0x00, 0x00, 0x00, 0x00, 0x00, 0x00, 0x00, 0x00,
  0x00, 0x00, 0x00, 0x00, 0x00, 0x00, 0x00, 0x00, 0x00, 0x00, 0x00, 0x00,
  0x00, 0x00, 0x00, 0x00, 0x00, 0x00, 0x00, 0x00, 0x00, 0x00, 0x00, 0x00,
  0x00, 0x00, 0x00, 0x00, 0x00, 0x00, 0x00, 0x00, 0x00, 0x00, 0x00, 0x00,
  0x00, 0x00, 0x00, 0x00, 0x00, 0x00, 0x00, 0x00, 0x00, 0x00, 0x00, 0x00,
  0x00, 0x00, 0x00, 0x00, 0x00, 0x00, 0x00, 0x00, 0x00, 0x00, 0x00, 0x00,
  0x00, 0x00, 0x00, 0x00, 0x00, 0x00, 0x00, 0x00, 0x00, 0x00, 0x00, 0x00,
  0x00, 0x00, 0x00, 0x00, 0x00, 0x00, 0x00, 0x00, 0x00, 0x00, 0x00, 0x00,
  0x00, 0x00, 0x00, 0x00, 0x00, 0x00, 0x00, 0x00, 0x00, 0x00, 0x00, 0x00,
  0x00, 0x00, 0x00, 0x00, 0x00, 0x00, 0x00, 0x00, 0x00, 0x00, 0x00, 0x00,
  0x00, 0x00, 0x00, 0x00, 0x00, 0x00, 0x00, 0x00, 0x00, 0x00, 0x00, 0x00,
  0x00, 0x00, 0x00, 0x00, 0x00, 0x00, 0x00, 0x00, 0x00, 0x00, 0x00, 0x00,
  0x00, 0x00, 0x00, 0x00, 0x00, 0x00, 0x00, 0x00, 0x00, 0x00, 0x00, 0x00,
  0x00, 0x00, 0x00, 0x00, 0x00, 0x00, 0x00, 0x00, 0x00, 0x00, 0x00, 0x00,
  0x00, 0x00, 0x00, 0x00, 0x00, 0x00, 0x00, 0x00, 0x00, 0x00, 0x00, 0x00,
  0x00, 0x00, 0x00, 0x00, 0x00, 0x00, 0x00, 0x00, 0x00, 0x00, 0x00, 0x00,
  0x00, 0x00, 0x00, 0x00, 0x00, 0x00, 0x00, 0x00, 0x00, 0x00, 0x00, 0x00,
  0x00, 0x00, 0x00, 0x00, 0x00, 0x00, 0x00, 0x00, 0x00, 0x00, 0x00, 0x00,
  0x00, 0x00, 0x00, 0x00, 0x00, 0x00, 0x00, 0x00, 0x00, 0x00, 0x00, 0x00,
  0x00, 0x00, 0x00, 0x00, 0x00, 0x00, 0x00, 0x00, 0x00, 0x00, 0x00, 0x00,
  0x00, 0x00, 0x00, 0x00, 0x00, 0x00, 0x00, 0x00, 0x00, 0x00, 0x00, 0x00,
  0x00, 0x00, 0x00, 0x00, 0x00, 0x00, 0x00, 0x00, 0x00, 0x00, 0x00, 0x00,
  0x00, 0x00, 0x00, 0x00, 0x00, 0x00, 0x00, 0x00, 0x00, 0x00, 0x00, 0x00,
  0x00, 0x00, 0x00, 0x00, 0x00, 0x00, 0x00, 0x00, 0x00, 0x00, 0x00, 0x00,
  0x00, 0x00, 0x00, 0x00, 0x00, 0x00, 0x00, 0x00, 0x00, 0x00, 0x00, 0x00,
  0x00, 0x00, 0x00, 0x00, 0x00, 0x00, 0x00, 0x00, 0x00, 0x00, 0x00, 0x00,
  0x00, 0x00, 0x00, 0x00, 0x00, 0x00, 0x00, 0x00, 0x00, 0x00, 0x00, 0x00,
  0x00, 0x00, 0x00, 0x00, 0x00, 0x00, 0x00, 0x00, 0x00, 0x00, 0x00, 0x00,
  0x00, 0x00, 0x00, 0x00, 0x00, 0x00, 0x00, 0x00, 0x00, 0x00, 0x00, 0x00,
  0x00, 0x00, 0x00, 0x00, 0x00, 0x00, 0x00, 0x00, 0x00, 0x00, 0x00, 0x00,
  0x00, 0x00, 0x00, 0x00, 0x00, 0x00, 0x00, 0x00, 0x00, 0x00, 0x00, 0x00,
  0x00, 0x00, 0x00, 0x00, 0x00, 0x00, 0x00, 0x00, 0x00, 0x00, 0x00, 0x00,
  0x00, 0x00, 0x00, 0x00, 0x00, 0x00, 0x00, 0x00, 0x00, 0x00, 0x00, 0x00,
  0x00, 0x00, 0x00, 0x00, 0x00, 0x00, 0x00, 0x00, 0x00, 0x00, 0x00, 0x00,
  0x00, 0x00, 0x00, 0x00, 0x00, 0x00, 0x00, 0x00, 0x00, 0x00, 0x00, 0x00,
  0x00, 0x00, 0x00, 0x00, 0x00, 0x00, 0x00, 0x00, 0x00, 0x00, 0x00, 0x00,
  0x00, 0x00, 0x00, 0x00, 0x00, 0x00, 0x00, 0x00, 0x00, 0x00, 0x00, 0x00,
  0x00, 0x00, 0x00, 0x00, 0x00, 0x00, 0x00, 0x00, 0x00, 0x00, 0x00, 0x00,
  0x00, 0x00, 0x00, 0x00, 0x00, 0x00, 0x00, 0x00, 0x00, 0x00, 0x00, 0x00,
  0x00, 0x00, 0x00, 0x00, 0x00, 0x00, 0x00, 0x00, 0x00, 0x00, 0x00, 0x00,
  0x00, 0x00, 0x00, 0x00, 0x00, 0x00, 0x00, 0x00, 0x00, 0x00, 0x00, 0x00,
  0x00, 0x00, 0x00, 0x00, 0x00, 0x00, 0x00, 0x00, 0x00, 0x00, 0x00, 0x00,
  0x00, 0x00, 0x00, 0x00, 0x00, 0x00, 0x00, 0x00, 0x00, 0x00, 0x00, 0x00,
  0x00, 0x00, 0x00, 0x00, 0x00, 0x00, 0x00, 0x00, 0x00, 0x00, 0x00, 0x00,
  0x00, 0x00, 0x00, 0x00, 0x00, 0x00, 0x00, 0x00, 0x00, 0x00, 0x00, 0x00,
  0x00, 0x00, 0x00, 0x00, 0x00, 0x00, 0x00, 0x00, 0x00, 0x00, 0x00, 0x00,
  0x00, 0x00, 0x00, 0x00, 0x00, 0x00, 0x00, 0x00, 0x00, 0x00, 0x00, 0x00,
  0x00, 0x00, 0x00, 0x00, 0x00, 0x00, 0x00, 0x00, 0x00, 0x00, 0x00, 0x00,
  0x00, 0x00, 0x00, 0x00, 0x00, 0x00, 0x00, 0x00, 0x00, 0x00, 0x00, 0x00,
  0x00, 0x00, 0x00, 0x00, 0x00, 0x00, 0x00, 0x00, 0x00, 0x00, 0x00, 0x00,
  0x00, 0x00, 0x00, 0x00, 0x00, 0x00, 0x00, 0x00, 0x00, 0x00, 0x00, 0x00,
  0x00, 0x00, 0x00, 0x00, 0x00, 0x00, 0x00, 0x00, 0x00, 0x00, 0x00, 0x00,
  0x00, 0x00, 0x00, 0x00, 0x00, 0x00, 0x00, 0x00, 0x00, 0x00, 0x00, 0x00,
  0x00, 0x00, 0x00, 0x00, 0x00, 0x00, 0x00, 0x00, 0x00, 0x00, 0x00, 0x00,
  0x00, 0x00, 0x00, 0x00, 0x00, 0x00, 0x00, 0x00, 0x00, 0x00, 0x00, 0x00,
  0x00, 0x00, 0x00, 0x00, 0x00, 0x00, 0x00, 0x00, 0x00, 0x00, 0x00, 0x00,
  0x00, 0x00, 0x00, 0x00, 0x00, 0x00, 0x00, 0x00, 0x00, 0x00, 0x00, 0x00,
  0x00, 0x00, 0x00, 0x00, 0x00, 0x00, 0x00, 0x00, 0x00, 0x00, 0x00, 0x00,
  0x00, 0x00, 0x00, 0x00, 0x00, 0x00, 0x00, 0x00, 0x00, 0x00, 0x00, 0x00,
  0x00, 0x00, 0x00, 0x00, 0x00, 0x00, 0x00, 0x00, 0x00, 0x00, 0x00, 0x00,
  0x00, 0x00, 0x00, 0x00, 0x00, 0x00, 0x00, 0x00, 0x00, 0x00, 0x00, 0x00,
  0x00, 0x00, 0x00, 0x00, 0x00, 0x00, 0x00, 0x00, 0x00, 0x00, 0x00, 0x00,
  0x00, 0x00, 0x00, 0x00, 0x00, 0x00, 0x00, 0x00, 0x00, 0x00, 0x00, 0x00,
  0x00, 0x00, 0x00, 0x00, 0x00, 0x00, 0x00, 0x00, 0x00, 0x00, 0x00, 0x00,
  0x00, 0x00, 0x00, 0x00, 0x00, 0x00, 0x00, 0x00, 0x00, 0x00, 0x00, 0x00,
  0x00, 0x00, 0x00, 0x00, 0x00, 0x00, 0x00, 0x00, 0x00, 0x00, 0x00, 0x00,
  0x00, 0x00, 0x00, 0x00, 0x00, 0x00, 0x00, 0x00, 0x00, 0x00, 0x00, 0x00,
  0x00, 0x00, 0x00, 0x00, 0x00, 0x00, 0x00, 0x00, 0x00, 0x00, 0x00, 0x00,
  0x00, 0x00, 0x00, 0x00, 0x00, 0x00, 0x00, 0x00, 0x00, 0x00, 0x00, 0x00,
  0x00, 0x00, 0x00, 0x00, 0x00, 0x00, 0x00, 0x00, 0x00, 0x00, 0x00, 0x00,
  0x00, 0x00, 0x00, 0x00, 0x00, 0x00, 0x00, 0x00, 0x00, 0x00, 0x00, 0x00,
  0x00, 0x00, 0x00, 0x00, 0x00, 0x00, 0x00, 0x00, 0x00, 0x00, 0x00, 0x00,
  0x00, 0x00, 0x00, 0x00, 0x00, 0x00, 0x00, 0x00, 0x00, 0x00, 0x00, 0x00,
  0x00, 0x00, 0x00, 0x00, 0x00, 0x00, 0x00, 0x00, 0x00, 0x00, 0x00, 0x00,
  0x00, 0x00, 0x00, 0x00, 0x00, 0x00, 0x00, 0x00, 0x00, 0x00, 0x00, 0x00,
  0x00, 0x00, 0x00, 0x00, 0x00, 0x00, 0x00, 0x00, 0x00, 0x00, 0x00, 0x00,
  0x00, 0x00, 0x00, 0x00, 0x00, 0x00, 0x00, 0x00, 0x00, 0x00, 0x00, 0x00,
  0x00, 0x00, 0x00, 0x00, 0x00, 0x00, 0x00, 0x00, 0x00, 0x00, 0x00, 0x00,
  0x00, 0x00, 0x00, 0x00, 0x00, 0x00, 0x00, 0x00, 0x00, 0x00, 0x00, 0x00,
  0x00, 0x00, 0x00, 0x00, 0x00, 0x00, 0x00, 0x00, 0x00, 0x00, 0x00, 0x00,
  0x00, 0x00, 0x00, 0x00, 0x00, 0x00, 0x00, 0x00, 0x00, 0x00, 0x00, 0x00,
  0x00, 0x00, 0x00, 0x00, 0x00, 0x00, 0x00, 0x00, 0x00, 0x00, 0x00, 0x00,
  0x00, 0x00, 0x00, 0x00, 0x00, 0x00, 0x00, 0x00, 0x00, 0x00, 0x00, 0x00,
  0x00, 0x00, 0x00, 0x00, 0x00, 0x00, 0x00, 0x00, 0x00, 0x00, 0x00, 0x00,
  0x00, 0x00, 0x00, 0x00, 0x00, 0x00, 0x00, 0x00, 0x00, 0x00, 0x00, 0x00,
  0x00, 0x00, 0x00, 0x00, 0x00, 0x00, 0x00, 0x00, 0x00, 0x00, 0x00, 0x00,
  0x00, 0x00, 0x00, 0x00, 0x00, 0x00, 0x00, 0x00, 0x00, 0x00, 0x00, 0x00,
  0x00, 0x00, 0x00, 0x00, 0x00, 0x00, 0x00, 0x00, 0x00, 0x00, 0x00, 0x00,
  0x00, 0x00, 0x00, 0x00, 0x00, 0x00, 0x00, 0x00, 0x00, 0x00, 0x00, 0x00,
  0x00, 0x00, 0x00, 0x00, 0x00, 0x00, 0x00, 0x00, 0x00, 0x00, 0x00, 0x00,
  0x00, 0x00, 0x00, 0x00, 0x00, 0x00, 0x00, 0x00, 0x00, 0x00, 0x00, 0x00,
  0x00, 0x00, 0x00, 0x00, 0x00, 0x00, 0x00, 0x00, 0x00, 0x00, 0x00, 0x00,
  0x00, 0x00, 0x00, 0x00, 0x00, 0x00, 0x00, 0x00, 0x00, 0x00, 0x00, 0x00,
  0x00, 0x00, 0x00, 0x00, 0x00, 0x00, 0x00, 0x00, 0x00, 0x00, 0x00, 0x00,
  0x00, 0x00, 0x00, 0x00, 0x00, 0x00, 0x00, 0x00, 0x00, 0x00, 0x00, 0x00,
  0x00, 0x00, 0x00, 0x00, 0x00, 0x00, 0x00, 0x00, 0x00, 0x00, 0x00, 0x00,
  0x00, 0x00, 0x00, 0x00, 0x00, 0x00, 0x00, 0x00, 0x00, 0x00, 0x00, 0x00,
  0x00, 0x00, 0x00, 0x00, 0x00, 0x00, 0x00, 0x00, 0x00, 0x00, 0x00, 0x00,
  0x00, 0x00, 0x00, 0x00, 0x00, 0x00, 0x00, 0x00, 0x00, 0x00, 0x00, 0x00,
  0x00, 0x00, 0x00, 0x00, 0x00, 0x00, 0x00, 0x00, 0x00, 0x00, 0x00, 0x00,
  0x00, 0x00, 0x00, 0x00, 0x00, 0x00, 0x00, 0x00, 0x00, 0x00, 0x00, 0x00,
  0x00, 0x00, 0x00, 0x00, 0x00, 0x00, 0x00, 0x00, 0x00, 0x00, 0x00, 0x00,
  0x00, 0x00, 0x00, 0x00, 0x00, 0x00, 0x00, 0x00, 0x00, 0x00, 0x00, 0x00,
  0x00, 0x00, 0x00, 0x00, 0x00, 0x00, 0x00, 0x00, 0x00, 0x00, 0x00, 0x00,
  0x00, 0x00, 0x00, 0x00, 0x00, 0x00, 0x00, 0x00, 0x00, 0x00, 0x00, 0x00,
  0x00, 0x00, 0x00, 0x00, 0x00, 0x00, 0x00, 0x00, 0x00, 0x00, 0x00, 0x00,
  0x00, 0x00, 0x00, 0x00, 0x00, 0x00, 0x00, 0x00, 0x00, 0x00, 0x00, 0x00,
  0x00, 0x00, 0x00, 0x00, 0x00, 0x00, 0x00, 0x00, 0x00, 0x00, 0x00, 0x00,
  0x00, 0x00, 0x00, 0x00, 0x00, 0x00, 0x00, 0x00, 0x00, 0x00, 0x00, 0x00,
  0x00, 0x00, 0x00, 0x00, 0x00, 0x00, 0x00, 0x00, 0x00, 0x00, 0x00, 0x00,
  0x00, 0x00, 0x00, 0x00, 0x00, 0x00, 0x00, 0x00, 0x00, 0x00, 0x00, 0x00,
  0x00, 0x00, 0x00, 0x00, 0x00, 0x00, 0x00, 0x00, 0x00, 0x00, 0x00, 0x00,
  0x00, 0x00, 0x00, 0x00, 0x00, 0x00, 0x00, 0x00, 0x00, 0x00, 0x00, 0x00,
  0x00, 0x00, 0x00, 0x00, 0x00, 0x00, 0x00, 0x00, 0x00, 0x00, 0x00, 0x00,
  0x00, 0x00, 0x00, 0x00, 0x00, 0x00, 0x00, 0x00, 0x00, 0x00, 0x00, 0x00,
  0x00, 0x00, 0x00, 0x00, 0x00, 0x00, 0x00, 0x00, 0x00, 0x00, 0x00, 0x00,
  0x00, 0x00, 0x00, 0x00, 0x00, 0x00, 0x00, 0x00, 0x00, 0x00, 0x00, 0x00,
  0x00, 0x00, 0x00, 0x00, 0x00, 0x00, 0x00, 0x00, 0x00, 0x00, 0x00, 0x00,
  0x00, 0x00, 0x00, 0x00, 0x00, 0x00, 0x00, 0x00, 0x00, 0x00, 0x00, 0x00,
  0x00, 0x00, 0x00, 0x00, 0x00, 0x00, 0x00, 0x00, 0x00, 0x00, 0x00, 0x00,
  0x00, 0x00, 0x00, 0x00, 0x00, 0x00, 0x00, 0x00, 0x00, 0x00, 0x00, 0x00,
  0x00, 0x00, 0x00, 0x00, 0x00, 0x00, 0x00, 0x00, 0x00, 0x00, 0x00, 0x00,
  0x00, 0x00, 0x00, 0x00, 0x00, 0x00, 0x00, 0x00, 0x00, 0x00, 0x00, 0x00,
  0x00, 0x00, 0x00, 0x00, 0x00, 0x00, 0x00, 0x00, 0x00, 0x00, 0x00, 0x00,
  0x00, 0x00, 0x00, 0x00, 0x00, 0x00, 0x00, 0x00, 0x00, 0x00, 0x00, 0x00,
  0x00, 0x00, 0x00, 0x00, 0x00, 0x00, 0x00, 0x00, 0x00, 0x00, 0x00, 0x00,
  0x00, 0x00, 0x00, 0x00, 0x00, 0x00, 0x00, 0x00, 0x00, 0x00, 0x00, 0x00,
  0x00, 0x00, 0x00, 0x00, 0x00, 0x00, 0x00, 0x00, 0x00, 0x00, 0x00, 0x00,
  0x00, 0x00, 0x00, 0x00, 0x00, 0x00, 0x00, 0x00, 0x00, 0x00, 0x00, 0x00,
  0x00, 0x00, 0x00, 0x00, 0x00, 0x00, 0x00, 0x00, 0x00, 0x00, 0x00, 0x00,
  0x00, 0x00, 0x00, 0x00, 0x00, 0x00, 0x00, 0x00, 0x00, 0x00, 0x00, 0x00,
  0x00, 0x00, 0x00, 0x00, 0x00, 0x00, 0x00, 0x00, 0x00, 0x00, 0x00, 0x00,
  0x00, 0x00, 0x00, 0x00, 0x00, 0x00, 0x00, 0x00, 0x00, 0x00, 0x00, 0x00,
  0x00, 0x00, 0x00, 0x00, 0x00, 0x00, 0x00, 0x00, 0x00, 0x00, 0x00, 0x00,
  0x00, 0x00, 0x00, 0x00, 0x00, 0x00, 0x00, 0x00, 0x00, 0x00, 0x00, 0x00,
  0x00, 0x00, 0x00, 0x00, 0x00, 0x00, 0x00, 0x00, 0x00, 0x00, 0x00, 0x00,
  0x00, 0x00, 0x00, 0x00, 0x00, 0x00, 0x00, 0x00, 0x00, 0x00, 0x00, 0x00,
  0x00, 0x00, 0x00, 0x00, 0x00, 0x00, 0x00, 0x00, 0x00, 0x00, 0x00, 0x00,
  0x00, 0x00, 0x00, 0x00, 0x00, 0x00, 0x00, 0x00, 0x00, 0x00, 0x00, 0x00,
  0x00, 0x00, 0x00, 0x00, 0x00, 0x00, 0x00, 0x00, 0x00, 0x00, 0x00, 0x00,
  0x00, 0x00, 0x00, 0x00, 0x00, 0x00, 0x00, 0x00, 0x00, 0x00, 0x00, 0x00,
  0x00, 0x00, 0x00, 0x00, 0x00, 0x00, 0x00, 0x00, 0x00, 0x00, 0x00, 0x00,
  0x00, 0x00, 0x00, 0x00, 0x00, 0x00, 0x00, 0x00, 0x00, 0x00, 0x00, 0x00,
  0x00, 0x00, 0x00, 0x00, 0x00, 0x00, 0x00, 0x00, 0x00, 0x00, 0x00, 0x00,
  0x00, 0x00, 0x00, 0x00, 0x00, 0x00, 0x00, 0x00, 0x00, 0x00, 0x00, 0x00,
  0x00, 0x00, 0x00, 0x00, 0x00, 0x00, 0x00, 0x00, 0x00, 0x00, 0x00, 0x00,
  0x00, 0x00, 0x00, 0x00, 0x00, 0x00, 0x00, 0x00, 0x00, 0x00, 0x00, 0x00,
  0x00, 0x00, 0x00, 0x00, 0x00, 0x00, 0x00, 0x00, 0x00, 0x00, 0x00, 0x00,
  0x00, 0x00, 0x00, 0x00, 0x00, 0x00, 0x00, 0x00, 0x00, 0x00, 0x00, 0x00,
  0x00, 0x00, 0x00, 0x00, 0x00, 0x00, 0x00, 0x00, 0x00, 0x00, 0x00, 0x00,
  0x00, 0x00, 0x00, 0x00, 0x00, 0x00, 0x00, 0x00, 0x00, 0x00, 0x00, 0x00,
  0x00, 0x00, 0x00, 0x00, 0x00, 0x00, 0x00, 0x00, 0x00, 0x00, 0x00, 0x00,
  0x00, 0x00, 0x00, 0x00, 0x00, 0x00, 0x00, 0x00, 0x00, 0x00, 0x00, 0x00,
  0x00, 0x00, 0x00, 0x00, 0x00, 0x00, 0x00, 0x00, 0x00, 0x00, 0x00, 0x00,
  0x00, 0x00, 0x00, 0x00, 0x00, 0x00, 0x00, 0x00, 0x00, 0x00, 0x00, 0x00,
  0x00, 0x00, 0x00, 0x00, 0x00, 0x00, 0x00, 0x00, 0x00, 0x00, 0x00, 0x00,
  0x00, 0x00, 0x00, 0x00, 0x00, 0x00, 0x00, 0x00, 0x00, 0x00, 0x00, 0x00,
  0x00, 0x00, 0x00, 0x00, 0x00, 0x00, 0x00, 0x00, 0x00, 0x00, 0x00, 0x00,
  0x00, 0x00, 0x00, 0x00, 0x00, 0x00, 0x00, 0x00, 0x00, 0x00, 0x00, 0x00,
  0x00, 0x00, 0x00, 0x00, 0x00, 0x00, 0x00, 0x00, 0x00, 0x00, 0x00, 0x00,
  0x00, 0x00, 0x00, 0x00, 0x00, 0x00, 0x00, 0x00, 0x00, 0x00, 0x00, 0x00,
  0x00, 0x00, 0x00, 0x00, 0x00, 0x00, 0x00, 0x00, 0x00, 0x00, 0x00, 0x00,
  0x00, 0x00, 0x00, 0x00, 0x00, 0x00, 0x00, 0x00, 0x00, 0x00, 0x00, 0x00,
  0x00, 0x00, 0x00, 0x00, 0x00, 0x00, 0x00, 0x00, 0x00, 0x00, 0x00, 0x00,
  0x00, 0x00, 0x00, 0x00, 0x00, 0x00, 0x00, 0x00, 0x00, 0x00, 0x00, 0x00,
  0x00, 0x00, 0x00, 0x00, 0x00, 0x00, 0x00, 0x00, 0x00, 0x00, 0x00, 0x00,
  0x00, 0x00, 0x00, 0x00, 0x00, 0x00, 0x00, 0x00, 0x00, 0x00, 0x00, 0x00,
  0x00, 0x00, 0x00, 0x00, 0x00, 0x00, 0x00, 0x00, 0x00, 0x00, 0x00, 0x00,
  0x00, 0x00, 0x00, 0x00, 0x00, 0x00, 0x00, 0x00, 0x00, 0x00, 0x00, 0x00,
  0x00, 0x00, 0x00, 0x00, 0x00, 0x00, 0x00, 0x00, 0x00, 0x00, 0x00, 0x00,
  0x00, 0x00, 0x00, 0x00, 0x00, 0x00, 0x00, 0x00, 0x00, 0x00, 0x00, 0x00,
  0x00, 0x00, 0x00, 0x00, 0x00, 0x00, 0x00, 0x00, 0x00, 0x00, 0x00, 0x00,
  0x00, 0x00, 0x00, 0x00, 0x00, 0x00, 0x00, 0x00, 0x00, 0x00, 0x00, 0x00,
  0x00, 0x00, 0x00, 0x00, 0x00, 0x00, 0x00, 0x00, 0x00, 0x00, 0x00, 0x00,
  0x00, 0x00, 0x00, 0x00, 0x00, 0x00, 0x00, 0x00, 0x00, 0x00, 0x00, 0x00,
  0x00, 0x00, 0x00, 0x00, 0x00, 0x00, 0x00, 0x00, 0x00, 0x00, 0x00, 0x00,
  0x00, 0x00, 0x00, 0x00, 0x00, 0x00, 0x00, 0x00, 0x00, 0x00, 0x00, 0x00,
  0x00, 0x00, 0x00, 0x00, 0x00, 0x00, 0x00, 0x00, 0x00, 0x00, 0x00, 0x00,
  0x00, 0x00, 0x00, 0x00, 0x00, 0x00, 0x00, 0x00, 0x00, 0x00, 0x00, 0x00,
  0x00, 0x00, 0x00, 0x00, 0x00, 0x00, 0x00, 0x00, 0x00, 0x00, 0x00, 0x00,
  0x00, 0x00, 0x00, 0x00, 0x00, 0x00, 0x00, 0x00, 0x00, 0x00, 0x00, 0x00,
  0x00, 0x00, 0x00, 0x00, 0x00, 0x00, 0x00, 0x00, 0x00, 0x00, 0x00, 0x00,
  0x00, 0x00, 0x00, 0x00, 0x00, 0x00, 0x00, 0x00, 0x00, 0x00, 0x00, 0x00,
  0x00, 0x00, 0x00, 0x00, 0x00, 0x00, 0x00, 0x00, 0x00, 0x00, 0x00, 0x00,
  0x00, 0x00, 0x00, 0x00, 0x00, 0x00, 0x00, 0x00, 0x00, 0x00, 0x00, 0x00,
  0x00, 0x00, 0x00, 0x00, 0x00, 0x00, 0x00, 0x00, 0x00, 0x00, 0x00, 0x00,
  0x00, 0x00, 0x00, 0x00, 0x00, 0x00, 0x00, 0x00, 0x00, 0x00, 0x00, 0x00,
  0x00, 0x00, 0x00, 0x00, 0x00, 0x00, 0x00, 0x00, 0x00, 0x00, 0x00, 0x00,
  0x00, 0x00, 0x00, 0x00, 0x00, 0x00, 0x00, 0x00, 0x00, 0x00, 0x00, 0x00,
  0x00, 0x00, 0x00, 0x00, 0x00, 0x00, 0x00, 0x00, 0x00, 0x00, 0x00, 0x00,
  0x00, 0x00, 0x00, 0x00, 0x00, 0x00, 0x00, 0x00, 0x00, 0x00, 0x00, 0x00,
  0x00, 0x00, 0x00, 0x00, 0x00, 0x00, 0x00, 0x00, 0x00, 0x00, 0x00, 0x00,
  0x00, 0x00, 0x00, 0x00, 0x00, 0x00, 0x00, 0x00, 0x00, 0x00, 0x00, 0x00,
  0x00, 0x00, 0x00, 0x00, 0x00, 0x00, 0x00, 0x00, 0x00, 0x00, 0x00, 0x00,
  0x00, 0x00, 0x00, 0x00, 0x00, 0x00, 0x00, 0x00, 0x00, 0x00, 0x00, 0x00,
  0x00, 0x00, 0x00, 0x00, 0x00, 0x00, 0x00, 0x00, 0x00, 0x00, 0x00, 0x00,
  0x00, 0x00, 0x00, 0x00, 0x00, 0x00, 0x00, 0x00, 0x00, 0x00, 0x00, 0x00,
  0x00, 0x00, 0x00, 0x00, 0x00, 0x00, 0x00, 0x00, 0x00, 0x00, 0x00, 0x00,
  0x00, 0x00, 0x00, 0x00, 0x00, 0x00, 0x00, 0x00, 0x00, 0x00, 0x00, 0x00,
  0x00, 0x00, 0x00, 0x00, 0x00, 0x00, 0x00, 0x00, 0x00, 0x00, 0x00, 0x00,
  0x00, 0x00, 0x00, 0x00, 0x00, 0x00, 0x00, 0x00, 0x00, 0x00, 0x00, 0x00,
  0x00, 0x00, 0x00, 0x00, 0x00, 0x00, 0x00, 0x00, 0x00, 0x00, 0x00, 0x00,
  0x00, 0x00, 0x00, 0x00, 0x00, 0x00, 0x00, 0x00, 0x00, 0x00, 0x00, 0x00,
  0x00, 0x00, 0x00, 0x00, 0x00, 0x00, 0x00, 0x00, 0x00, 0x00, 0x00, 0x00,
  0x00, 0x00, 0x00, 0x00, 0x00, 0x00, 0x00, 0x00, 0x00, 0x00, 0x00, 0x00,
  0x00, 0x00, 0x00, 0x00, 0x00, 0x00, 0x00, 0x00, 0x00, 0x00, 0x00, 0x00,
  0x00, 0x00, 0x00, 0x00, 0x00, 0x00, 0x00, 0x00, 0x00, 0x00, 0x00, 0x00,
  0x00, 0x00, 0x00, 0x00, 0x00, 0x00, 0x00, 0x00, 0x00, 0x00, 0x00, 0x00,
  0x00, 0x00, 0x00, 0x00, 0x00, 0x00, 0x00, 0x00, 0x00, 0x00, 0x00, 0x00,
  0x00, 0x00, 0x00, 0x00, 0x00, 0x00, 0x00, 0x00, 0x00, 0x00, 0x00, 0x00,
  0x00, 0x00, 0x00, 0x00, 0x00, 0x00, 0x00, 0x00, 0x00, 0x00, 0x00, 0x00,
  0x00, 0x00, 0x00, 0x00, 0x00, 0x00, 0x00, 0x00, 0x00, 0x00, 0x00, 0x00,
  0x00, 0x00, 0x00, 0x00, 0x00, 0x00, 0x00, 0x00, 0x00, 0x00, 0x00, 0x00,
  0x00, 0x00, 0x00, 0x00, 0x00, 0x00, 0x00, 0x00, 0x00, 0x00, 0x00, 0x00,
  0x00, 0x00, 0x00, 0x00, 0x00, 0x00, 0x00, 0x00, 0x00, 0x00, 0x00, 0x00,
  0x00, 0x00, 0x00, 0x00, 0x00, 0x00, 0x00, 0x00, 0x00, 0x00, 0x00, 0x00,
  0x00, 0x00, 0x00, 0x00, 0x00, 0x00, 0x00, 0x00, 0x00, 0x00, 0x00, 0x00,
  0x00, 0x00, 0x00, 0x00, 0x00, 0x00, 0x00, 0x00, 0x00, 0x00, 0x00, 0x00,
  0x00, 0x00, 0x00, 0x00, 0x00, 0x00, 0x00, 0x00, 0x00, 0x00, 0x00, 0x00,
  0x00, 0x00, 0x00, 0x00, 0x00, 0x00, 0x00, 0x00, 0x00, 0x00, 0x00, 0x00,
  0x00, 0x00, 0x00, 0x00, 0x00, 0x00, 0x00, 0x00, 0x00, 0x00, 0x00, 0x00,
  0x00, 0x00, 0x00, 0x00, 0x00, 0x00, 0x00, 0x00, 0x00, 0x00, 0x00, 0x00,
  0x00, 0x00, 0x00, 0x00, 0x00, 0x00, 0x00, 0x00, 0x00, 0x00, 0x00, 0x00,
  0x00, 0x00, 0x00, 0x00, 0x00, 0x00, 0x00, 0x00, 0x00, 0x00, 0x00, 0x00,
  0x00, 0x00, 0x00, 0x00, 0x00, 0x00, 0x00, 0x00, 0x00, 0x00, 0x00, 0x00,
  0x00, 0x00, 0x00, 0x00, 0x00, 0x00, 0x00, 0x00, 0x00, 0x00, 0x00, 0x00,
  0x00, 0x00, 0x00, 0x00, 0x00, 0x00, 0x00, 0x00, 0x00, 0x00, 0x00, 0x00,
  0x00, 0x00, 0x00, 0x00, 0x00, 0x00, 0x00, 0x00, 0x00, 0x00, 0x00, 0x00,
  0x00, 0x00, 0x00, 0x00, 0x00, 0x00, 0x00, 0x00, 0x00, 0x00, 0x00, 0x00,
  0x00, 0x00, 0x00, 0x00, 0x00, 0x00, 0x00, 0x00, 0x00, 0x00, 0x00, 0x00,
  0x00, 0x00, 0x00, 0x00, 0x00, 0x00, 0x00, 0x00, 0x00, 0x00, 0x00, 0x00,
  0x00, 0x00, 0x00, 0x00, 0x00, 0x00, 0x00, 0x00, 0x00, 0x00, 0x00, 0x00,
  0x00, 0x00, 0x00, 0x00, 0x00, 0x00, 0x00, 0x00, 0x00, 0x00, 0x00, 0x00,
  0x00, 0x00, 0x00, 0x00, 0x00, 0x00, 0x00, 0x00, 0x00, 0x00, 0x00, 0x00,
  0x00, 0x00, 0x00, 0x00, 0x00, 0x00, 0x00, 0x00, 0x00, 0x00, 0x00, 0x00,
  0x00, 0x00, 0x00, 0x00, 0x00, 0x00, 0x00, 0x00, 0x00, 0x00, 0x00, 0x00,
  0x00, 0x00, 0x00, 0x00, 0x00, 0x00, 0x00, 0x00, 0x00, 0x00, 0x00, 0x00,
  0x00, 0x00, 0x00, 0x00, 0x00, 0x00, 0x00, 0x00, 0x00, 0x00, 0x00, 0x00,
  0x00, 0x00, 0x00, 0x00, 0x00, 0x00, 0x00, 0x00, 0x00, 0x00, 0x00, 0x00,
  0x00, 0x00, 0x00, 0x00, 0x00, 0x00, 0x00, 0x00, 0x00, 0x00, 0x00, 0x00,
  0x00, 0x00, 0x00, 0x00, 0x00, 0x00, 0x00, 0x00, 0x00, 0x00, 0x00, 0x00,
  0x00, 0x00, 0x00, 0x00, 0x00, 0x00, 0x00, 0x00, 0x00, 0x00, 0x00, 0x00,
  0x00, 0x00, 0x00, 0x00, 0x00, 0x00, 0x00, 0x00, 0x00, 0x00, 0x00, 0x00,
  0x00, 0x00, 0x00, 0x00, 0x00, 0x00, 0x00, 0x00, 0x00, 0x00, 0x00, 0x00,
  0x00, 0x00, 0x00, 0x00, 0x00, 0x00, 0x00, 0x00, 0x00, 0x00, 0x00, 0x00,
  0x00, 0x00, 0x00, 0x00, 0x00, 0x00, 0x00, 0x00, 0x00, 0x00, 0x00, 0x00,
  0x00, 0x00, 0x00, 0x00, 0x00, 0x00, 0x00, 0x00, 0x00, 0x00, 0x00, 0x00,
  0x00, 0x00, 0x00, 0x00, 0x00, 0x00, 0x00, 0x00, 0x00, 0x00, 0x00, 0x00,
  0x00, 0x00, 0x00, 0x00, 0x00, 0x00, 0x00, 0x00, 0x00, 0x00, 0x00, 0x00,
  0x00, 0x00, 0x00, 0x00, 0x00, 0x00, 0x00, 0x00, 0x00, 0x00, 0x00, 0x00,
  0x00, 0x00, 0x00, 0x00, 0x00, 0x00, 0x00, 0x00, 0x00, 0x00, 0x00, 0x00,
  0x00, 0x00, 0x00, 0x00, 0x00, 0x00, 0x00, 0x00, 0x00, 0x00, 0x00, 0x00,
  0x00, 0x00, 0x00, 0x00, 0x00, 0x00, 0x00, 0x00, 0x00, 0x00, 0x00, 0x00,
  0x00, 0x00, 0x00, 0x00, 0x00, 0x00, 0x00, 0x00, 0x00, 0x00, 0x00, 0x00,
  0x00, 0x00, 0x00, 0x00, 0x00, 0x00, 0x00, 0x00, 0x00, 0x00, 0x00, 0x00,
  0x00, 0x00, 0x00, 0x00, 0x00, 0x00, 0x00, 0x00, 0x00, 0x00, 0x00, 0x00,
  0x00, 0x00, 0x00, 0x00, 0x00, 0x00, 0x00, 0x00, 0x00, 0x00, 0x00, 0x00,
  0x00, 0x00, 0x00, 0x00, 0x00, 0x00, 0x00, 0x00, 0x00, 0x00, 0x00, 0x00,
  0x00, 0x00, 0x00, 0x00, 0x00, 0x00, 0x00, 0x00, 0x00, 0x00, 0x00, 0x00,
  0x00, 0x00, 0x00, 0x00, 0x00, 0x00, 0x00, 0x00, 0x00, 0x00, 0x00, 0x00,
  0x00, 0x00, 0x00, 0x00, 0x00, 0x00, 0x00, 0x00, 0x00, 0x00, 0x00, 0x00,
  0x00, 0x00, 0x00, 0x00, 0x00, 0x00, 0x00, 0x00, 0x00, 0x00, 0x00, 0x00,
  0x00, 0x00, 0x00, 0x00, 0x00, 0x00, 0x00, 0x00, 0x00, 0x00, 0x00, 0x00,
  0x00, 0x00, 0x00, 0x00, 0x00, 0x00, 0x00, 0x00, 0x00, 0x00, 0x00, 0x00,
  0x00, 0x00, 0x00, 0x00, 0x00, 0x00, 0x00, 0x00, 0x00, 0x00, 0x00, 0x00,
  0x00, 0x00, 0x00, 0x00, 0x00, 0x00, 0x00, 0x00, 0x00, 0x00, 0x00, 0x00,
  0x00, 0x00, 0x00, 0x00, 0x00, 0x00, 0x00, 0x00, 0x00, 0x00, 0x00, 0x00,
  0x00, 0x00, 0x00, 0x00, 0x00, 0x00, 0x00, 0x00, 0x00, 0x00, 0x00, 0x00,
  0x00, 0x00, 0x00, 0x00, 0x00, 0x00, 0x00, 0x00, 0x00, 0x00, 0x00, 0x00,
  0x00, 0x00, 0x00, 0x00, 0x00, 0x00, 0x00, 0x00, 0x00, 0x00, 0x00, 0x00,
  0x00, 0x00, 0x00, 0x00, 0x00, 0x00, 0x00, 0x00, 0x00, 0x00, 0x00, 0x00,
  0x00, 0x00, 0x00, 0x00, 0x00, 0x00, 0x00, 0x00, 0x00, 0x00, 0x00, 0x00,
  0x00, 0x00, 0x00, 0x00, 0x00, 0x00, 0x00, 0x00, 0x00, 0x00, 0x00, 0x00,
  0x00, 0x00, 0x00, 0x00, 0x00, 0x00, 0x00, 0x00, 0x00, 0x00, 0x00, 0x00,
  0x00, 0x00, 0x00, 0x00, 0x00, 0x00, 0x00, 0x00, 0x00, 0x00, 0x00, 0x00,
  0x00, 0x00, 0x00, 0x00, 0x00, 0x00, 0x00, 0x00, 0x00, 0x00, 0x00, 0x00,
  0x00, 0x00, 0x00, 0x00, 0x00, 0x00, 0x00, 0x00, 0x00, 0x00, 0x00, 0x00,
  0x00, 0x00, 0x00, 0x00, 0x00, 0x00, 0x00, 0x00, 0x00, 0x00, 0x00, 0x00,
  0x00, 0x00, 0x00, 0x00, 0x00, 0x00, 0x00, 0x00, 0x00, 0x00, 0x00, 0x00,
  0x00, 0x00, 0x00, 0x00, 0x00, 0x00, 0x00, 0x00, 0x00, 0x00, 0x00, 0x00,
  0x00, 0x00, 0x00, 0x00, 0x00, 0x00, 0x00, 0x00, 0x00, 0x00, 0x00, 0x00,
  0x00, 0x00, 0x00, 0x00, 0x00, 0x00, 0x00, 0x00, 0x00, 0x00, 0x00, 0x00,
  0x00, 0x00, 0x00, 0x00, 0x00, 0x00, 0x00, 0x00, 0x00, 0x00, 0x00, 0x00,
  0x00, 0x00, 0x00, 0x00, 0x00, 0x00, 0x00, 0x00, 0x00, 0x00, 0x00, 0x00,
  0x00, 0x00, 0x00, 0x00, 0x00, 0x00, 0x00, 0x00, 0x00, 0x00, 0x00, 0x00,
  0x00, 0x00, 0x00, 0x00, 0x00, 0x00, 0x00, 0x00, 0x00, 0x00, 0x00, 0x00,
  0x00, 0x00, 0x00, 0x00, 0x00, 0x00, 0x00, 0x00, 0x00, 0x00, 0x00, 0x00,
  0x00, 0x00, 0x00, 0x00, 0x00, 0x00, 0x00, 0x00, 0x00, 0x00, 0x00, 0x00,
  0x00, 0x00, 0x00, 0x00, 0x00, 0x00, 0x00, 0x00, 0x00, 0x00, 0x00, 0x00,
  0x00, 0x00, 0x00, 0x00, 0x00, 0x00, 0x00, 0x00, 0x00, 0x00, 0x00, 0x00,
  0x00, 0x00, 0x00, 0x00, 0x00, 0x00, 0x00, 0x00, 0x00, 0x00, 0x00, 0x00,
  0x00, 0x00, 0x00, 0x00, 0x00, 0x00, 0x00, 0x00, 0x00, 0x00, 0x00, 0x00,
  0x00, 0x00, 0x00, 0x00, 0x00, 0x00, 0x00, 0x00, 0x00, 0x00, 0x00, 0x00,
  0x00, 0x00, 0x00, 0x00, 0x00, 0x00, 0x00, 0x00, 0x00, 0x00, 0x00, 0x00,
  0x00, 0x00, 0x00, 0x00, 0x00, 0x00, 0x00, 0x00, 0x00, 0x00, 0x00, 0x00,
  0x00, 0x00, 0x00, 0x00, 0x00, 0x00, 0x00, 0x00, 0x00, 0x00, 0x00, 0x00,
  0x00, 0x00, 0x00, 0x00, 0x00, 0x00, 0x00, 0x00, 0x00, 0x00, 0x00, 0x00,
  0x00, 0x00, 0x00, 0x00, 0x00, 0x00, 0x00, 0x00, 0x00, 0x00, 0x00, 0x00,
  0x00, 0x00, 0x00, 0x00, 0x00, 0x00, 0x00, 0x00, 0x00, 0x00, 0x00, 0x00,
  0x00, 0x00, 0x00, 0x00, 0x00, 0x00, 0x00, 0x00, 0x00, 0x00, 0x00, 0x00,
  0x00, 0x00, 0x00, 0x00, 0x00, 0x00, 0x00, 0x00, 0x00, 0x00, 0x00, 0x00,
  0x00, 0x00, 0x00, 0x00, 0x00, 0x00, 0x00, 0x00, 0x00, 0x00, 0x00, 0x00,
  0x00, 0x00, 0x00, 0x00, 0x00, 0x00, 0x00, 0x00, 0x00, 0x00, 0x00, 0x00,
  0x00, 0x00, 0x00, 0x00, 0x00, 0x00, 0x00, 0x00, 0x00, 0x00, 0x00, 0x00,
  0x00, 0x00, 0x00, 0x00, 0x00, 0x00, 0x00, 0x00, 0x00, 0x00, 0x00, 0x00,
  0x00, 0x00, 0x00, 0x00, 0x00, 0x00, 0x00, 0x00, 0x00, 0x00, 0x00, 0x00,
  0x00, 0x00, 0x00, 0x00, 0x00, 0x00, 0x00, 0x00, 0x00, 0x00, 0x00, 0x00,
  0x00, 0x00, 0x00, 0x00, 0x00, 0x00, 0x00, 0x00, 0x00, 0x00, 0x00, 0x00,
  0x00, 0x00, 0x00, 0x00, 0x00, 0x00, 0x00, 0x00, 0x00, 0x00, 0x00, 0x00,
  0x00, 0x00, 0x00, 0x00, 0x00, 0x00, 0x00, 0x00, 0x00, 0x00, 0x00, 0x00,
  0x00, 0x00, 0x00, 0x00, 0x00, 0x00, 0x00, 0x00, 0x00, 0x00, 0x00, 0x00,
  0x00, 0x00, 0x00, 0x00, 0x00, 0x00, 0x00, 0x00, 0x00, 0x00, 0x00, 0x00,
  0x00, 0x00, 0x00, 0x00, 0x00, 0x00, 0x00, 0x00, 0x00, 0x00, 0x00, 0x00,
  0x00, 0x00, 0x00, 0x00, 0x00, 0x00, 0x00, 0x00, 0x00, 0x00, 0x00, 0x00,
  0x00, 0x00, 0x00, 0x00, 0x00, 0x00, 0x00, 0x00, 0x00, 0x00, 0x00, 0x00,
  0x00, 0x00, 0x00, 0x00, 0x00, 0x00, 0x00, 0x00, 0x00, 0x00, 0x00, 0x00,
  0x00, 0x00, 0x00, 0x00, 0x00, 0x00, 0x00, 0x00, 0x00, 0x00, 0x00, 0x00,
  0x00, 0x00, 0x00, 0x00, 0x00, 0x00, 0x00, 0x00, 0x00, 0x00, 0x00, 0x00,
  0x00, 0x00, 0x00, 0x00, 0x00, 0x00, 0x00, 0x00, 0x00, 0x00, 0x00, 0x00,
  0x00, 0x00, 0x00, 0x00, 0x00, 0x00, 0x00, 0x00, 0x00, 0x00, 0x00, 0x00,
  0x00, 0x00, 0x00, 0x00, 0x00, 0x00, 0x00, 0x00, 0x00, 0x00, 0x00, 0x00,
  0x00, 0x00, 0x00, 0x00, 0x00, 0x00, 0x00, 0x00, 0x00, 0x00, 0x00, 0x00,
  0x00, 0x00, 0x00, 0x00, 0x00, 0x00, 0x00, 0x00, 0x00, 0x00, 0x00, 0x00,
  0x00, 0x00, 0x00, 0x00, 0x00, 0x00, 0x00, 0x00, 0x00, 0x00, 0x00, 0x00,
  0x00, 0x00, 0x00, 0x00, 0x00, 0x00, 0x00, 0x00, 0x00, 0x00, 0x00, 0x00,
  0x00, 0x00, 0x00, 0x00, 0x00, 0x00, 0x00, 0x00, 0x00, 0x00, 0x00, 0x00,
  0x00, 0x00, 0x00, 0x00, 0x00, 0x00, 0x00, 0x00, 0x00, 0x00, 0x00, 0x00,
  0x00, 0x00, 0x00, 0x00, 0x00, 0x00, 0x00, 0x00, 0x00, 0x00, 0x00, 0x00,
  0x00, 0x00, 0x00, 0x00, 0x00, 0x00, 0x00, 0x00, 0x00, 0x00, 0x00, 0x00,
  0x00, 0x00, 0x00, 0x00, 0x00, 0x00, 0x00, 0x00, 0x00, 0x00, 0x00, 0x00,
  0x00, 0x00, 0x00, 0x00, 0x00, 0x00, 0x00, 0x00, 0x00, 0x00, 0x00, 0x00,
  0x00, 0x00, 0x00, 0x00, 0x00, 0x00, 0x00, 0x00, 0x00, 0x00, 0x00, 0x00,
  0x00, 0x00, 0x00, 0x00, 0x00, 0x00, 0x00, 0x00, 0x00, 0x00, 0x00, 0x00,
  0x00, 0x00, 0x00, 0x00, 0x00, 0x00, 0x00, 0x00, 0x00, 0x00, 0x00, 0x00,
  0x00, 0x00, 0x00, 0x00, 0x00, 0x00, 0x00, 0x00, 0x00, 0x00, 0x00, 0x00,
  0x00, 0x00, 0x00, 0x00, 0x00, 0x00, 0x00, 0x00, 0x00, 0x00, 0x00, 0x00,
  0x00, 0x00, 0x00, 0x00, 0x00, 0x00, 0x00, 0x00, 0x00, 0x00, 0x00, 0x00,
  0x00, 0x00, 0x00, 0x00, 0x00, 0x00, 0x00, 0x00, 0x00, 0x00, 0x00, 0x00,
  0x00, 0x00, 0x00, 0x00, 0x00, 0x00, 0x00, 0x00, 0x00, 0x00, 0x00, 0x00,
  0x00, 0x00, 0x00, 0x00, 0x00, 0x00, 0x00, 0x00, 0x00, 0x00, 0x00, 0x00,
  0x00, 0x00, 0x00, 0x00, 0x00, 0x00, 0x00, 0x00, 0x00, 0x00, 0x00, 0x00,
  0x00, 0x00, 0x00, 0x00, 0x00, 0x00, 0x00, 0x00, 0x00, 0x00, 0x00, 0x00,
  0x00, 0x00, 0x00, 0x00, 0x00, 0x00, 0x00, 0x00, 0x00, 0x00, 0x00, 0x00,
  0x00, 0x00, 0x00, 0x00, 0x00, 0x00, 0x00, 0x00, 0x00, 0x00, 0x00, 0x00,
  0x00, 0x00, 0x00, 0x00, 0x00, 0x00, 0x00, 0x00, 0x00, 0x00, 0x00, 0x00,
  0x00, 0x00, 0x00, 0x00, 0x00, 0x00, 0x00, 0x00, 0x00, 0x00, 0x00, 0x00,
  0x00, 0x00, 0x00, 0x00, 0x00, 0x00, 0x00, 0x00, 0x00, 0x00, 0x00, 0x00,
  0x00, 0x00, 0x00, 0x00, 0x00, 0x00, 0x00, 0x00, 0x00, 0x00, 0x00, 0x00,
  0x00, 0x00, 0x00, 0x00, 0x00, 0x00, 0x00, 0x00, 0x00, 0x00, 0x00, 0x00,
  0x00, 0x00, 0x00, 0x00, 0x00, 0x00, 0x00, 0x00, 0x00, 0x00, 0x00, 0x00,
  0x00, 0x00, 0x00, 0x00, 0x00, 0x00, 0x00, 0x00, 0x00, 0x00, 0x00, 0x00,
  0x00, 0x00, 0x00, 0x00, 0x00, 0x00, 0x00, 0x00, 0x00, 0x00, 0x00, 0x00,
  0x00, 0x00, 0x00, 0x00, 0x00, 0x00, 0x00, 0x00, 0x00, 0x00, 0x00, 0x00,
  0x00, 0x00, 0x00, 0x00, 0x00, 0x00, 0x00, 0x00, 0x00, 0x00, 0x00, 0x00,
  0x00, 0x00, 0x00, 0x00, 0x00, 0x00, 0x00, 0x00, 0x00, 0x00, 0x00, 0x00,
  0x00, 0x00, 0x00, 0x00, 0x00, 0x00, 0x00, 0x00, 0x00, 0x00, 0x00, 0x00,
  0x00, 0x00, 0x00, 0x00, 0x00, 0x00, 0x00, 0x00, 0x00, 0x00, 0x00, 0x00,
  0x00, 0x00, 0x00, 0x00, 0x00, 0x00, 0x00, 0x00, 0x00, 0x00, 0x00, 0x00,
  0x00, 0x00, 0x00, 0x00, 0x00, 0x00, 0x00, 0x00, 0x00, 0x00, 0x00, 0x00,
  0x00, 0x00, 0x00, 0x00, 0x00, 0x00, 0x00, 0x00, 0x00, 0x00, 0x00, 0x00,
  0x00, 0x00, 0x00, 0x00, 0x00, 0x00, 0x00, 0x00, 0x00, 0x00, 0x00, 0x00,
  0x00, 0x00, 0x00, 0x00, 0x00, 0x00, 0x00, 0x00, 0x00, 0x00, 0x00, 0x00,
  0x00, 0x00, 0x00, 0x00, 0x00, 0x00, 0x00, 0x00, 0x00, 0x00, 0x00, 0x00,
  0x00, 0x00, 0x00, 0x00, 0x00, 0x00, 0x00, 0x00, 0x00, 0x00, 0x00, 0x00,
  0x00, 0x00, 0x00, 0x00, 0x00, 0x00, 0x00, 0x00, 0x00, 0x00, 0x00, 0x00,
  0x00, 0x00, 0x00, 0x00, 0x00, 0x00, 0x00, 0x00, 0x00, 0x00, 0x00, 0x00,
  0x00, 0x00, 0x00, 0x00, 0x00, 0x00, 0x00, 0x00, 0x00, 0x00, 0x00, 0x00,
  0x00, 0x00, 0x00, 0x00, 0x00, 0x00, 0x00, 0x00, 0x00, 0x00, 0x00, 0x00,
  0x00, 0x00, 0x00, 0x00, 0x00, 0x00, 0x00, 0x00, 0x00, 0x00, 0x00, 0x00,
  0x00, 0x00, 0x00, 0x00, 0x00, 0x00, 0x00, 0x00, 0x00, 0x00, 0x00, 0x00,
  0x00, 0x00, 0x00, 0x00, 0x00, 0x00, 0x00, 0x00, 0x00, 0x00, 0x00, 0x00,
  0x00, 0x00, 0x00, 0x00, 0x00, 0x00, 0x00, 0x00, 0x00, 0x00, 0x00, 0x00,
  0x00, 0x00, 0x00, 0x00, 0x00, 0x00, 0x00, 0x00, 0x00, 0x00, 0x00, 0x00,
  0x00, 0x00, 0x00, 0x00, 0x00, 0x00, 0x00, 0x00, 0x00, 0x00, 0x00, 0x00,
  0x00, 0x00, 0x00, 0x00, 0x00, 0x00, 0x00, 0x00, 0x00, 0x00, 0x00, 0x00,
  0x00, 0x00, 0x00, 0x00, 0x00, 0x00, 0x00, 0x00, 0x00, 0x00, 0x00, 0x00,
  0x00, 0x00, 0x00, 0x00, 0x00, 0x00, 0x00, 0x00, 0x00, 0x00, 0x00, 0x00,
  0x00, 0x00, 0x00, 0x00, 0x00, 0x00, 0x00, 0x00, 0x00, 0x00, 0x00, 0x00,
  0x00, 0x00, 0x00, 0x00, 0x00, 0x00, 0x00, 0x00, 0x00, 0x00, 0x00, 0x00,
  0x00, 0x00, 0x00, 0x00, 0x00, 0x00, 0x00, 0x00, 0x00, 0x00, 0x00, 0x00,
  0x00, 0x00, 0x00, 0x00, 0x00, 0x00, 0x00, 0x00, 0x00, 0x00, 0x00, 0x00,
  0x00, 0x00, 0x00, 0x00, 0x00, 0x00, 0x00, 0x00, 0x00, 0x00, 0x00, 0x00,
  0x00, 0x00, 0x00, 0x00, 0x00, 0x00, 0x00, 0x00, 0x00, 0x00, 0x00, 0x00,
  0x00, 0x00, 0x00, 0x00, 0x00, 0x00, 0x00, 0x00, 0x00, 0x00, 0x00, 0x00,
  0x00, 0x00, 0x00, 0x00, 0x00, 0x00, 0x00, 0x00, 0x00, 0x00, 0x00, 0x00,
  0x00, 0x00, 0x00, 0x00, 0x00, 0x00, 0x00, 0x00, 0x00, 0x00, 0x00, 0x00,
  0x00, 0x00, 0x00, 0x00, 0x00, 0x00, 0x00, 0x00, 0x00, 0x00, 0x00, 0x00,
  0x00, 0x00, 0x00, 0x00, 0x00, 0x00, 0x00, 0x00, 0x00, 0x00, 0x00, 0x00,
  0x00, 0x00, 0x00, 0x00, 0x00, 0x00, 0x00, 0x00, 0x00, 0x00, 0x00, 0x00,
  0x00, 0x00, 0x00, 0x00, 0x00, 0x00, 0x00, 0x00, 0x00, 0x00, 0x00, 0x00,
  0x00, 0x00, 0x00, 0x00, 0x00, 0x00, 0x00, 0x00, 0x00, 0x00, 0x00, 0x00,
  0x00, 0x00, 0x00, 0x00, 0x00, 0x00, 0x00, 0x00, 0x00, 0x00, 0x00, 0x00,
  0x00, 0x00, 0x00, 0x00, 0x00, 0x00, 0x00, 0x00, 0x00, 0x00, 0x00, 0x00,
  0x00, 0x00, 0x00, 0x00, 0x00, 0x00, 0x00, 0x00, 0x00, 0x00, 0x00, 0x00,
  0x00, 0x00, 0x00, 0x00, 0x00, 0x00, 0x00, 0x00, 0x00, 0x00, 0x00, 0x00,
  0x00, 0x00, 0x00, 0x00, 0x00, 0x00, 0x00, 0x00, 0x00, 0x00, 0x00, 0x00,
  0x00, 0x00, 0x00, 0x00, 0x00, 0x00, 0x00, 0x00, 0x00, 0x00, 0x00, 0x00,
  0x00, 0x00, 0x00, 0x00, 0x00, 0x00, 0x00, 0x00, 0x00, 0x00, 0x00, 0x00,
  0x00, 0x00, 0x00, 0x00, 0x00, 0x00, 0x00, 0x00, 0x00, 0x00, 0x00, 0x00,
  0x00, 0x00, 0x00, 0x00, 0x00, 0x00, 0x00, 0x00, 0x00, 0x00, 0x00, 0x00,
  0x00, 0x00, 0x00, 0x00, 0x00, 0x00, 0x00, 0x00, 0x00, 0x00, 0x00, 0x00,
  0x00, 0x00, 0x00, 0x00, 0x00, 0x00, 0x00, 0x00, 0x00, 0x00, 0x00, 0x00,
  0x00, 0x00, 0x00, 0x00, 0x00, 0x00, 0x00, 0x00, 0x00, 0x00, 0x00, 0x00,
  0x00, 0x00, 0x00, 0x00, 0x00, 0x00, 0x00, 0x00, 0x00, 0x00, 0x00, 0x00,
  0x00, 0x00, 0x00, 0x00, 0x00, 0x00, 0x00, 0x00, 0x00, 0x00, 0x00, 0x00,
  0x00, 0x00, 0x00, 0x00, 0x00, 0x00, 0x00, 0x00, 0x00, 0x00, 0x00, 0x00,
  0x00, 0x00, 0x00, 0x00, 0x00, 0x00, 0x00, 0x00, 0x00, 0x00, 0x00, 0x00,
  0x00, 0x00, 0x00, 0x00, 0x00, 0x00, 0x00, 0x00, 0x00, 0x00, 0x00, 0x00,
  0x00, 0x00, 0x00, 0x00, 0x00, 0x00, 0x00, 0x00, 0x00, 0x00, 0x00, 0x00,
  0x00, 0x00, 0x00, 0x00, 0x00, 0x00, 0x00, 0x00, 0x00, 0x00, 0x00, 0x00,
  0x00, 0x00, 0x00, 0x00, 0x00, 0x00, 0x00, 0x00, 0x00, 0x00, 0x00, 0x00,
  0x00, 0x00, 0x00, 0x00, 0x00, 0x00, 0x00, 0x00, 0x00, 0x00, 0x00, 0x00,
  0x00, 0x00, 0x00, 0x00, 0x00, 0x00, 0x00, 0x00, 0x00, 0x00, 0x00, 0x00,
  0x00, 0x00, 0x00, 0x00, 0x00, 0x00, 0x00, 0x00, 0x00, 0x00, 0x00, 0x00,
  0x00, 0x00, 0x00, 0x00, 0x00, 0x00, 0x00, 0x00, 0x00, 0x00, 0x00, 0x00,
  0x00, 0x00, 0x00, 0x00, 0x00, 0x00, 0x00, 0x00, 0x00, 0x00, 0x00, 0x00,
  0x00, 0x00, 0x00, 0x00, 0x00, 0x00, 0x00, 0x00, 0x00, 0x00, 0x00, 0x00,
  0x00, 0x00, 0x00, 0x00, 0x00, 0x00, 0x00, 0x00, 0x00, 0x00, 0x00, 0x00,
  0x00, 0x00, 0x00, 0x00, 0x00, 0x00, 0x00, 0x00, 0x00, 0x00, 0x00, 0x00,
  0x00, 0x00, 0x00, 0x00, 0x00, 0x00, 0x00, 0x00, 0x00, 0x00, 0x00, 0x00,
  0x00, 0x00, 0x00, 0x00, 0x00, 0x00, 0x00, 0x00, 0x00, 0x00, 0x00, 0x00,
  0x00, 0x00, 0x00, 0x00, 0x00, 0x00, 0x00, 0x00, 0x00, 0x00, 0x00, 0x00,
  0x00, 0x00, 0x00, 0x00, 0x00, 0x00, 0x00, 0x00, 0x00, 0x00, 0x00, 0x00,
  0x00, 0x00, 0x00, 0x00, 0x00, 0x00, 0x00, 0x00, 0x00, 0x00, 0x00, 0x00,
  0x00, 0x00, 0x00, 0x00, 0x00, 0x00, 0x00, 0x00, 0x00, 0x00, 0x00, 0x00,
  0x00, 0x00, 0x00, 0x00, 0x00, 0x00, 0x00, 0x00, 0x00, 0x00, 0x00, 0x00,
  0x00, 0x00, 0x00, 0x00, 0x00, 0x00, 0x00, 0x00, 0x00, 0x00, 0x00, 0x00,
  0x00, 0x00, 0x00, 0x00, 0x00, 0x00, 0x00, 0x00, 0x00, 0x00, 0x00, 0x00,
  0x00, 0x00, 0x00, 0x00, 0x00, 0x00, 0x00, 0x00, 0x00, 0x00, 0x00, 0x00,
  0x00, 0x00, 0x00, 0x00, 0x00, 0x00, 0x00, 0x00, 0x00, 0x00, 0x00, 0x00,
  0x00, 0x00, 0x00, 0x00, 0x00, 0x00, 0x00, 0x00, 0x00, 0x00, 0x00, 0x00,
  0x00, 0x00, 0x00, 0x00, 0x00, 0x00, 0x00, 0x00, 0x00, 0x00, 0x00, 0x00,
  0x00, 0x00, 0x00, 0x00, 0x00, 0x00, 0x00, 0x00, 0x00, 0x00, 0x00, 0x00,
  0x00, 0x00, 0x00, 0x00, 0x00, 0x00, 0x00, 0x00, 0x00, 0x00, 0x00, 0x00,
  0x00, 0x00, 0x00, 0x00, 0x00, 0x00, 0x00, 0x00, 0x00, 0x00, 0x00, 0x00,
  0x00, 0x00, 0x00, 0x00, 0x00, 0x00, 0x00, 0x00, 0x00, 0x00, 0x00, 0x00,
  0x00, 0x00, 0x00, 0x00, 0x00, 0x00, 0x00, 0x00, 0x00, 0x00, 0x00, 0x00,
  0x00, 0x00, 0x00, 0x00, 0x00, 0x00, 0x00, 0x00, 0x00, 0x00, 0x00, 0x00,
  0x00, 0x00, 0x00, 0x00, 0x00, 0x00, 0x00, 0x00, 0x00, 0x00, 0x00, 0x00,
  0x00, 0x00, 0x00, 0x00, 0x00, 0x00, 0x00, 0x00, 0x00, 0x00, 0x00, 0x00,
  0x00, 0x00, 0x00, 0x00, 0x00, 0x00, 0x00, 0x00, 0x00, 0x00, 0x00, 0x00,
  0x00, 0x00, 0x00, 0x00, 0x00, 0x00, 0x00, 0x00, 0x00, 0x00, 0x00, 0x00,
  0x00, 0x00, 0x00, 0x00, 0x00, 0x00, 0x00, 0x00, 0x00, 0x00, 0x00, 0x00,
  0x00, 0x00, 0x00, 0x00, 0x00, 0x00, 0x00, 0x00, 0x00, 0x00, 0x00, 0x00,
  0x00, 0x00, 0x00, 0x00, 0x00, 0x00, 0x00, 0x00, 0x00, 0x00, 0x00, 0x00,
  0x00, 0x00, 0x00, 0x00, 0x00, 0x00, 0x00, 0x00, 0x00, 0x00, 0x00, 0x00,
  0x00, 0x00, 0x00, 0x00, 0x00, 0x00, 0x00, 0x00, 0x00, 0x00, 0x00, 0x00,
  0x00, 0x00, 0x00, 0x00, 0x00, 0x00, 0x00, 0x00, 0x00, 0x00, 0x00, 0x00,
  0x00, 0x00, 0x00, 0x00, 0x00, 0x00, 0x00, 0x00, 0x00, 0x00, 0x00, 0x00,
  0x00, 0x00, 0x00, 0x00, 0x00, 0x00, 0x00, 0x00, 0x00, 0x00, 0x00, 0x00,
  0x00, 0x00, 0x00, 0x00, 0x00, 0x00, 0x00, 0x00, 0x00, 0x00, 0x00, 0x00,
  0x00, 0x00, 0x00, 0x00, 0x00, 0x00, 0x00, 0x00, 0x00, 0x00, 0x00, 0x00,
  0x00, 0x00, 0x00, 0x00, 0x00, 0x00, 0x00, 0x00, 0x00, 0x00, 0x00, 0x00,
  0x00, 0x00, 0x00, 0x00, 0x00, 0x00, 0x00, 0x00, 0x00, 0x00, 0x00, 0x00,
  0x00, 0x00, 0x00, 0x00, 0x00, 0x00, 0x00, 0x00, 0x00, 0x00, 0x00, 0x00,
  0x00, 0x00, 0x00, 0x00, 0x00, 0x00, 0x00, 0x00, 0x00, 0x00, 0x00, 0x00,
  0x00, 0x00, 0x00, 0x00, 0x00, 0x00, 0x00, 0x00, 0x00, 0x00, 0x00, 0x00,
  0x00, 0x00, 0x00, 0x00, 0x00, 0x00, 0x00, 0x00, 0x00, 0x00, 0x00, 0x00,
  0x00, 0x00, 0x00, 0x00, 0x00, 0x00, 0x00, 0x00, 0x00, 0x00, 0x00, 0x00,
  0x00, 0x00, 0x00, 0x00, 0x00, 0x00, 0x00, 0x00, 0x00, 0x00, 0x00, 0x00,
  0x00, 0x00, 0x00, 0x00, 0x00, 0x00, 0x00, 0x00, 0x00, 0x00, 0x00, 0x00,
  0x00, 0x00, 0x00, 0x00, 0x00, 0x00, 0x00, 0x00, 0x00, 0x00, 0x00, 0x00,
  0x00, 0x00, 0x00, 0x00, 0x00, 0x00, 0x00, 0x00, 0x00, 0x00, 0x00, 0x00,
  0x00, 0x00, 0x00, 0x00, 0x00, 0x00, 0x00, 0x00, 0x00, 0x00, 0x00, 0x00,
  0x00, 0x00, 0x00, 0x00, 0x00, 0x00, 0x00, 0x00, 0x00, 0x00, 0x00, 0x00,
  0x00, 0x00, 0x00, 0x00, 0x00, 0x00, 0x00, 0x00, 0x00, 0x00, 0x00, 0x00,
  0x00, 0x00, 0x00, 0x00, 0x00, 0x00, 0x00, 0x00, 0x00, 0x00, 0x00, 0x00,
  0x00, 0x00, 0x00, 0x00, 0x00, 0x00, 0x00, 0x00, 0x00, 0x00, 0x00, 0x00,
  0x00, 0x00, 0x00, 0x00, 0x00, 0x00, 0x00, 0x00, 0x00, 0x00, 0x00, 0x00,
  0x00, 0x00, 0x00, 0x00, 0x00, 0x00, 0x00, 0x00, 0x00, 0x00, 0x00, 0x00,
  0x00, 0x00, 0x00, 0x00, 0x00, 0x00, 0x00, 0x00, 0x00, 0x00, 0x00, 0x00,
  0x00, 0x00, 0x00, 0x00, 0x00, 0x00, 0x00, 0x00, 0x00, 0x00, 0x00, 0x00,
  0x00, 0x00, 0x00, 0x00, 0x00, 0x00, 0x00, 0x00, 0x00, 0x00, 0x00, 0x00,
  0x00, 0x00, 0x00, 0x00, 0x00, 0x00, 0x00, 0x00, 0x00, 0x00, 0x00, 0x00,
  0x00, 0x00, 0x00, 0x00, 0x00, 0x00, 0x00, 0x00, 0x00, 0x00, 0x00, 0x00,
  0x00, 0x00, 0x00, 0x00, 0x00, 0x00, 0x00, 0x00, 0x00, 0x00, 0x00, 0x00,
  0x00, 0x00, 0x00, 0x00, 0x00, 0x00, 0x00, 0x00, 0x00, 0x00, 0x00, 0x00,
  0x00, 0x00, 0x00, 0x00, 0x00, 0x00, 0x00, 0x00, 0x00, 0x00, 0x00, 0x00,
  0x00, 0x00, 0x00, 0x00, 0x00, 0x00, 0x00, 0x00, 0x00, 0x00, 0x00, 0x00,
  0x00, 0x00, 0x00, 0x00, 0x00, 0x00, 0x00, 0x00, 0x00, 0x00, 0x00, 0x00,
  0x00, 0x00, 0x00, 0x00, 0x00, 0x00, 0x00, 0x00, 0x00, 0x00, 0x00, 0x00,
  0x00, 0x00, 0x00, 0x00, 0x00, 0x00, 0x00, 0x00, 0x00, 0x00, 0x00, 0x00,
  0x00, 0x00, 0x00, 0x00, 0x00, 0x00, 0x00, 0x00, 0x00, 0x00, 0x00, 0x00,
  0x00, 0x00, 0x00, 0x00, 0x00, 0x00, 0x00, 0x00, 0x00, 0x00, 0x00, 0x00,
  0x00, 0x00, 0x00, 0x00, 0x00, 0x00, 0x00, 0x00, 0x00, 0x00, 0x00, 0x00,
  0x00, 0x00, 0x00, 0x00, 0x00, 0x00, 0x00, 0x00, 0x00, 0x00, 0x00, 0x00,
  0x00, 0x00, 0x00, 0x00, 0x00, 0x00, 0x00, 0x00, 0x00, 0x00, 0x00, 0x00,
  0x00, 0x00, 0x00, 0x00, 0x00, 0x00, 0x00, 0x00, 0x00, 0x00, 0x00, 0x00,
  0x00, 0x00, 0x00, 0x00, 0x00, 0x00, 0x00, 0x00, 0x00, 0x00, 0x00, 0x00,
  0x00, 0x00, 0x00, 0x00, 0x00, 0x00, 0x00, 0x00, 0x00, 0x00, 0x00, 0x00,
  0x00, 0x00, 0x00, 0x00, 0x00, 0x00, 0x00, 0x00, 0x00, 0x00, 0x00, 0x00,
  0x00, 0x00, 0x00, 0x00, 0x00, 0x00, 0x00, 0x00, 0x00, 0x00, 0x00, 0x00,
  0x00, 0x00, 0x00, 0x00, 0x00, 0x00, 0x00, 0x00, 0x00, 0x00, 0x00, 0x00,
  0x00, 0x00, 0x00, 0x00, 0x00, 0x00, 0x00, 0x00, 0x00, 0x00, 0x00, 0x00,
  0x00, 0x00, 0x00, 0x00, 0x00, 0x00, 0x00, 0x00, 0x00, 0x00, 0x00, 0x00,
  0x00, 0x00, 0x00, 0x00, 0x00, 0x00, 0x00, 0x00, 0x00, 0x00, 0x00, 0x00,
  0x00, 0x00, 0x00, 0x00, 0x00, 0x00, 0x00, 0x00, 0x00, 0x00, 0x00, 0x00,
  0x00, 0x00, 0x00, 0x00, 0x00, 0x00, 0x00, 0x00, 0x00, 0x00, 0x00, 0x00,
  0x00, 0x00, 0x00, 0x00, 0x00, 0x00, 0x00, 0x00, 0x00, 0x00, 0x00, 0x00,
  0x00, 0x00, 0x00, 0x00, 0x00, 0x00, 0x00, 0x00, 0x00, 0x00, 0x00, 0x00,
  0x00, 0x00, 0x00, 0x00, 0x00, 0x00, 0x00, 0x00, 0x00, 0x00, 0x00, 0x00,
  0x00, 0x00, 0x00, 0x00, 0x00, 0x00, 0x00, 0x00, 0x00, 0x00, 0x00, 0x00,
  0x00, 0x00, 0x00, 0x00, 0x00, 0x00, 0x00, 0x00, 0x00, 0x00, 0x00, 0x00,
  0x00, 0x00, 0x00, 0x00, 0x00, 0x00, 0x00, 0x00, 0x00, 0x00, 0x00, 0x00,
  0x00, 0x00, 0x00, 0x00, 0x00, 0x00, 0x00, 0x00, 0x00, 0x00, 0x00, 0x00,
  0x00, 0x00, 0x00, 0x00, 0x00, 0x00, 0x00, 0x00, 0x00, 0x00, 0x00, 0x00,
  0x00, 0x00, 0x00, 0x00, 0x00, 0x00, 0x00, 0x00, 0x00, 0x00, 0x00, 0x00,
  0x00, 0x00, 0x00, 0x00, 0x00, 0x00, 0x00, 0x00, 0x00, 0x00, 0x00, 0x00,
  0x00, 0x00, 0x00, 0x00, 0x00, 0x00, 0x00, 0x00, 0x00, 0x00, 0x00, 0x00,
  0x00, 0x00, 0x00, 0x00, 0x00, 0x00, 0x00, 0x00, 0x00, 0x00, 0x00, 0x00,
  0x00, 0x00, 0x00, 0x00, 0x00, 0x00, 0x00, 0x00, 0x00, 0x00, 0x00, 0x00,
  0x00, 0x00, 0x00, 0x00, 0x00, 0x00, 0x00, 0x00, 0x00, 0x00, 0x00, 0x00,
  0x00, 0x00, 0x00, 0x00, 0x00, 0x00, 0x00, 0x00, 0x00, 0x00, 0x00, 0x00,
  0x00, 0x00, 0x00, 0x00, 0x00, 0x00, 0x00, 0x00, 0x00, 0x00, 0x00, 0x00,
  0x00, 0x00, 0x00, 0x00, 0x00, 0x00, 0x00, 0x00, 0x00, 0x00, 0x00, 0x00,
  0x00, 0x00, 0x00, 0x00, 0x00, 0x00, 0x00, 0x00, 0x00, 0x00, 0x00, 0x00,
  0x00, 0x00, 0x00, 0x00, 0x00, 0x00, 0x00, 0x00, 0x00, 0x00, 0x00, 0x00,
  0x00, 0x00, 0x00, 0x00, 0x00, 0x00, 0x00, 0x00, 0x00, 0x00, 0x00, 0x00,
  0x00, 0x00, 0x00, 0x00, 0x00, 0x00, 0x00, 0x00, 0x00, 0x00, 0x00, 0x00,
  0x00, 0x00, 0x00, 0x00, 0x00, 0x00, 0x00, 0x00, 0x00, 0x00, 0x00, 0x00,
  0x00, 0x00, 0x00, 0x00, 0x00, 0x00, 0x00, 0x00, 0x00, 0x00, 0x00, 0x00,
  0x00, 0x00, 0x00, 0x00, 0x00, 0x00, 0x00, 0x00, 0x00, 0x00, 0x00, 0x00,
  0x00, 0x00, 0x00, 0x00, 0x00, 0x00, 0x00, 0x00, 0x00, 0x00, 0x00, 0x00,
  0x00, 0x00, 0x00, 0x00, 0x00, 0x00, 0x00, 0x00, 0x00, 0x00, 0x00, 0x00,
  0x00, 0x00, 0x00, 0x00, 0x00, 0x00, 0x00, 0x00, 0x00, 0x00, 0x00, 0x00,
  0x00, 0x00, 0x00, 0x00, 0x00, 0x00, 0x00, 0x00, 0x00, 0x00, 0x00, 0x00,
  0x00, 0x00, 0x00, 0x00, 0x00, 0x00, 0x00, 0x00, 0x00, 0x00, 0x00, 0x00,
  0x00, 0x00, 0x00, 0x00, 0x00, 0x00, 0x00, 0x00, 0x00, 0x00, 0x00, 0x00,
  0x00, 0x00, 0x00, 0x00, 0x00, 0x00, 0x00, 0x00, 0x00, 0x00, 0x00, 0x00,
  0x00, 0x00, 0x00, 0x00, 0x00, 0x00, 0x00, 0x00, 0x00, 0x00, 0x00, 0x00,
  0x00, 0x00, 0x00, 0x00, 0x00, 0x00, 0x00, 0x00, 0x00, 0x00, 0x00, 0x00,
  0x00, 0x00, 0x00, 0x00, 0x00, 0x00, 0x00, 0x00, 0x00, 0x00, 0x00, 0x00,
  0x00, 0x00, 0x00, 0x00, 0x00, 0x00, 0x00, 0x00, 0x00, 0x00, 0x00, 0x00,
  0x00, 0x00, 0x00, 0x00, 0x00, 0x00, 0x00, 0x00, 0x00, 0x00, 0x00, 0x00,
  0x00, 0x00, 0x00, 0x00, 0x00, 0x00, 0x00, 0x00, 0x00, 0x00, 0x00, 0x00,
  0x00, 0x00, 0x00, 0x00, 0x00, 0x00, 0x00, 0x00, 0x00, 0x00, 0x00, 0x00,
  0x00, 0x00, 0x00, 0x00, 0x00, 0x00, 0x00, 0x00, 0x00, 0x00, 0x00, 0x00,
  0x00, 0x00, 0x00, 0x00, 0x00, 0x00, 0x00, 0x00, 0x00, 0x00, 0x00, 0x00,
  0x00, 0x00, 0x00, 0x00, 0x00, 0x00, 0x00, 0x00, 0x00, 0x00, 0x00, 0x00,
  0x00, 0x00, 0x00, 0x00, 0x00, 0x00, 0x00, 0x00, 0x00, 0x00, 0x00, 0x00,
  0x00, 0x00, 0x00, 0x00, 0x00, 0x00, 0x00, 0x00, 0x00, 0x00, 0x00, 0x00,
  0x00, 0x00, 0x00, 0x00, 0x00, 0x00, 0x00, 0x00, 0x00, 0x00, 0x00, 0x00,
  0x00, 0x00, 0x00, 0x00, 0x00, 0x00, 0x00, 0x00, 0x00, 0x00, 0x00, 0x00,
  0x00, 0x00, 0x00, 0x00, 0x00, 0x00, 0x00, 0x00, 0x00, 0x00, 0x00, 0x00,
  0x00, 0x00, 0x00, 0x00, 0x00, 0x00, 0x00, 0x00, 0x00, 0x00, 0x00, 0x00,
  0x00, 0x00, 0x00, 0x00, 0x00, 0x00, 0x00, 0x00, 0x00, 0x00, 0x00, 0x00,
  0x00, 0x00, 0x00, 0x00, 0x00, 0x00, 0x00, 0x00, 0x00, 0x00, 0x00, 0x00,
  0x00, 0x00, 0x00, 0x00, 0x00, 0x00, 0x00, 0x00, 0x00, 0x00, 0x00, 0x00,
  0x00, 0x00, 0x00, 0x00, 0x00, 0x00, 0x00, 0x00, 0x00, 0x00, 0x00, 0x00,
  0x00, 0x00, 0x00, 0x00, 0x00, 0x00, 0x00, 0x00, 0x00, 0x00, 0x00, 0x00,
  0x00, 0x00, 0x00, 0x00, 0x00, 0x00, 0x00, 0x00, 0x00, 0x00, 0x00, 0x00,
  0x00, 0x00, 0x00, 0x00, 0x00, 0x00, 0x00, 0x00, 0x00, 0x00, 0x00, 0x00,
  0x00, 0x00, 0x00, 0x00, 0x00, 0x00, 0x00, 0x00, 0x00, 0x00, 0x00, 0x00,
  0x00, 0x00, 0x00, 0x00, 0x00, 0x00, 0x00, 0x00, 0x00, 0x00, 0x00, 0x00,
  0x00, 0x00, 0x00, 0x00, 0x00, 0x00, 0x00, 0x00, 0x00, 0x00, 0x00, 0x00,
  0x00, 0x00, 0x00, 0x00, 0x00, 0x00, 0x00, 0x00, 0x00, 0x00, 0x00, 0x00,
  0x00, 0x00, 0x00, 0x00, 0x00, 0x00, 0x00, 0x00, 0x00, 0x00, 0x00, 0x00,
  0x00, 0x00, 0x00, 0x00, 0x00, 0x00, 0x00, 0x00, 0x00, 0x00, 0x00, 0x00,
  0x00, 0x00, 0x00, 0x00, 0x00, 0x00, 0x00, 0x00, 0x00, 0x00, 0x00, 0x00,
  0x00, 0x00, 0x00, 0x00, 0x00, 0x00, 0x00, 0x00, 0x00, 0x00, 0x00, 0x00,
  0x00, 0x00, 0x00, 0x00, 0x00, 0x00, 0x00, 0x00, 0x00, 0x00, 0x00, 0x00,
  0x00, 0x00, 0x00, 0x00, 0x00, 0x00, 0x00, 0x00, 0x00, 0x00, 0x00, 0x00,
  0x00, 0x00, 0x00, 0x00, 0x00, 0x00, 0x00, 0x00, 0x00, 0x00, 0x00, 0x00,
  0x00, 0x00, 0x00, 0x00, 0x00, 0x00, 0x00, 0x00, 0x00, 0x00, 0x00, 0x00,
  0x00, 0x00, 0x00, 0x00, 0x00, 0x00, 0x00, 0x00, 0x00, 0x00, 0x00, 0x00,
  0x00, 0x00, 0x00, 0x00, 0x00, 0x00, 0x00, 0x00, 0x00, 0x00, 0x00, 0x00,
  0x00, 0x00, 0x00, 0x00, 0x00, 0x00, 0x00, 0x00, 0x00, 0x00, 0x00, 0x00,
  0x00, 0x00, 0x00, 0x00, 0x00, 0x00, 0x00, 0x00, 0x00, 0x00, 0x00, 0x00,
  0x00, 0x00, 0x00, 0x00, 0x00, 0x00, 0x00, 0x00, 0x00, 0x00, 0x00, 0x00,
  0x00, 0x00, 0x00, 0x00, 0x00, 0x00, 0x00, 0x00, 0x00, 0x00, 0x00, 0x00,
  0x00, 0x00, 0x00, 0x00, 0x00, 0x00, 0x00, 0x00, 0x00, 0x00, 0x00, 0x00,
  0x00, 0x00, 0x00, 0x00, 0x00, 0x00, 0x00, 0x00, 0x00, 0x00, 0x00, 0x00,
  0x00, 0x00, 0x00, 0x00, 0x00, 0x00, 0x00, 0x00, 0x00, 0x00, 0x00, 0x00,
  0x00, 0x00, 0x00, 0x00, 0x00, 0x00, 0x00, 0x00, 0x00, 0x00, 0x00, 0x00,
  0x00, 0x00, 0x00, 0x00, 0x00, 0x00, 0x00, 0x00, 0x00, 0x00, 0x00, 0x00,
  0x00, 0x00, 0x00, 0x00, 0x00, 0x00, 0x00, 0x00, 0x00, 0x00, 0x00, 0x00,
  0x00, 0x00, 0x00, 0x00, 0x00, 0x00, 0x00, 0x00, 0x00, 0x00, 0x00, 0x00,
  0x00, 0x00, 0x00, 0x00, 0x00, 0x00, 0x00, 0x00, 0x00, 0x00, 0x00, 0x00,
  0x00, 0x00, 0x00, 0x00, 0x00, 0x00, 0x00, 0x00, 0x00, 0x00, 0x00, 0x00,
  0x00, 0x00, 0x00, 0x00, 0x00, 0x00, 0x00, 0x00, 0x00, 0x00, 0x00, 0x00,
  0x00, 0x00, 0x00, 0x00, 0x00, 0x00, 0x00, 0x00, 0x00, 0x00, 0x00, 0x00,
  0x00, 0x00, 0x00, 0x00, 0x00, 0x00, 0x00, 0x00, 0x00, 0x00, 0x00, 0x00,
  0x00, 0x00, 0x00, 0x00, 0x00, 0x00, 0x00, 0x00, 0x00, 0x00, 0x00, 0x00,
  0x00, 0x00, 0x00, 0x00, 0x00, 0x00, 0x00, 0x00, 0x00, 0x00, 0x00, 0x00,
  0x00, 0x00, 0x00, 0x00, 0x00, 0x00, 0x00, 0x00, 0x00, 0x00, 0x00, 0x00,
  0x00, 0x00, 0x00, 0x00, 0x00, 0x00, 0x00, 0x00, 0x00, 0x00, 0x00, 0x00,
  0x00, 0x00, 0x00, 0x00, 0x00, 0x00, 0x00, 0x00, 0x00, 0x00, 0x00, 0x00,
  0x00, 0x00, 0x00, 0x00, 0x00, 0x00, 0x00, 0x00, 0x00, 0x00, 0x00, 0x00,
  0x00, 0x00, 0x00, 0x00, 0x00, 0x00, 0x00, 0x00, 0x00, 0x00, 0x00, 0x00,
  0x00, 0x00, 0x00, 0x00, 0x00, 0x00, 0x00, 0x00, 0x00, 0x00, 0x00, 0x00,
  0x00, 0x00, 0x00, 0x00, 0x00, 0x00, 0x00, 0x00, 0x00, 0x00, 0x00, 0x00,
  0x00, 0x00, 0x00, 0x00, 0x00, 0x00, 0x00, 0x00, 0x00, 0x00, 0x00, 0x00,
  0x00, 0x00, 0x00, 0x00, 0x00, 0x00, 0x00, 0x00, 0x00, 0x00, 0x00, 0x00,
  0x00, 0x00, 0x00, 0x00, 0x00, 0x00, 0x00, 0x00, 0x00, 0x00, 0x00, 0x00,
  0x00, 0x00, 0x00, 0x00, 0x00, 0x00, 0x00, 0x00, 0x00, 0x00, 0x00, 0x00,
  0x00, 0x00, 0x00, 0x00, 0x00, 0x00, 0x00, 0x00, 0x00, 0x00, 0x00, 0x00,
  0x00, 0x00, 0x00, 0x00, 0x00, 0x00, 0x00, 0x00, 0x00, 0x00, 0x00, 0x00,
  0x00, 0x00, 0x00, 0x00, 0x00, 0x00, 0x00, 0x00, 0x00, 0x00, 0x00, 0x00,
  0x00, 0x00, 0x00, 0x00, 0x00, 0x00, 0x00, 0x00, 0x00, 0x00, 0x00, 0x00,
  0x00, 0x00, 0x00, 0x00, 0x00, 0x00, 0x00, 0x00, 0x00, 0x00, 0x00, 0x00,
  0x00, 0x00, 0x00, 0x00, 0x00, 0x00, 0x00, 0x00, 0x00, 0x00, 0x00, 0x00,
  0x00, 0x00, 0x00, 0x00, 0x00, 0x00, 0x00, 0x00, 0x00, 0x00, 0x00, 0x00,
  0x00, 0x00, 0x00, 0x00, 0x00, 0x00, 0x00, 0x00, 0x00, 0x00, 0x00, 0x00,
  0x00, 0x00, 0x00, 0x00, 0x00, 0x00, 0x00, 0x00, 0x00, 0x00, 0x00, 0x00,
  0x00, 0x00, 0x00, 0x00, 0x00, 0x00, 0x00, 0x00, 0x00, 0x00, 0x00, 0x00,
  0x00, 0x00, 0x00, 0x00, 0x00, 0x00, 0x00, 0x00, 0x00, 0x00, 0x00, 0x00,
  0x00, 0x00, 0x00, 0x00, 0x00, 0x00, 0x00, 0x00, 0x00, 0x00, 0x00, 0x00,
  0x00, 0x00, 0x00, 0x00, 0x00, 0x00, 0x00, 0x00, 0x00, 0x00, 0x00, 0x00,
  0x00, 0x00, 0x00, 0x00, 0x00, 0x00, 0x00, 0x00, 0x00, 0x00, 0x00, 0x00,
  0x00, 0x00, 0x00, 0x00, 0x00, 0x00, 0x00, 0x00, 0x00, 0x00, 0x00, 0x00,
  0x00, 0x00, 0x00, 0x00, 0x00, 0x00, 0x00, 0x00, 0x00, 0x00, 0x00, 0x00,
  0x00, 0x00, 0x00, 0x00, 0x00, 0x00, 0x00, 0x00, 0x00, 0x00, 0x00, 0x00,
  0x00, 0x00, 0x00, 0x00, 0x00, 0x00, 0x00, 0x00, 0x00, 0x00, 0x00, 0x00,
  0x00, 0x00, 0x00, 0x00, 0x00, 0x00, 0x00, 0x00, 0x00, 0x00, 0x00, 0x00,
  0x00, 0x00, 0x00, 0x00, 0x00, 0x00, 0x00, 0x00, 0x00, 0x00, 0x00, 0x00,
  0x00, 0x00, 0x00, 0x00, 0x00, 0x00, 0x00, 0x00, 0x00, 0x00, 0x00, 0x00,
  0x00, 0x00, 0x00, 0x00, 0x00, 0x00, 0x00, 0x00, 0x00, 0x00, 0x00, 0x00,
  0x00, 0x00, 0x00, 0x00, 0x00, 0x00, 0x00, 0x00, 0x00, 0x00, 0x00, 0x00,
  0x00, 0x00, 0x00, 0x00, 0x00, 0x00, 0x00, 0x00, 0x00, 0x00, 0x00, 0x00,
  0x00, 0x00, 0x00, 0x00, 0x00, 0x00, 0x00, 0x00, 0x00, 0x00, 0x00, 0x00,
  0x00, 0x00, 0x00, 0x00, 0x00, 0x00, 0x00, 0x00, 0x00, 0x00, 0x00, 0x00,
  0x00, 0x00, 0x00, 0x00, 0x00, 0x00, 0x00, 0x00, 0x00, 0x00, 0x00, 0x00,
  0x00, 0x00, 0x00, 0x00, 0x00, 0x00, 0x00, 0x00, 0x00, 0x00, 0x00, 0x00,
  0x00, 0x00, 0x00, 0x00, 0x00, 0x00, 0x00, 0x00, 0x00, 0x00, 0x00, 0x00,
  0x00, 0x00, 0x00, 0x00, 0x00, 0x00, 0x00, 0x00, 0x00, 0x00, 0x00, 0x00,
  0x00, 0x00, 0x00, 0x00, 0x00, 0x00, 0x00, 0x00, 0x00, 0x00, 0x00, 0x00,
  0x00, 0x00, 0x00, 0x00, 0x00, 0x00, 0x00, 0x00, 0x00, 0x00, 0x00, 0x00,
  0x00, 0x00, 0x00, 0x00, 0x00, 0x00, 0x00, 0x00, 0x00, 0x00, 0x00, 0x00,
  0x00, 0x00, 0x00, 0x00, 0x00, 0x00, 0x00, 0x00, 0x00, 0x00, 0x00, 0x00,
  0x00, 0x00, 0x00, 0x00, 0x00, 0x00, 0x00, 0x00, 0x00, 0x00, 0x00, 0x00,
  0x00, 0x00, 0x00, 0x00, 0x00, 0x00, 0x00, 0x00, 0x00, 0x00, 0x00, 0x00,
  0x00, 0x00, 0x00, 0x00, 0x00, 0x00, 0x00, 0x00, 0x00, 0x00, 0x00, 0x00,
  0x00, 0x00, 0x00, 0x00, 0x00, 0x00, 0x00, 0x00, 0x00, 0x00, 0x00, 0x00,
  0x00, 0x00, 0x00, 0x00, 0x00, 0x00, 0x00, 0x00, 0x00, 0x00, 0x00, 0x00,
  0x00, 0x00, 0x00, 0x00, 0x00, 0x00, 0x00, 0x00, 0x00, 0x00, 0x00, 0x00,
  0x00, 0x00, 0x00, 0x00, 0x00, 0x00, 0x00, 0x00, 0x00, 0x00, 0x00, 0x00,
  0x00, 0x00, 0x00, 0x00, 0x00, 0x00, 0x00, 0x00, 0x00, 0x00, 0x00, 0x00,
  0x00, 0x00, 0x00, 0x00, 0x00, 0x00, 0x00, 0x00, 0x00, 0x00, 0x00, 0x00,
  0x00, 0x00, 0x00, 0x00, 0x00, 0x00, 0x00, 0x00, 0x00, 0x00, 0x00, 0x00,
  0x00, 0x00, 0x00, 0x00, 0x00, 0x00, 0x00, 0x00, 0x00, 0x00, 0x00, 0x00,
  0x00, 0x00, 0x00, 0x00, 0x00, 0x00, 0x00, 0x00, 0x00, 0x00, 0x00, 0x00,
  0x00, 0x00, 0x00, 0x00, 0x00, 0x00, 0x00, 0x00, 0x00, 0x00, 0x00, 0x00,
  0x00, 0x00, 0x00, 0x00, 0x00, 0x00, 0x00, 0x00, 0x00, 0x00, 0x00, 0x00,
  0x00, 0x00, 0x00, 0x00, 0x00, 0x00, 0x00, 0x00, 0x00, 0x00, 0x00, 0x00,
  0x00, 0x00, 0x00, 0x00, 0x00, 0x00, 0x00, 0x00, 0x00, 0x00, 0x00, 0x00,
  0x00, 0x00, 0x00, 0x00, 0x00, 0x00, 0x00, 0x00, 0x00, 0x00, 0x00, 0x00,
  0x00, 0x00, 0x00, 0x00, 0x00, 0x00, 0x00, 0x00, 0x00, 0x00, 0x00, 0x00,
  0x00, 0x00, 0x00, 0x00, 0x00, 0x00, 0x00, 0x00, 0x00, 0x00, 0x00, 0x00,
  0x00, 0x00, 0x00, 0x00, 0x00, 0x00, 0x00, 0x00, 0x00, 0x00, 0x00, 0x00,
  0x00, 0x00, 0x00, 0x00, 0x00, 0x00, 0x00, 0x00, 0x00, 0x00, 0x00, 0x00,
  0x00, 0x00, 0x00, 0x00, 0x00, 0x00, 0x00, 0x00, 0x00, 0x00, 0x00, 0x00,
  0x00, 0x00, 0x00, 0x00, 0x00, 0x00, 0x00, 0x00, 0x00, 0x00, 0x00, 0x00,
  0x00, 0x00, 0x00, 0x00, 0x00, 0x00, 0x00, 0x00, 0x00, 0x00, 0x00, 0x00,
  0x00, 0x00, 0x00, 0x00, 0x00, 0x00, 0x00, 0x00, 0x00, 0x00, 0x00, 0x00,
  0x00, 0x00, 0x00, 0x00, 0x00, 0x00, 0x00, 0x00, 0x00, 0x00, 0x00, 0x00,
  0x00, 0x00, 0x00, 0x00, 0x00, 0x00, 0x00, 0x00, 0x00, 0x00, 0x00, 0x00,
  0x00, 0x00, 0x00, 0x00, 0x00, 0x00, 0x00, 0x00, 0x00, 0x00, 0x00, 0x00,
  0x00, 0x00, 0x00, 0x00, 0x00, 0x00, 0x00, 0x00, 0x00, 0x00, 0x00, 0x00,
  0x00, 0x00, 0x00, 0x00, 0x00, 0x00, 0x00, 0x00, 0x00, 0x00, 0x00, 0x00,
  0x00, 0x00, 0x00, 0x00, 0x00, 0x00, 0x00, 0x00, 0x00, 0x00, 0x00, 0x00,
  0x00, 0x00, 0x00, 0x00, 0x00, 0x00, 0x00, 0x00, 0x00, 0x00, 0x00, 0x00,
  0x00, 0x00, 0x00, 0x00, 0x00, 0x00, 0x00, 0x00, 0x00, 0x00, 0x00, 0x00,
  0x00, 0x00, 0x00, 0x00, 0x00, 0x00, 0x00, 0x00, 0x00, 0x00, 0x00, 0x00,
  0x00, 0x00, 0x00, 0x00, 0x00, 0x00, 0x00, 0x00, 0x00, 0x00, 0x00, 0x00,
  0x00, 0x00, 0x00, 0x00, 0x00, 0x00, 0x00, 0x00, 0x00, 0x00, 0x00, 0x00,
  0x00, 0x00, 0x00, 0x00, 0x00, 0x00, 0x00, 0x00, 0x00, 0x00, 0x00, 0x00,
  0x00, 0x00, 0x00, 0x00, 0x00, 0x00, 0x00, 0x00, 0x00, 0x00, 0x00, 0x00,
  0x00, 0x00, 0x00, 0x00, 0x00, 0x00, 0x00, 0x00, 0x00, 0x00, 0x00, 0x00,
  0x00, 0x00, 0x00, 0x00, 0x00, 0x00, 0x00, 0x00, 0x00, 0x00, 0x00, 0x00,
  0x00, 0x00, 0x00, 0x00, 0x00, 0x00, 0x00, 0x00, 0x00, 0x00, 0x00, 0x00,
  0x00, 0x00, 0x00, 0x00, 0x00, 0x00, 0x00, 0x00, 0x00, 0x00, 0x00, 0x00,
  0x00, 0x00, 0x00, 0x00, 0x00, 0x00, 0x00, 0x00, 0x00, 0x00, 0x00, 0x00,
  0x00, 0x00, 0x00, 0x00, 0x00, 0x00, 0x00, 0x00, 0x00, 0x00, 0x00, 0x00,
  0x00, 0x00, 0x00, 0x00, 0x00, 0x00, 0x00, 0x00, 0x00, 0x00, 0x00, 0x00,
  0x00, 0x00, 0x00, 0x00, 0x00, 0x00, 0x00, 0x00, 0x00, 0x00, 0x00, 0x00,
  0x00, 0x00, 0x00, 0x00, 0x00, 0x00, 0x00, 0x00, 0x00, 0x00, 0x00, 0x00,
  0x00, 0x00, 0x00, 0x00, 0x00, 0x00, 0x00, 0x00, 0x00, 0x00, 0x00, 0x00,
  0x00, 0x00, 0x00, 0x00, 0x00, 0x00, 0x00, 0x00, 0x00, 0x00, 0x00, 0x00,
  0x00, 0x00, 0x00, 0x00, 0x00, 0x00, 0x00, 0x00, 0x00, 0x00, 0x00, 0x00,
  0x00, 0x00, 0x00, 0x00, 0x00, 0x00, 0x00, 0x00, 0x00, 0x00, 0x00, 0x00,
  0x00, 0x00, 0x00, 0x00, 0x00, 0x00, 0x00, 0x00, 0x00, 0x00, 0x00, 0x00,
  0x00, 0x00, 0x00, 0x00, 0x00, 0x00, 0x00, 0x00, 0x00, 0x00, 0x00, 0x00,
  0x00, 0x00, 0x00, 0x00, 0x00, 0x00, 0x00, 0x00, 0x00, 0x00, 0x00, 0x00,
  0x00, 0x00, 0x00, 0x00, 0x00, 0x00, 0x00, 0x00, 0x00, 0x00, 0x00, 0x00,
  0x00, 0x00, 0x00, 0x00, 0x00, 0x00, 0x00, 0x00, 0x00, 0x00, 0x00, 0x00,
  0x00, 0x00, 0x00, 0x00, 0x00, 0x00, 0x00, 0x00, 0x00, 0x00, 0x00, 0x00,
  0x00, 0x00, 0x00, 0x00, 0x00, 0x00, 0x00, 0x00, 0x00, 0x00, 0x00, 0x00,
  0x00, 0x00, 0x00, 0x00, 0x00, 0x00, 0x00, 0x00, 0x00, 0x00, 0x00, 0x00,
  0x00, 0x00, 0x00, 0x00, 0x00, 0x00, 0x00, 0x00, 0x00, 0x00, 0x00, 0x00,
  0x00, 0x00, 0x00, 0x00, 0x00, 0x00, 0x00, 0x00, 0x00, 0x00, 0x00, 0x00,
  0x00, 0x00, 0x00, 0x00, 0x00, 0x00, 0x00, 0x00, 0x00, 0x00, 0x00, 0x00,
  0x00, 0x00, 0x00, 0x00, 0x00, 0x00, 0x00, 0x00, 0x00, 0x00, 0x00, 0x00,
  0x00, 0x00, 0x00, 0x00, 0x00, 0x00, 0x00, 0x00, 0x00, 0x00, 0x00, 0x00,
  0x00, 0x00, 0x00, 0x00, 0x00, 0x00, 0x00, 0x00, 0x00, 0x00, 0x00, 0x00,
  0x00, 0x00, 0x00, 0x00, 0x00, 0x00, 0x00, 0x00, 0x00, 0x00, 0x00, 0x00,
  0x00, 0x00, 0x00, 0x00, 0x00, 0x00, 0x00, 0x00, 0x00, 0x00, 0x00, 0x00,
  0x00, 0x00, 0x00, 0x00, 0x00, 0x00, 0x00, 0x00, 0x00, 0x00, 0x00, 0x00,
  0x00, 0x00, 0x00, 0x00, 0x00, 0x00, 0x00, 0x00, 0x00, 0x00, 0x00, 0x00,
  0x00, 0x00, 0x00, 0x00, 0x00, 0x00, 0x00, 0x00, 0x00, 0x00, 0x00, 0x00,
  0x00, 0x00, 0x00, 0x00, 0x00, 0x00, 0x00, 0x00, 0x00, 0x00, 0x00, 0x00,
  0x00, 0x00, 0x00, 0x00, 0x00, 0x00, 0x00, 0x00, 0x00, 0x00, 0x00, 0x00,
  0x00, 0x00, 0x00, 0x00, 0x00, 0x00, 0x00, 0x00, 0x00, 0x00, 0x00, 0x00,
  0x00, 0x00, 0x00, 0x00, 0x00, 0x00, 0x00, 0x00, 0x00, 0x00, 0x00, 0x00,
  0x00, 0x00, 0x00, 0x00, 0x00, 0x00, 0x00, 0x00, 0x00, 0x00, 0x00, 0x00,
  0x00, 0x00, 0x00, 0x00, 0x00, 0x00, 0x00, 0x00, 0x00, 0x00, 0x00, 0x00,
  0x00, 0x00, 0x00, 0x00, 0x00, 0x00, 0x00, 0x00, 0x00, 0x00, 0x00, 0x00,
  0x00, 0x00, 0x00, 0x00, 0x00, 0x00, 0x00, 0x00, 0x00, 0x00, 0x00, 0x00,
  0x00, 0x00, 0x00, 0x00, 0x00, 0x00, 0x00, 0x00, 0x00, 0x00, 0x00, 0x00,
  0x00, 0x00, 0x00, 0x00, 0x00, 0x00, 0x00, 0x00, 0x00, 0x00, 0x00, 0x00,
  0x00, 0x00, 0x00, 0x00, 0x00, 0x00, 0x00, 0x00, 0x00, 0x00, 0x00, 0x00,
  0x00, 0x00, 0x00, 0x00, 0x00, 0x00, 0x00, 0x00, 0x00, 0x00, 0x00, 0x00,
  0x00, 0x00, 0x00, 0x00, 0x00, 0x00, 0x00, 0x00, 0x00, 0x00, 0x00, 0x00,
  0x00, 0x00, 0x00, 0x00, 0x00, 0x00, 0x00, 0x00, 0x00, 0x00, 0x00, 0x00,
  0x00, 0x00, 0x00, 0x00, 0x00, 0x00, 0x00, 0x00, 0x00, 0x00, 0x00, 0x00,
  0x00, 0x00, 0x00, 0x00, 0x00, 0x00, 0x00, 0x00, 0x00, 0x00, 0x00, 0x00,
  0x00, 0x00, 0x00, 0x00, 0x00, 0x00, 0x00, 0x00, 0x00, 0x00, 0x00, 0x00,
  0x00, 0x00, 0x00, 0x00, 0x00, 0x00, 0x00, 0x00, 0x00, 0x00, 0x00, 0x00,
  0x00, 0x00, 0x00, 0x00, 0x00, 0x00, 0x00, 0x00, 0x00, 0x00, 0x00, 0x00,
  0x00, 0x00, 0x00, 0x00, 0x00, 0x00, 0x00, 0x00, 0x00, 0x00, 0x00, 0x00,
  0x00, 0x00, 0x00, 0x00, 0x00, 0x00, 0x00, 0x00, 0x00, 0x00, 0x00, 0x00,
  0x00, 0x00, 0x00, 0x00, 0x00, 0x00, 0x00, 0x00, 0x00, 0x00, 0x00, 0x00,
  0x00, 0x00, 0x00, 0x00, 0x00, 0x00, 0x00, 0x00, 0x00, 0x00, 0x00, 0x00,
  0x00, 0x00, 0x00, 0x00, 0x00, 0x00, 0x00, 0x00, 0x00, 0x00, 0x00, 0x00,
  0x00, 0x00, 0x00, 0x00, 0x00, 0x00, 0x00, 0x00, 0x00, 0x00, 0x00, 0x00,
  0x00, 0x00, 0x00, 0x00, 0x00, 0x00, 0x00, 0x00, 0x00, 0x00, 0x00, 0x00,
  0x00, 0x00, 0x00, 0x00, 0x00, 0x00, 0x00, 0x00, 0x00, 0x00, 0x00, 0x00,
  0x00, 0x00, 0x00, 0x00, 0x00, 0x00, 0x00, 0x00, 0x00, 0x00, 0x00, 0x00,
  0x00, 0x00, 0x00, 0x00, 0x00, 0x00, 0x00, 0x00, 0x00, 0x00, 0x00, 0x00,
  0x00, 0x00, 0x00, 0x00, 0x00, 0x00, 0x00, 0x00, 0x00, 0x00, 0x00, 0x00,
  0x00, 0x00, 0x00, 0x00, 0x00, 0x00, 0x00, 0x00, 0x00, 0x00, 0x00, 0x00,
  0x00, 0x00, 0x00, 0x00, 0x00, 0x00, 0x00, 0x00, 0x00, 0x00, 0x00, 0x00,
  0x00, 0x00, 0x00, 0x00, 0x00, 0x00, 0x00, 0x00, 0x00, 0x00, 0x00, 0x00,
  0x00, 0x00, 0x00, 0x00, 0x00, 0x00, 0x00, 0x00, 0x00, 0x00, 0x00, 0x00,
  0x00, 0x00, 0x00, 0x00, 0x00, 0x00, 0x00, 0x00, 0x00, 0x00, 0x00, 0x00,
  0x00, 0x00, 0x00, 0x00, 0x00, 0x00, 0x00, 0x00, 0x00, 0x00, 0x00, 0x00,
  0x00, 0x00, 0x00, 0x00, 0x00, 0x00, 0x00, 0x00, 0x00, 0x00, 0x00, 0x00,
  0x00, 0x00, 0x00, 0x00, 0x00, 0x00, 0x00, 0x00, 0x00, 0x00, 0x00, 0x00,
  0x00, 0x00, 0x00, 0x00, 0x00, 0x00, 0x00, 0x00, 0x00, 0x00, 0x00, 0x00,
  0x00, 0x00, 0x00, 0x00, 0x00, 0x00, 0x00, 0x00, 0x00, 0x00, 0x00, 0x00,
  0x00, 0x00, 0x00, 0x00, 0x00, 0x00, 0x00, 0x00, 0x00, 0x00, 0x00, 0x00,
  0x00, 0x00, 0x00, 0x00, 0x00, 0x00, 0x00, 0x00, 0x00, 0x00, 0x00, 0x00,
  0x00, 0x00, 0x00, 0x00, 0x00, 0x00, 0x00, 0x00, 0x00, 0x00, 0x00, 0x00,
  0x00, 0x00, 0x00, 0x00, 0x00, 0x00, 0x00, 0x00, 0x00, 0x00, 0x00, 0x00,
  0x00, 0x00, 0x00, 0x00, 0x00, 0x00, 0x00, 0x00, 0x00, 0x00, 0x00, 0x00,
  0x00, 0x00, 0x00, 0x00, 0x00, 0x00, 0x00, 0x00, 0x00, 0x00, 0x00, 0x00,
  0x00, 0x00, 0x00, 0x00, 0x00, 0x00, 0x00, 0x00, 0x00, 0x00, 0x00, 0x00,
  0x00, 0x00, 0x00, 0x00, 0x00, 0x00, 0x00, 0x00, 0x00, 0x00, 0x00, 0x00,
  0x00, 0x00, 0x00, 0x00, 0x00, 0x00, 0x00, 0x00, 0x00, 0x00, 0x00, 0x00,
  0x00, 0x00, 0x00, 0x00, 0x00, 0x00, 0x00, 0x00, 0x00, 0x00, 0x00, 0x00,
  0x00, 0x00, 0x00, 0x00, 0x00, 0x00, 0x00, 0x00, 0x00, 0x00, 0x00, 0x00,
  0x00, 0x00, 0x00, 0x00, 0x00, 0x00, 0x00, 0x00, 0x00, 0x00, 0x00, 0x00,
  0x00, 0x00, 0x00, 0x00, 0x00, 0x00, 0x00, 0x00, 0x00, 0x00, 0x00, 0x00,
  0x00, 0x00, 0x00, 0x00, 0x00, 0x00, 0x00, 0x00, 0x00, 0x00, 0x00, 0x00,
  0x00, 0x00, 0x00, 0x00, 0x00, 0x00, 0x00, 0x00, 0x00, 0x00, 0x00, 0x00,
  0x00, 0x00, 0x00, 0x00, 0x00, 0x00, 0x00, 0x00, 0x00, 0x00, 0x00, 0x00,
  0x00, 0x00, 0x00, 0x00, 0x00, 0x00, 0x00, 0x00, 0x00, 0x00, 0x00, 0x00,
  0x00, 0x00, 0x00, 0x00, 0x00, 0x00, 0x00, 0x00, 0x00, 0x00, 0x00, 0x00,
  0x00, 0x00, 0x00, 0x00, 0x00, 0x00, 0x00, 0x00, 0x00, 0x00, 0x00, 0x00,
  0x00, 0x00, 0x00, 0x00, 0x00, 0x00, 0x00, 0x00, 0x00, 0x00, 0x00, 0x00,
  0x00, 0x00, 0x00, 0x00, 0x00, 0x00, 0x00, 0x00, 0x00, 0x00, 0x00, 0x00,
  0x00, 0x00, 0x00, 0x00, 0x00, 0x00, 0x00, 0x00, 0x00, 0x00, 0x00, 0x00,
  0x00, 0x00, 0x00, 0x00, 0x00, 0x00, 0x00, 0x00, 0x00, 0x00, 0x00, 0x00,
  0x00, 0x00, 0x00, 0x00, 0x00, 0x00, 0x00, 0x00, 0x00, 0x00, 0x00, 0x00,
  0x00, 0x00, 0x00, 0x00, 0x00, 0x00, 0x00, 0x00, 0x00, 0x00, 0x00, 0x00,
  0x00, 0x00, 0x00, 0x00, 0x00, 0x00, 0x00, 0x00, 0x00, 0x00, 0x00, 0x00,
  0x00, 0x00, 0x00, 0x00, 0x00, 0x00, 0x00, 0x00, 0x00, 0x00, 0x00, 0x00,
  0x00, 0x00, 0x00, 0x00, 0x00, 0x00, 0x00, 0x00, 0x00, 0x00, 0x00, 0x00,
  0x00, 0x00, 0x00, 0x00, 0x00, 0x00, 0x00, 0x00, 0x00, 0x00, 0x00, 0x00,
  0x00, 0x00, 0x00, 0x00, 0x00, 0x00, 0x00, 0x00, 0x00, 0x00, 0x00, 0x00,
  0x00, 0x00, 0x00, 0x00, 0x00, 0x00, 0x00, 0x00, 0x00, 0x00, 0x00, 0x00,
  0x00, 0x00, 0x00, 0x00, 0x00, 0x00, 0x00, 0x00, 0x00, 0x00, 0x00, 0x00,
  0x00, 0x00, 0x00, 0x00, 0x00, 0x00, 0x00, 0x00, 0x00, 0x00, 0x00, 0x00,
  0x00, 0x00, 0x00, 0x00, 0x00, 0x00, 0x00, 0x00, 0x00, 0x00, 0x00, 0x00,
  0x00, 0x00, 0x00, 0x00, 0x00, 0x00, 0x00, 0x00, 0x00, 0x00, 0x00, 0x00,
  0x00, 0x00, 0x00, 0x00, 0x00, 0x00, 0x00, 0x00, 0x00, 0x00, 0x00, 0x00,
  0x00, 0x00, 0x00, 0x00, 0x00, 0x00, 0x00, 0x00, 0x00, 0x00, 0x00, 0x00,
  0x00, 0x00, 0x00, 0x00, 0x00, 0x00, 0x00, 0x00, 0x00, 0x00, 0x00, 0x00,
  0x00, 0x00, 0x00, 0x00, 0x00, 0x00, 0x00, 0x00, 0x00, 0x00, 0x00, 0x00,
  0x00, 0x00, 0x00, 0x00, 0x00, 0x00, 0x00, 0x00, 0x00, 0x00, 0x00, 0x00,
  0x00, 0x00, 0x00, 0x00, 0x00, 0x00, 0x00, 0x00, 0x00, 0x00, 0x00, 0x00,
  0x00, 0x00, 0x00, 0x00, 0x00, 0x00, 0x00, 0x00, 0x00, 0x00, 0x00, 0x00,
  0x00, 0x00, 0x00, 0x00, 0x00, 0x00, 0x00, 0x00, 0x00, 0x00, 0x00, 0x00,
  0x00, 0x00, 0x00, 0x00, 0x00, 0x00, 0x00, 0x00, 0x00, 0x00, 0x00, 0x00,
  0x00, 0x00, 0x00, 0x00, 0x00, 0x00, 0x00, 0x00, 0x00, 0x00, 0x00, 0x00,
  0x00, 0x00, 0x00, 0x00, 0x00, 0x00, 0x00, 0x00, 0x00, 0x00, 0x00, 0x00,
  0x00, 0x00, 0x00, 0x00, 0x00, 0x00, 0x00, 0x00, 0x00, 0x00, 0x00, 0x00,
  0x00, 0x00, 0x00, 0x00, 0x00, 0x00, 0x00, 0x00, 0x00, 0x00, 0x00, 0x00,
  0x00, 0x00, 0x00, 0x00, 0x00, 0x00, 0x00, 0x00, 0x00, 0x00, 0x00, 0x00,
  0x00, 0x00, 0x00, 0x00, 0x00, 0x00, 0x00, 0x00, 0x00, 0x00, 0x00, 0x00,
  0x00, 0x00, 0x00, 0x00, 0x00, 0x00, 0x00, 0x00, 0x00, 0x00, 0x00, 0x00,
  0x00, 0x00, 0x00, 0x00, 0x00, 0x00, 0x00, 0x00, 0x00, 0x00, 0x00, 0x00,
  0x00, 0x00, 0x00, 0x00, 0x00, 0x00, 0x00, 0x00, 0x00, 0x00, 0x00, 0x00,
  0x00, 0x00, 0x00, 0x00, 0x00, 0x00, 0x00, 0x00, 0x00, 0x00, 0x00, 0x00,
  0x00, 0x00, 0x00, 0x00, 0x00, 0x00, 0x00, 0x00, 0x00, 0x00, 0x00, 0x00,
  0x00, 0x00, 0x00, 0x00, 0x00, 0x00, 0x00, 0x00, 0x00, 0x00, 0x00, 0x00,
  0x00, 0x00, 0x00, 0x00, 0x00, 0x00, 0x00, 0x00, 0x00, 0x00, 0x00, 0x00,
  0x00, 0x00, 0x00, 0x00, 0x00, 0x00, 0x00, 0x00, 0x00, 0x00, 0x00, 0x00,
  0x00, 0x00, 0x00, 0x00, 0x00, 0x00, 0x00, 0x00, 0x00, 0x00, 0x00, 0x00,
  0x00, 0x00, 0x00, 0x00, 0x00, 0x00, 0x00, 0x00, 0x00, 0x00, 0x00, 0x00,
  0x00, 0x00, 0x00, 0x00, 0x00, 0x00, 0x00, 0x00, 0x00, 0x00, 0x00, 0x00,
  0x00, 0x00, 0x00, 0x00, 0x00, 0x00, 0x00, 0x00, 0x00, 0x00, 0x00, 0x00,
  0x00, 0x00, 0x00, 0x00, 0x00, 0x00, 0x00, 0x00, 0x00, 0x00, 0x00, 0x00,
  0x00, 0x00, 0x00, 0x00, 0x00, 0x00, 0x00, 0x00, 0x00, 0x00, 0x00, 0x00,
  0x00, 0x00, 0x00, 0x00, 0x00, 0x00, 0x00, 0x00, 0x00, 0x00, 0x00, 0x00,
  0x00, 0x00, 0x00, 0x00, 0x00, 0x00, 0x00, 0x00, 0x00, 0x00, 0x00, 0x00,
  0x00, 0x00, 0x00, 0x00, 0x00, 0x00, 0x00, 0x00, 0x00, 0x00, 0x00, 0x00,
  0x00, 0x00, 0x00, 0x00, 0x00, 0x00, 0x00, 0x00, 0x00, 0x00, 0x00, 0x00,
  0x00, 0x00, 0x00, 0x00, 0x00, 0x00, 0x00, 0x00, 0x00, 0x00, 0x00, 0x00,
  0x00, 0x00, 0x00, 0x00, 0x00, 0x00, 0x00, 0x00, 0x00, 0x00, 0x00, 0x00,
  0x00, 0x00, 0x00, 0x00, 0x00, 0x00, 0x00, 0x00, 0x00, 0x00, 0x00, 0x00,
  0x00, 0x00, 0x00, 0x00, 0x00, 0x00, 0x00, 0x00, 0x00, 0x00, 0x00, 0x00,
  0x00, 0x00, 0x00, 0x00, 0x00, 0x00, 0x00, 0x00, 0x00, 0x00, 0x00, 0x00,
  0x00, 0x00, 0x00, 0x00, 0x00, 0x00, 0x00, 0x00, 0x00, 0x00, 0x00, 0x00,
  0x00, 0x00, 0x00, 0x00, 0x00, 0x00, 0x00, 0x00, 0x00, 0x00, 0x00, 0x00,
  0x00, 0x00, 0x00, 0x00, 0x00, 0x00, 0x00, 0x00, 0x00, 0x00, 0x00, 0x00,
  0x00, 0x00, 0x00, 0x00, 0x00, 0x00, 0x00, 0x00, 0x00, 0x00, 0x00, 0x00,
  0x00, 0x00, 0x00, 0x00, 0x00, 0x00, 0x00, 0x00, 0x00, 0x00, 0x00, 0x00,
  0x00, 0x00, 0x00, 0x00, 0x00, 0x00, 0x00, 0x00, 0x00, 0x00, 0x00, 0x00,
  0x00, 0x00, 0x00, 0x00, 0x00, 0x00, 0x00, 0x00, 0x00, 0x00, 0x00, 0x00,
  0x00, 0x00, 0x00, 0x00, 0x00, 0x00, 0x00, 0x00, 0x00, 0x00, 0x00, 0x00,
  0x00, 0x00, 0x00, 0x00, 0x00, 0x00, 0x00, 0x00, 0x00, 0x00, 0x00, 0x00,
  0x00, 0x00, 0x00, 0x00, 0x00, 0x00, 0x00, 0x00, 0x00, 0x00, 0x00, 0x00,
  0x00, 0x00, 0x00, 0x00, 0x00, 0x00, 0x00, 0x00, 0x00, 0x00, 0x00, 0x00,
  0x00, 0x00, 0x00, 0x00, 0x00, 0x00, 0x00, 0x00, 0x00, 0x00, 0x00, 0x00,
  0x00, 0x00, 0x00, 0x00, 0x00, 0x00, 0x00, 0x00, 0x00, 0x00, 0x00, 0x00,
  0x00, 0x00, 0x00, 0x00, 0x00, 0x00, 0x00, 0x00, 0x00, 0x00, 0x00, 0x00,
  0x00, 0x00, 0x00, 0x00, 0x00, 0x00, 0x00, 0x00, 0x00, 0x00, 0x00, 0x00,
  0x00, 0x00, 0x00, 0x00, 0x00, 0x00, 0x00, 0x00, 0x00, 0x00, 0x00, 0x00,
  0x00, 0x00, 0x00, 0x00, 0x00, 0x00, 0x00, 0x00, 0x00, 0x00, 0x00, 0x00,
  0x00, 0x00, 0x00, 0x00, 0x00, 0x00, 0x00, 0x00, 0x00, 0x00, 0x00, 0x00,
  0x00, 0x00, 0x00, 0x00, 0x00, 0x00, 0x00, 0x00, 0x00, 0x00, 0x00, 0x00,
  0x00, 0x00, 0x00, 0x00, 0x00, 0x00, 0x00, 0x00, 0x00, 0x00, 0x00, 0x00,
  0x00, 0x00, 0x00, 0x00, 0x00, 0x00, 0x00, 0x00, 0x00, 0x00, 0x00, 0x00,
  0x00, 0x00, 0x00, 0x00, 0x00, 0x00, 0x00, 0x00, 0x00, 0x00, 0x00, 0x00,
  0x00, 0x00, 0x00, 0x00, 0x00, 0x00, 0x00, 0x00, 0x00, 0x00, 0x00, 0x00,
  0x00, 0x00, 0x00, 0x00, 0x00, 0x00, 0x00, 0x00, 0x00, 0x00, 0x00, 0x00,
  0x00, 0x00, 0x00, 0x00, 0x00, 0x00, 0x00, 0x00, 0x00, 0x00, 0x00, 0x00,
  0x00, 0x00, 0x00, 0x00, 0x00, 0x00, 0x00, 0x00, 0x00, 0x00, 0x00, 0x00,
  0x00, 0x00, 0x00, 0x00, 0x00, 0x00, 0x00, 0x00, 0x00, 0x00, 0x00, 0x00,
  0x00, 0x00, 0x00, 0x00, 0x00, 0x00, 0x00, 0x00, 0x00, 0x00, 0x00, 0x00,
  0x00, 0x00, 0x00, 0x00, 0x00, 0x00, 0x00, 0x00, 0x00, 0x00, 0x00, 0x00,
  0x00, 0x00, 0x00, 0x00, 0x00, 0x00, 0x00, 0x00, 0x00, 0x00, 0x00, 0x00,
  0x00, 0x00, 0x00, 0x00, 0x00, 0x00, 0x00, 0x00, 0x00, 0x00, 0x00, 0x00,
  0x00, 0x00, 0x00, 0x00, 0x00, 0x00, 0x00, 0x00, 0x00, 0x00, 0x00, 0x00,
  0x00, 0x00, 0x00, 0x00, 0x00, 0x00, 0x00, 0x00, 0x00, 0x00, 0x00, 0x00,
  0x00, 0x00, 0x00, 0x00, 0x00, 0x00, 0x00, 0x00, 0x00, 0x00, 0x00, 0x00,
  0x00, 0x00, 0x00, 0x00, 0x00, 0x00, 0x00, 0x00, 0x00, 0x00, 0x00, 0x00,
  0x00, 0x00, 0x00, 0x00, 0x00, 0x00, 0x00, 0x00, 0x00, 0x00, 0x00, 0x00,
  0x00, 0x00, 0x00, 0x00, 0x00, 0x00, 0x00, 0x00, 0x00, 0x00, 0x00, 0x00,
  0x00, 0x00, 0x00, 0x00, 0x00, 0x00, 0x00, 0x00, 0x00, 0x00, 0x00, 0x00,
  0x00, 0x00, 0x00, 0x00, 0x00, 0x00, 0x00, 0x00, 0x00, 0x00, 0x00, 0x00,
  0x00, 0x00, 0x00, 0x00, 0x00, 0x00, 0x00, 0x00, 0x00, 0x00, 0x00, 0x00,
  0x00, 0x00, 0x00, 0x00, 0x00, 0x00, 0x00, 0x00, 0x00, 0x00, 0x00, 0x00,
  0x00, 0x00, 0x00, 0x00, 0x00, 0x00, 0x00, 0x00, 0x00, 0x00, 0x00, 0x00,
  0x00, 0x00, 0x00, 0x00, 0x00, 0x00, 0x00, 0x00, 0x00, 0x00, 0x00, 0x00,
  0x00, 0x00, 0x00, 0x00, 0x00, 0x00, 0x00, 0x00, 0x00, 0x00, 0x00, 0x00,
  0x00, 0x00, 0x00, 0x00, 0x00, 0x00, 0x00, 0x00, 0x00, 0x00, 0x00, 0x00,
  0x00, 0x00, 0x00, 0x00, 0x00, 0x00, 0x00, 0x00, 0x00, 0x00, 0x00, 0x00,
  0x00, 0x00, 0x00, 0x00, 0x00, 0x00, 0x00, 0x00, 0x00, 0x00, 0x00, 0x00,
  0x00, 0x00, 0x00, 0x00, 0x00, 0x00, 0x00, 0x00, 0x00, 0x00, 0x00, 0x00,
  0x00, 0x00, 0x00, 0x00, 0x00, 0x00, 0x00, 0x00, 0x00, 0x00, 0x00, 0x00,
  0x00, 0x00, 0x00, 0x00, 0x00, 0x00, 0x00, 0x00, 0x00, 0x00, 0x00, 0x00,
  0x00, 0x00, 0x00, 0x00, 0x00, 0x00, 0x00, 0x00, 0x00, 0x00, 0x00, 0x00,
  0x00, 0x00, 0x00, 0x00, 0x00, 0x00, 0x00, 0x00, 0x00, 0x00, 0x00, 0x00,
  0x00, 0x00, 0x00, 0x00, 0x00, 0x00, 0x00, 0x00, 0x00, 0x00, 0x00, 0x00,
  0x00, 0x00, 0x00, 0x00, 0x00, 0x00, 0x00, 0x00, 0x00, 0x00, 0x00, 0x00,
  0x00, 0x00, 0x00, 0x00, 0x00, 0x00, 0x00, 0x00, 0x00, 0x00, 0x00, 0x00,
  0x00, 0x00, 0x00, 0x00, 0x00, 0x00, 0x00, 0x00, 0x00, 0x00, 0x00, 0x00,
  0x00, 0x00, 0x00, 0x00, 0x00, 0x00, 0x00, 0x00, 0x00, 0x00, 0x00, 0x00,
  0x00, 0x00, 0x00, 0x00, 0x00, 0x00, 0x00, 0x00, 0x00, 0x00, 0x00, 0x00,
  0x00, 0x00, 0x00, 0x00, 0x00, 0x00, 0x00, 0x00, 0x00, 0x00, 0x00, 0x00,
  0x00, 0x00, 0x00, 0x00, 0x00, 0x00, 0x00, 0x00, 0x00, 0x00, 0x00, 0x00,
  0x00, 0x00, 0x00, 0x00, 0x00, 0x00, 0x00, 0x00, 0x00, 0x00, 0x00, 0x00,
  0x00, 0x00, 0x00, 0x00, 0x00, 0x00, 0x00, 0x00, 0x00, 0x00, 0x00, 0x00,
  0x00, 0x00, 0x00, 0x00, 0x00, 0x00, 0x00, 0x00, 0x00, 0x00, 0x00, 0x00,
  0x00, 0x00, 0x00, 0x00, 0x00, 0x00, 0x00, 0x00, 0x00, 0x00, 0x00, 0x00,
  0x00, 0x00, 0x00, 0x00, 0x00, 0x00, 0x00, 0x00, 0x00, 0x00, 0x00, 0x00,
  0x00, 0x00, 0x00, 0x00, 0x00, 0x00, 0x00, 0x00, 0x00, 0x00, 0x00, 0x00,
  0x00, 0x00, 0x00, 0x00, 0x00, 0x00, 0x00, 0x00, 0x00, 0x00, 0x00, 0x00,
  0x00, 0x00, 0x00, 0x00, 0x00, 0x00, 0x00, 0x00, 0x00, 0x00, 0x00, 0x00,
  0x00, 0x00, 0x00, 0x00, 0x00, 0x00, 0x00, 0x00, 0x00, 0x00, 0x00, 0x00,
  0x00, 0x00, 0x00, 0x00, 0x00, 0x00, 0x00, 0x00, 0x00, 0x00, 0x00, 0x00,
  0x00, 0x00, 0x00, 0x00, 0x00, 0x00, 0x00, 0x00, 0x00, 0x00, 0x00, 0x00,
  0x00, 0x00, 0x00, 0x00, 0x00, 0x00, 0x00, 0x00, 0x00, 0x00, 0x00, 0x00,
  0x00, 0x00, 0x00, 0x00, 0x00, 0x00, 0x00, 0x00, 0x00, 0x00, 0x00, 0x00,
  0x00, 0x00, 0x00, 0x00, 0x00, 0x00, 0x00, 0x00, 0x00, 0x00, 0x00, 0x00,
  0x00, 0x00, 0x00, 0x00, 0x00, 0x00, 0x00, 0x00, 0x00, 0x00, 0x00, 0x00,
  0x00, 0x00, 0x00, 0x00, 0x00, 0x00, 0x00, 0x00, 0x00, 0x00, 0x00, 0x00,
  0x00, 0x00, 0x00, 0x00, 0x00, 0x00, 0x00, 0x00, 0x00, 0x00, 0x00, 0x00,
  0x00, 0x00, 0x00, 0x00, 0x00, 0x00, 0x00, 0x00, 0x00, 0x00, 0x00, 0x00,
  0x00, 0x00, 0x00, 0x00, 0x00, 0x00, 0x00, 0x00, 0x00, 0x00, 0x00, 0x00,
  0x00, 0x00, 0x00, 0x00, 0x00, 0x00, 0x00, 0x00, 0x00, 0x00, 0x00, 0x00,
  0x00, 0x00, 0x00, 0x00, 0x00, 0x00, 0x00, 0x00, 0x00, 0x00, 0x00, 0x00,
  0x00, 0x00, 0x00, 0x00, 0x00, 0x00, 0x00, 0x00, 0x00, 0x00, 0x00, 0x00,
  0x00, 0x00, 0x00, 0x00, 0x00, 0x00, 0x00, 0x00, 0x00, 0x00, 0x00, 0x00,
  0x00, 0x00, 0x00, 0x00, 0x00, 0x00, 0x00, 0x00, 0x00, 0x00, 0x00, 0x00,
  0x00, 0x00, 0x00, 0x00, 0x00, 0x00, 0x00, 0x00, 0x00, 0x00, 0x00, 0x00,
  0x00, 0x00, 0x00, 0x00, 0x00, 0x00, 0x00, 0x00, 0x00, 0x00, 0x00, 0x00,
  0x00, 0x00, 0x00, 0x00, 0x00, 0x00, 0x00, 0x00, 0x00, 0x00, 0x00, 0x00,
  0x00, 0x00, 0x00, 0x00, 0x00, 0x00, 0x00, 0x00, 0x00, 0x00, 0x00, 0x00,
  0x00, 0x00, 0x00, 0x00, 0x00, 0x00, 0x00, 0x00, 0x00, 0x00, 0x00, 0x00,
  0x00, 0x00, 0x00, 0x00, 0x00, 0x00, 0x00, 0x00, 0x00, 0x00, 0x00, 0x00,
  0x00, 0x00, 0x00, 0x00, 0x00, 0x00, 0x00, 0x00, 0x00, 0x00, 0x00, 0x00,
  0x00, 0x00, 0x00, 0x00, 0x00, 0x00, 0x00, 0x00, 0x00, 0x00, 0x00, 0x00,
  0x00, 0x00, 0x00, 0x00, 0x00, 0x00, 0x00, 0x00, 0x00, 0x00, 0x00, 0x00,
  0x00, 0x00, 0x00, 0x00, 0x00, 0x00, 0x00, 0x00, 0x00, 0x00, 0x00, 0x00,
  0x00, 0x00, 0x00, 0x00, 0x00, 0x00, 0x00, 0x00, 0x00, 0x00, 0x00, 0x00,
  0x00, 0x00, 0x00, 0x00, 0x00, 0x00, 0x00, 0x00, 0x00, 0x00, 0x00, 0x00,
  0x00, 0x00, 0x00, 0x00, 0x00, 0x00, 0x00, 0x00, 0x00, 0x00, 0x00, 0x00,
  0x00, 0x00, 0x00, 0x00, 0x00, 0x00, 0x00, 0x00, 0x00, 0x00, 0x00, 0x00,
  0x00, 0x00, 0x00, 0x00, 0x00, 0x00, 0x00, 0x00, 0x00, 0x00, 0x00, 0x00,
  0x00, 0x00, 0x00, 0x00, 0x00, 0x00, 0x00, 0x00, 0x00, 0x00, 0x00, 0x00,
  0x00, 0x00, 0x00, 0x00, 0x00, 0x00, 0x00, 0x00, 0x00, 0x00, 0x00, 0x00,
  0x00, 0x00, 0x00, 0x00, 0x00, 0x00, 0x00, 0x00, 0x00, 0x00, 0x00, 0x00,
  0x00, 0x00, 0x00, 0x00, 0x00, 0x00, 0x00, 0x00, 0x00, 0x00, 0x00, 0x00,
  0x00, 0x00, 0x00, 0x00, 0x00, 0x00, 0x00, 0x00, 0x00, 0x00, 0x00, 0x00,
  0x00, 0x00, 0x00, 0x00, 0x00, 0x00, 0x00, 0x00, 0x00, 0x00, 0x00, 0x00,
  0x00, 0x00, 0x00, 0x00, 0x00, 0x00, 0x00, 0x00, 0x00, 0x00, 0x00, 0x00,
  0x00, 0x00, 0x00, 0x00, 0x00, 0x00, 0x00, 0x00, 0x00, 0x00, 0x00, 0x00,
  0x00, 0x00, 0x00, 0x00, 0x00, 0x00, 0x00, 0x00, 0x00, 0x00, 0x00, 0x00,
  0x00, 0x00, 0x00, 0x00, 0x00, 0x00, 0x00, 0x00, 0x00, 0x00, 0x00, 0x00,
  0x00, 0x00, 0x00, 0x00, 0x00, 0x00, 0x00, 0x00, 0x00, 0x00, 0x00, 0x00,
  0x00, 0x00, 0x00, 0x00, 0x00, 0x00, 0x00, 0x00, 0x00, 0x00, 0x00, 0x00,
  0x00, 0x00, 0x00, 0x00, 0x00, 0x00, 0x00, 0x00, 0x00, 0x00, 0x00, 0x00,
  0x00, 0x00, 0x00, 0x00, 0x00, 0x00, 0x00, 0x00, 0x00, 0x00, 0x00, 0x00,
  0x00, 0x00, 0x00, 0x00, 0x00, 0x00, 0x00, 0x00, 0x00, 0x00, 0x00, 0x00,
  0x00, 0x00, 0x00, 0x00, 0x00, 0x00, 0x00, 0x00, 0x00, 0x00, 0x00, 0x00,
  0x00, 0x00, 0x00, 0x00, 0x00, 0x00, 0x00, 0x00, 0x00, 0x00, 0x00, 0x00,
  0x00, 0x00, 0x00, 0x00, 0x00, 0x00, 0x00, 0x00, 0x00, 0x00, 0x00, 0x00,
  0x00, 0x00, 0x00, 0x00, 0x00, 0x00, 0x00, 0x00, 0x00, 0x00, 0x00, 0x00,
  0x00, 0x00, 0x00, 0x00, 0x00, 0x00, 0x00, 0x00, 0x00, 0x00, 0x00, 0x00,
  0x00, 0x00, 0x00, 0x00, 0x00, 0x00, 0x00, 0x00, 0x00, 0x00, 0x00, 0x00,
  0x00, 0x00, 0x00, 0x00, 0x00, 0x00, 0x00, 0x00, 0x00, 0x00, 0x00, 0x00,
  0x00, 0x00, 0x00, 0x00, 0x00, 0x00, 0x00, 0x00, 0x00, 0x00, 0x00, 0x00,
  0x00, 0x00, 0x00, 0x00, 0x00, 0x00, 0x00, 0x00, 0x00, 0x00, 0x00, 0x00,
  0x00, 0x00, 0x00, 0x00, 0x00, 0x00, 0x00, 0x00, 0x00, 0x00, 0x00, 0x00,
  0x00, 0x00, 0x00, 0x00, 0x00, 0x00, 0x00, 0x00, 0x00, 0x00, 0x00, 0x00,
  0x00, 0x00, 0x00, 0x00, 0x00, 0x00, 0x00, 0x00, 0x00, 0x00, 0x00, 0x00,
  0x00, 0x00, 0x00, 0x00, 0x00, 0x00, 0x00, 0x00, 0x00, 0x00, 0x00, 0x00,
  0x00, 0x00, 0x00, 0x00, 0x00, 0x00, 0x00, 0x00, 0x00, 0x00, 0x00, 0x00,
  0x00, 0x00, 0x00, 0x00, 0x00, 0x00, 0x00, 0x00, 0x00, 0x00, 0x00, 0x00,
  0x00, 0x00, 0x00, 0x00, 0x00, 0x00, 0x00, 0x00, 0x00, 0x00, 0x00, 0x00,
  0x00, 0x00, 0x00, 0x00, 0x00, 0x00, 0x00, 0x00, 0x00, 0x00, 0x00, 0x00,
  0x00, 0x00, 0x00, 0x00, 0x00, 0x00, 0x00, 0x00, 0x00, 0x00, 0x00, 0x00,
  0x00, 0x00, 0x00, 0x00, 0x00, 0x00, 0x00, 0x00, 0x00, 0x00, 0x00, 0x00,
  0x00, 0x00, 0x00, 0x00, 0x00, 0x00, 0x00, 0x00, 0x00, 0x00, 0x00, 0x00,
  0x00, 0x00, 0x00, 0x00, 0x00, 0x00, 0x00, 0x00, 0x00, 0x00, 0x00, 0x00,
  0x00, 0x00, 0x00, 0x00, 0x00, 0x00, 0x00, 0x00, 0x00, 0x00, 0x00, 0x00,
  0x00, 0x00, 0x00, 0x00, 0x00, 0x00, 0x00, 0x00, 0x00, 0x00, 0x00, 0x00,
  0x00, 0x00, 0x00, 0x00, 0x00, 0x00, 0x00, 0x00, 0x00, 0x00, 0x00, 0x00,
  0x00, 0x00, 0x00, 0x00, 0x00, 0x00, 0x00, 0x00, 0x00, 0x00, 0x00, 0x00,
  0x00, 0x00, 0x00, 0x00, 0x00, 0x00, 0x00, 0x00, 0x00, 0x00, 0x00, 0x00,
  0x00, 0x00, 0x00, 0x00, 0x00, 0x00, 0x00, 0x00, 0x00, 0x00, 0x00, 0x00,
  0x00, 0x00, 0x00, 0x00, 0x00, 0x00, 0x00, 0x00, 0x00, 0x00, 0x00, 0x00,
  0x00, 0x00, 0x00, 0x00, 0x00, 0x00, 0x00, 0x00, 0x00, 0x00, 0x00, 0x00,
  0x00, 0x00, 0x00, 0x00, 0x00, 0x00, 0x00, 0x00, 0x00, 0x00, 0x00, 0x00,
  0x00, 0x00, 0x00, 0x00, 0x00, 0x00, 0x00, 0x00, 0x00, 0x00, 0x00, 0x00,
  0x00, 0x00, 0x00, 0x00, 0x00, 0x00, 0x00, 0x00, 0x00, 0x00, 0x00, 0x00,
  0x00, 0x00, 0x00, 0x00, 0x00, 0x00, 0x00, 0x00, 0x00, 0x00, 0x00, 0x00,
  0x00, 0x00, 0x00, 0x00, 0x00, 0x00, 0x00, 0x00, 0x00, 0x00, 0x00, 0x00,
  0x00, 0x00, 0x00, 0x00, 0x00, 0x00, 0x00, 0x00, 0x00, 0x00, 0x00, 0x00,
  0x00, 0x00, 0x00, 0x00, 0x00, 0x00, 0x00, 0x00, 0x00, 0x00, 0x00, 0x00,
  0x00, 0x00, 0x00, 0x00, 0x00, 0x00, 0x00, 0x00, 0x00, 0x00, 0x00, 0x00,
  0x00, 0x00, 0x00, 0x00, 0x00, 0x00, 0x00, 0x00, 0x00, 0x00, 0x00, 0x00,
  0x00, 0x00, 0x00, 0x00, 0x00, 0x00, 0x00, 0x00, 0x00, 0x00, 0x00, 0x00,
  0x00, 0x00, 0x00, 0x00, 0x00, 0x00, 0x00, 0x00, 0x00, 0x00, 0x00, 0x00,
  0x00, 0x00, 0x00, 0x00, 0x00, 0x00, 0x00, 0x00, 0x00, 0x00, 0x00, 0x00,
  0x00, 0x00, 0x00, 0x00, 0x00, 0x00, 0x00, 0x00, 0x00, 0x00, 0x00, 0x00,
  0x00, 0x00, 0x00, 0x00, 0x00, 0x00, 0x00, 0x00, 0x00, 0x00, 0x00, 0x00,
  0x00, 0x00, 0x00, 0x00, 0x00, 0x00, 0x00, 0x00, 0x00, 0x00, 0x00, 0x00,
  0x00, 0x00, 0x00, 0x00, 0x00, 0x00, 0x00, 0x00, 0x00, 0x00, 0x00, 0x00,
  0x00, 0x00, 0x00, 0x00, 0x00, 0x00, 0x00, 0x00, 0x00, 0x00, 0x00, 0x00,
  0x00, 0x00, 0x00, 0x00, 0x00, 0x00, 0x00, 0x00, 0x00, 0x00, 0x00, 0x00,
  0x00, 0x00, 0x00, 0x00, 0x00, 0x00, 0x00, 0x00, 0x00, 0x00, 0x00, 0x00,
  0x00, 0x00, 0x00, 0x00, 0x00, 0x00, 0x00, 0x00, 0x00, 0x00, 0x00, 0x00,
  0x00, 0x00, 0x00, 0x00, 0x00, 0x00, 0x00, 0x00, 0x00, 0x00, 0x00, 0x00,
  0x00, 0x00, 0x00, 0x00, 0x00, 0x00, 0x00, 0x00, 0x00, 0x00, 0x00, 0x00,
  0x00, 0x00, 0x00, 0x00, 0x00, 0x00, 0x00, 0x00, 0x00, 0x00, 0x00, 0x00,
  0x00, 0x00, 0x00, 0x00, 0x00, 0x00, 0x00, 0x00, 0x00, 0x00, 0x00, 0x00,
  0x00, 0x00, 0x00, 0x00, 0x00, 0x00, 0x00, 0x00, 0x00, 0x00, 0x00, 0x00,
  0x00, 0x00, 0x00, 0x00, 0x00, 0x00, 0x00, 0x00, 0x00, 0x00, 0x00, 0x00,
  0x00, 0x00, 0x00, 0x00, 0x00, 0x00, 0x00, 0x00, 0x00, 0x00, 0x00, 0x00,
  0x00, 0x00, 0x00, 0x00, 0x00, 0x00, 0x00, 0x00, 0x00, 0x00, 0x00, 0x00,
  0x00, 0x00, 0x00, 0x00, 0x00, 0x00, 0x00, 0x00, 0x00, 0x00, 0x00, 0x00,
  0x00, 0x00, 0x00, 0x00, 0x00, 0x00, 0x00, 0x00, 0x00, 0x00, 0x00, 0x00,
  0x00, 0x00, 0x00, 0x00, 0x00, 0x00, 0x00, 0x00, 0x00, 0x00, 0x00, 0x00,
  0x00, 0x00, 0x00, 0x00, 0x00, 0x00, 0x00, 0x00, 0x00, 0x00, 0x00, 0x00,
  0x00, 0x00, 0x00, 0x00, 0x00, 0x00, 0x00, 0x00, 0x00, 0x00, 0x00, 0x00,
  0x00, 0x00, 0x00, 0x00, 0x00, 0x00, 0x00, 0x00, 0x00, 0x00, 0x00, 0x00,
  0x00, 0x00, 0x00, 0x00, 0x00, 0x00, 0x00, 0x00, 0x00, 0x00, 0x00, 0x00,
  0x00, 0x00, 0x00, 0x00, 0x00, 0x00, 0x00, 0x00, 0x00, 0x00, 0x00, 0x00,
  0x00, 0x00, 0x00, 0x00, 0x00, 0x00, 0x00, 0x00, 0x00, 0x00, 0x00, 0x00,
  0x00, 0x00, 0x00, 0x00, 0x00, 0x00, 0x00, 0x00, 0x00, 0x00, 0x00, 0x00,
  0x00, 0x00, 0x00, 0x00, 0x00, 0x00, 0x00, 0x00, 0x00, 0x00, 0x00, 0x00,
  0x00, 0x00, 0x00, 0x00, 0x00, 0x00, 0x00, 0x00, 0x00, 0x00, 0x00, 0x00,
  0x00, 0x00, 0x00, 0x00, 0x00, 0x00, 0x00, 0x00, 0x00, 0x00, 0x00, 0x00,
  0x00, 0x00, 0x00, 0x00, 0x00, 0x00, 0x00, 0x00, 0x00, 0x00, 0x00, 0x00,
  0x00, 0x00, 0x00, 0x00, 0x00, 0x00, 0x00, 0x00, 0x00, 0x00, 0x00, 0x00,
  0x00, 0x00, 0x00, 0x00, 0x00, 0x00, 0x00, 0x00, 0x00, 0x00, 0x00, 0x00,
  0x00, 0x00, 0x00, 0x00, 0x00, 0x00, 0x00, 0x00, 0x00, 0x00, 0x00, 0x00,
  0x00, 0x00, 0x00, 0x00, 0x00, 0x00, 0x00, 0x00, 0x00, 0x00, 0x00, 0x00,
  0x00, 0x00, 0x00, 0x00, 0x00, 0x00, 0x00, 0x00, 0x00, 0x00, 0x00, 0x00,
  0x00, 0x00, 0x00, 0x00, 0x00, 0x00, 0x00, 0x00, 0x00, 0x00, 0x00, 0x00,
  0x00, 0x00, 0x00, 0x00, 0x00, 0x00, 0x00, 0x00, 0x00, 0x00, 0x00, 0x00,
  0x00, 0x00, 0x00, 0x00, 0x00, 0x00, 0x00, 0x00, 0x00, 0x00, 0x00, 0x00,
  0x00, 0x00, 0x00, 0x00, 0x00, 0x00, 0x00, 0x00, 0x00, 0x00, 0x00, 0x00,
  0x00, 0x00, 0x00, 0x00, 0x00, 0x00, 0x00, 0x00, 0x00, 0x00, 0x00, 0x00,
  0x00, 0x00, 0x00, 0x00, 0x00, 0x00, 0x00, 0x00, 0x00, 0x00, 0x00, 0x00,
  0x00, 0x00, 0x00, 0x00, 0x00, 0x00, 0x00, 0x00, 0x00, 0x00, 0x00, 0x00,
  0x00, 0x00, 0x00, 0x00, 0x00, 0x00, 0x00, 0x00, 0x00, 0x00, 0x00, 0x00,
  0x00, 0x00, 0x00, 0x00, 0x00, 0x00, 0x00, 0x00, 0x00, 0x00, 0x00, 0x00,
  0x00, 0x00, 0x00, 0x00, 0x00, 0x00, 0x00, 0x00, 0x00, 0x00, 0x00, 0x00,
  0x00, 0x00, 0x00, 0x00, 0x00, 0x00, 0x00, 0x00, 0x00, 0x00, 0x00, 0x00,
  0x00, 0x00, 0x00, 0x00, 0x00, 0x00, 0x00, 0x00, 0x00, 0x00, 0x00, 0x00,
  0x00, 0x00, 0x00, 0x00, 0x00, 0x00, 0x00, 0x00, 0x00, 0x00, 0x00, 0x00,
  0x00, 0x00, 0x00, 0x00, 0x00, 0x00, 0x00, 0x00, 0x00, 0x00, 0x00, 0x00,
  0x00, 0x00, 0x00, 0x00, 0x00, 0x00, 0x00, 0x00, 0x00, 0x00, 0x00, 0x00,
  0x00, 0x00, 0x00, 0x00, 0x00, 0x00, 0x00, 0x00, 0x00, 0x00, 0x00, 0x00,
  0x00, 0x00, 0x00, 0x00, 0x00, 0x00, 0x00, 0x00, 0x00, 0x00, 0x00, 0x00,
  0x00, 0x00, 0x00, 0x00, 0x00, 0x00, 0x00, 0x00, 0x00, 0x00, 0x00, 0x00,
  0x00, 0x00, 0x00, 0x00, 0x00, 0x00, 0x00, 0x00, 0x00, 0x00, 0x00, 0x00,
  0x00, 0x00, 0x00, 0x00, 0x00, 0x00, 0x00, 0x00, 0x00, 0x00, 0x00, 0x00,
  0x00, 0x00, 0x00, 0x00, 0x00, 0x00, 0x00, 0x00, 0x00, 0x00, 0x00, 0x00,
  0x00, 0x00, 0x00, 0x00, 0x00, 0x00, 0x00, 0x00, 0x00, 0x00, 0x00, 0x00,
  0x00, 0x00, 0x00, 0x00, 0x00, 0x00, 0x00, 0x00, 0x00, 0x00, 0x00, 0x00,
  0x00, 0x00, 0x00, 0x00, 0x00, 0x00, 0x00, 0x00, 0x00, 0x00, 0x00, 0x00,
  0x00, 0x00, 0x00, 0x00, 0x00, 0x00, 0x00, 0x00, 0x00, 0x00, 0x00, 0x00,
  0x00, 0x00, 0x00, 0x00, 0x00, 0x00, 0x00, 0x00, 0x00, 0x00, 0x00, 0x00,
  0x00, 0x00, 0x00, 0x00, 0x00, 0x00, 0x00, 0x00, 0x00, 0x00, 0x00, 0x00,
  0x00, 0x00, 0x00, 0x00, 0x00, 0x00, 0x00, 0x00, 0x00, 0x00, 0x00, 0x00,
  0x00, 0x00, 0x00, 0x00, 0x00, 0x00, 0x00, 0x00, 0x00, 0x00, 0x00, 0x00,
  0x00, 0x00, 0x00, 0x00, 0x00, 0x00, 0x00, 0x00, 0x00, 0x00, 0x00, 0x00,
  0x00, 0x00, 0x00, 0x00, 0x00, 0x00, 0x00, 0x00, 0x00, 0x00, 0x00, 0x00,
  0x00, 0x00, 0x00, 0x00, 0x00, 0x00, 0x00, 0x00, 0x00, 0x00, 0x00, 0x00,
  0x00, 0x00, 0x00, 0x00, 0x00, 0x00, 0x00, 0x00, 0x00, 0x00, 0x00, 0x00,
  0x00, 0x00, 0x00, 0x00, 0x00, 0x00, 0x00, 0x00, 0x00, 0x00, 0x00, 0x00,
  0x00, 0x00, 0x00, 0x00, 0x00, 0x00, 0x00, 0x00, 0x00, 0x00, 0x00, 0x00,
  0x00, 0x00, 0x00, 0x00, 0x00, 0x00, 0x00, 0x00, 0x00, 0x00, 0x00, 0x00,
  0x00, 0x00, 0x00, 0x00, 0x00, 0x00, 0x00, 0x00, 0x00, 0x00, 0x00, 0x00,
  0x00, 0x00, 0x00, 0x00, 0x00, 0x00, 0x00, 0x00, 0x00, 0x00, 0x00, 0x00,
  0x00, 0x00, 0x00, 0x00, 0x00, 0x00, 0x00, 0x00, 0x00, 0x00, 0x00, 0x00,
  0x00, 0x00, 0x00, 0x00, 0x00, 0x00, 0x00, 0x00, 0x00, 0x00, 0x00, 0x00,
  0x00, 0x00, 0x00, 0x00, 0x00, 0x00, 0x00, 0x00, 0x00, 0x00, 0x00, 0x00,
  0x00, 0x00, 0x00, 0x00, 0x00, 0x00, 0x00, 0x00, 0x00, 0x00, 0x00, 0x00,
  0x00, 0x00, 0x00, 0x00, 0x00, 0x00, 0x00, 0x00, 0x00, 0x00, 0x00, 0x00,
  0x00, 0x00, 0x00, 0x00, 0x00, 0x00, 0x00, 0x00, 0x00, 0x00, 0x00, 0x00,
  0x00, 0x00, 0x00, 0x00, 0x00, 0x00, 0x00, 0x00, 0x00, 0x00, 0x00, 0x00,
  0x00, 0x00, 0x00, 0x00, 0x00, 0x00, 0x00, 0x00, 0x00, 0x00, 0x00, 0x00,
  0x00, 0x00, 0x00, 0x00, 0x00, 0x00, 0x00, 0x00, 0x00, 0x00, 0x00, 0x00,
  0x00, 0x00, 0x00, 0x00, 0x00, 0x00, 0x00, 0x00, 0x00, 0x00, 0x00, 0x00,
  0x00, 0x00, 0x00, 0x00, 0x00, 0x00, 0x00, 0x00, 0x00, 0x00, 0x00, 0x00,
  0x00, 0x00, 0x00, 0x00, 0x00, 0x00, 0x00, 0x00, 0x00, 0x00, 0x00, 0x00,
  0x00, 0x00, 0x00, 0x00, 0x00, 0x00, 0x00, 0x00, 0x00, 0x00, 0x00, 0x00,
  0x00, 0x00, 0x00, 0x00, 0x00, 0x00, 0x00, 0x00, 0x00, 0x00, 0x00, 0x00,
  0x00, 0x00, 0x00, 0x00, 0x00, 0x00, 0x00, 0x00, 0x00, 0x00, 0x00, 0x00,
  0x00, 0x00, 0x00, 0x00, 0x00, 0x00, 0x00, 0x00, 0x00, 0x00, 0x00, 0x00,
  0x00, 0x00, 0x00, 0x00, 0x00, 0x00, 0x00, 0x00, 0x00, 0x00, 0x00, 0x00,
  0x00, 0x00, 0x00, 0x00, 0x00, 0x00, 0x00, 0x00, 0x00, 0x00, 0x00, 0x00,
  0x00, 0x00, 0x00, 0x00, 0x00, 0x00, 0x00, 0x00, 0x00, 0x00, 0x00, 0x00,
  0x00, 0x00, 0x00, 0x00, 0x00, 0x00, 0x00, 0x00, 0x00, 0x00, 0x00, 0x00,
  0x00, 0x00, 0x00, 0x00, 0x00, 0x00, 0x00, 0x00, 0x00, 0x00, 0x00, 0x00,
  0x00, 0x00, 0x00, 0x00, 0x00, 0x00, 0x00, 0x00, 0x00, 0x00, 0x00, 0x00,
  0x00, 0x00, 0x00, 0x00, 0x00, 0x00, 0x00, 0x00, 0x00, 0x00, 0x00, 0x00,
  0x00, 0x00, 0x00, 0x00, 0x00, 0x00, 0x00, 0x00, 0x00, 0x00, 0x00, 0x00,
  0x00, 0x00, 0x00, 0x00, 0x00, 0x00, 0x00, 0x00, 0x00, 0x00, 0x00, 0x00,
  0x00, 0x00, 0x00, 0x00, 0x00, 0x00, 0x00, 0x00, 0x00, 0x00, 0x00, 0x00,
  0x00, 0x00, 0x00, 0x00, 0x00, 0x00, 0x00, 0x00, 0x00, 0x00, 0x00, 0x00,
  0x00, 0x00, 0x00, 0x00, 0x00, 0x00, 0x00, 0x00, 0x00, 0x00, 0x00, 0x00,
  0x00, 0x00, 0x00, 0x00, 0x00, 0x00, 0x00, 0x00, 0x00, 0x00, 0x00, 0x00,
  0x00, 0x00, 0x00, 0x00, 0x00, 0x00, 0x00, 0x00, 0x00, 0x00, 0x00, 0x00,
  0x00, 0x00, 0x00, 0x00, 0x00, 0x00, 0x00, 0x00, 0x00, 0x00, 0x00, 0x00,
  0x00, 0x00, 0x00, 0x00, 0x00, 0x00, 0x00, 0x00, 0x00, 0x00, 0x00, 0x00,
  0x00, 0x00, 0x00, 0x00, 0x00, 0x00, 0x00, 0x00, 0x00, 0x00, 0x00, 0x00,
  0x00, 0x00, 0x00, 0x00, 0x00, 0x00, 0x00, 0x00, 0x00, 0x00, 0x00, 0x00,
  0x00, 0x00, 0x00, 0x00, 0x00, 0x00, 0x00, 0x00, 0x00, 0x00, 0x00, 0x00,
  0x00, 0x00, 0x00, 0x00, 0x00, 0x00, 0x00, 0x00, 0x00, 0x00, 0x00, 0x00,
  0x00, 0x00, 0x00, 0x00, 0x00, 0x00, 0x00, 0x00, 0x00, 0x00, 0x00, 0x00,
  0x00, 0x00, 0x00, 0x00, 0x00, 0x00, 0x00, 0x00, 0x00, 0x00, 0x00, 0x00,
  0x00, 0x00, 0x00, 0x00, 0x00, 0x00, 0x00, 0x00, 0x00, 0x00, 0x00, 0x00,
  0x00, 0x00, 0x00, 0x00, 0x00, 0x00, 0x00, 0x00, 0x00, 0x00, 0x00, 0x00,
  0x00, 0x00, 0x00, 0x00, 0x00, 0x00, 0x00, 0x00, 0x00, 0x00, 0x00, 0x00,
  0x00, 0x00, 0x00, 0x00, 0x00, 0x00, 0x00, 0x00, 0x00, 0x00, 0x00, 0x00,
  0x00, 0x00, 0x00, 0x00, 0x00, 0x00, 0x00, 0x00, 0x00, 0x00, 0x00, 0x00,
  0x00, 0x00, 0x00, 0x00, 0x00, 0x00, 0x00, 0x00, 0x00, 0x00, 0x00, 0x00,
  0x00, 0x00, 0x00, 0x00, 0x00, 0x00, 0x00, 0x00, 0x00, 0x00, 0x00, 0x00,
  0x00, 0x00, 0x00, 0x00, 0x00, 0x00, 0x00, 0x00, 0x00, 0x00, 0x00, 0x00,
  0x00, 0x00, 0x00, 0x00, 0x00, 0x00, 0x00, 0x00, 0x00, 0x00, 0x00, 0x00,
  0x00, 0x00, 0x00, 0x00, 0x00, 0x00, 0x00, 0x00, 0x00, 0x00, 0x00, 0x00,
  0x00, 0x00, 0x00, 0x00, 0x00, 0x00, 0x00, 0x00, 0x00, 0x00, 0x00, 0x00,
  0x00, 0x00, 0x00, 0x00, 0x00, 0x00, 0x00, 0x00, 0x00, 0x00, 0x00, 0x00,
  0x00, 0x00, 0x00, 0x00, 0x00, 0x00, 0x00, 0x00, 0x00, 0x00, 0x00, 0x00,
  0x00, 0x00, 0x00, 0x00, 0x00, 0x00, 0x00, 0x00, 0x00, 0x00, 0x00, 0x00,
  0x00, 0x00, 0x00, 0x00, 0x00, 0x00, 0x00, 0x00, 0x00, 0x00, 0x00, 0x00,
  0x00, 0x00, 0x00, 0x00, 0x00, 0x00, 0x00, 0x00, 0x00, 0x00, 0x00, 0x00,
  0x00, 0x00, 0x00, 0x00, 0x00, 0x00, 0x00, 0x00, 0x00, 0x00, 0x00, 0x00,
  0x00, 0x00, 0x00, 0x00, 0x00, 0x00, 0x00, 0x00, 0x00, 0x00, 0x00, 0x00,
  0x00, 0x00, 0x00, 0x00, 0x00, 0x00, 0x00, 0x00, 0x00, 0x00, 0x00, 0x00,
  0x00, 0x00, 0x00, 0x00, 0x00, 0x00, 0x00, 0x00, 0x00, 0x00, 0x00, 0x00,
  0x00, 0x00, 0x00, 0x00, 0x00, 0x00, 0x00, 0x00, 0x00, 0x00, 0x00, 0x00,
  0x00, 0x00, 0x00, 0x00, 0x00, 0x00, 0x00, 0x00, 0x00, 0x00, 0x00, 0x00,
  0x00, 0x00, 0x00, 0x00, 0x00, 0x00, 0x00, 0x00, 0x00, 0x00, 0x00, 0x00,
  0x00, 0x00, 0x00, 0x00, 0x00, 0x00, 0x00, 0x00, 0x00, 0x00, 0x00, 0x00,
  0x00, 0x00, 0x00, 0x00, 0x00, 0x00, 0x00, 0x00, 0x00, 0x00, 0x00, 0x00,
  0x00, 0x00, 0x00, 0x00, 0x00, 0x00, 0x00, 0x00, 0x00, 0x00, 0x00, 0x00,
  0x00, 0x00, 0x00, 0x00, 0x00, 0x00, 0x00, 0x00, 0x00, 0x00, 0x00, 0x00,
  0x00, 0x00, 0x00, 0x00, 0x00, 0x00, 0x00, 0x00, 0x00, 0x00, 0x00, 0x00,
  0x00, 0x00, 0x00, 0x00, 0x00, 0x00, 0x00, 0x00, 0x00, 0x00, 0x00, 0x00,
  0x00, 0x00, 0x00, 0x00, 0x00, 0x00, 0x00, 0x00, 0x00, 0x00, 0x00, 0x00,
  0x00, 0x00, 0x00, 0x00, 0x00, 0x00, 0x00, 0x00, 0x00, 0x00, 0x00, 0x00,
  0x00, 0x00, 0x00, 0x00, 0x00, 0x00, 0x00, 0x00, 0x00, 0x00, 0x00, 0x00,
  0x00, 0x00, 0x00, 0x00, 0x00, 0x00, 0x00, 0x00, 0x00, 0x00, 0x00, 0x00,
  0x00, 0x00, 0x00, 0x00, 0x00, 0x00, 0x00, 0x00, 0x00, 0x00, 0x00, 0x00,
  0x00, 0x00, 0x00, 0x00, 0x00, 0x00, 0x00, 0x00, 0x00, 0x00, 0x00, 0x00,
  0x00, 0x00, 0x00, 0x00, 0x00, 0x00, 0x00, 0x00, 0x00, 0x00, 0x00, 0x00,
  0x00, 0x00, 0x00, 0x00, 0x00, 0x00, 0x00, 0x00, 0x00, 0x00, 0x00, 0x00,
  0x00, 0x00, 0x00, 0x00, 0x00, 0x00, 0x00, 0x00, 0x00, 0x00, 0x00, 0x00,
  0x00, 0x00, 0x00, 0x00, 0x00, 0x00, 0x00, 0x00, 0x00, 0x00, 0x00, 0x00,
  0x00, 0x00, 0x00, 0x00, 0x00, 0x00, 0x00, 0x00, 0x00, 0x00, 0x00, 0x00,
  0x00, 0x00, 0x00, 0x00, 0x00, 0x00, 0x00, 0x00, 0x00, 0x00, 0x00, 0x00,
  0x00, 0x00, 0x00, 0x00, 0x00, 0x00, 0x00, 0x00, 0x00, 0x00, 0x00, 0x00,
  0x00, 0x00, 0x00, 0x00, 0x00, 0x00, 0x00, 0x00, 0x00, 0x00, 0x00, 0x00,
  0x00, 0x00, 0x00, 0x00, 0x00, 0x00, 0x00, 0x00, 0x00, 0x00, 0x00, 0x00,
  0x00, 0x00, 0x00, 0x00, 0x00, 0x00, 0x00, 0x00, 0x00, 0x00, 0x00, 0x00,
  0x00, 0x00, 0x00, 0x00, 0x00, 0x00, 0x00, 0x00, 0x00, 0x00, 0x00, 0x00,
  0x00, 0x00, 0x00, 0x00, 0x00, 0x00, 0x00, 0x00, 0x00, 0x00, 0x00, 0x00,
  0x00, 0x00, 0x00, 0x00, 0x00, 0x00, 0x00, 0x00, 0x00, 0x00, 0x00, 0x00,
  0x00, 0x00, 0x00, 0x00, 0x00, 0x00, 0x00, 0x00, 0x00, 0x00, 0x00, 0x00,
  0x00, 0x00, 0x00, 0x00, 0x00, 0x00, 0x00, 0x00, 0x00, 0x00, 0x00, 0x00,
  0x00, 0x00, 0x00, 0x00, 0x00, 0x00, 0x00, 0x00, 0x00, 0x00, 0x00, 0x00,
  0x00, 0x00, 0x00, 0x00, 0x00, 0x00, 0x00, 0x00, 0x00, 0x00, 0x00, 0x00,
  0x00, 0x00, 0x00, 0x00, 0x00, 0x00, 0x00, 0x00, 0x00, 0x00, 0x00, 0x00,
  0x00, 0x00, 0x00, 0x00, 0x00, 0x00, 0x00, 0x00, 0x00, 0x00, 0x00, 0x00,
  0x00, 0x00, 0x00, 0x00, 0x00, 0x00, 0x00, 0x00, 0x00, 0x00, 0x00, 0x00,
  0x00, 0x00, 0x00, 0x00, 0x00, 0x00, 0x00, 0x00, 0x00, 0x00, 0x00, 0x00,
  0x00, 0x00, 0x00, 0x00, 0x00, 0x00, 0x00, 0x00, 0x00, 0x00, 0x00, 0x00,
  0x00, 0x00, 0x00, 0x00, 0x00, 0x00, 0x00, 0x00, 0x00, 0x00, 0x00, 0x00,
  0x00, 0x00, 0x00, 0x00, 0x00, 0x00, 0x00, 0x00, 0x00, 0x00, 0x00, 0x00,
  0x00, 0x00, 0x00, 0x00, 0x00, 0x00, 0x00, 0x00, 0x00, 0x00, 0x00, 0x00,
  0x00, 0x00, 0x00, 0x00, 0x00, 0x00, 0x00, 0x00, 0x00, 0x00, 0x00, 0x00,
  0x00, 0x00, 0x00, 0x00, 0x00, 0x00, 0x00, 0x00, 0x00, 0x00, 0x00, 0x00,
  0x00, 0x00, 0x00, 0x00, 0x00, 0x00, 0x00, 0x00, 0x00, 0x00, 0x00, 0x00,
  0x00, 0x00, 0x00, 0x00, 0x00, 0x00, 0x00, 0x00, 0x00, 0x00, 0x00, 0x00,
  0x00, 0x00, 0x00, 0x00, 0x00, 0x00, 0x00, 0x00, 0x00, 0x00, 0x00, 0x00,
  0x00, 0x00, 0x00, 0x00, 0x00, 0x00, 0x00, 0x00, 0x00, 0x00, 0x00, 0x00,
  0x00, 0x00, 0x00, 0x00, 0x00, 0x00, 0x00, 0x00, 0x00, 0x00, 0x00, 0x00,
  0x00, 0x00, 0x00, 0x00, 0x00, 0x00, 0x00, 0x00, 0x00, 0x00, 0x00, 0x00,
  0x00, 0x00, 0x00, 0x00, 0x00, 0x00, 0x00, 0x00, 0x00, 0x00, 0x00, 0x00,
  0x00, 0x00, 0x00, 0x00, 0x00, 0x00, 0x00, 0x00, 0x00, 0x00, 0x00, 0x00,
  0x00, 0x00, 0x00, 0x00, 0x00, 0x00, 0x00, 0x00, 0x00, 0x00, 0x00, 0x00,
  0x00, 0x00, 0x00, 0x00, 0x00, 0x00, 0x00, 0x00, 0x00, 0x00, 0x00, 0x00,
  0x00, 0x00, 0x00, 0x00, 0x00, 0x00, 0x00, 0x00, 0x00, 0x00, 0x00, 0x00,
  0x00, 0x00, 0x00, 0x00, 0x00, 0x00, 0x00, 0x00, 0x00, 0x00, 0x00, 0x00,
  0x00, 0x00, 0x00, 0x00, 0x00, 0x00, 0x00, 0x00, 0x00, 0x00, 0x00, 0x00,
  0x00, 0x00, 0x00, 0x00, 0x00, 0x00, 0x00, 0x00, 0x00, 0x00, 0x00, 0x00,
  0x00, 0x00, 0x00, 0x00, 0x00, 0x00, 0x00, 0x00, 0x00, 0x00, 0x00, 0x00,
  0x00, 0x00, 0x00, 0x00, 0x00, 0x00, 0x00, 0x00, 0x00, 0x00, 0x00, 0x00,
  0x00, 0x00, 0x00, 0x00, 0x00, 0x00, 0x00, 0x00, 0x00, 0x00, 0x00, 0x00,
  0x00, 0x00, 0x00, 0x00, 0x00, 0x00, 0x00, 0x00, 0x00, 0x00, 0x00, 0x00,
  0x00, 0x00, 0x00, 0x00, 0x00, 0x00, 0x00, 0x00, 0x00, 0x00, 0x00, 0x00,
  0x00, 0x00, 0x00, 0x00, 0x00, 0x00, 0x00, 0x00, 0x00, 0x00, 0x00, 0x00,
  0x00, 0x00, 0x00, 0x00, 0x00, 0x00, 0x00, 0x00, 0x00, 0x00, 0x00, 0x00,
  0x00, 0x00, 0x00, 0x00, 0x00, 0x00, 0x00, 0x00, 0x00, 0x00, 0x00, 0x00,
  0x00, 0x00, 0x00, 0x00, 0x00, 0x00, 0x00, 0x00, 0x00, 0x00, 0x00, 0x00,
  0x00, 0x00, 0x00, 0x00, 0x00, 0x00, 0x00, 0x00, 0x00, 0x00, 0x00, 0x00,
  0x00, 0x00, 0x00, 0x00, 0x00, 0x00, 0x00, 0x00, 0x00, 0x00, 0x00, 0x00,
  0x00, 0x00, 0x00, 0x00, 0x00, 0x00, 0x00, 0x00, 0x00, 0x00, 0x00, 0x00,
  0x00, 0x00, 0x00, 0x00, 0x00, 0x00, 0x00, 0x00, 0x00, 0x00, 0x00, 0x00,
  0x00, 0x00, 0x00, 0x00, 0x00, 0x00, 0x00, 0x00, 0x00, 0x00, 0x00, 0x00,
  0x00, 0x00, 0x00, 0x00, 0x00, 0x00, 0x00, 0x00, 0x00, 0x00, 0x00, 0x00,
  0x00, 0x00, 0x00, 0x00, 0x00, 0x00, 0x00, 0x00, 0x00, 0x00, 0x00, 0x00,
  0x00, 0x00, 0x00, 0x00, 0x00, 0x00, 0x00, 0x00, 0x00, 0x00, 0x00, 0x00,
  0x00, 0x00, 0x00, 0x00, 0x00, 0x00, 0x00, 0x00, 0x00, 0x00, 0x00, 0x00,
  0x00, 0x00, 0x00, 0x00, 0x00, 0x00, 0x00, 0x00, 0x00, 0x00, 0x00, 0x00,
  0x00, 0x00, 0x00, 0x00, 0x00, 0x00, 0x00, 0x00, 0x00, 0x00, 0x00, 0x00,
  0x00, 0x00, 0x00, 0x00, 0x00, 0x00, 0x00, 0x00, 0x00, 0x00, 0x00, 0x00,
  0x00, 0x00, 0x00, 0x00, 0x00, 0x00, 0x00, 0x00, 0x00, 0x00, 0x00, 0x00,
  0x00, 0x00, 0x00, 0x00, 0x00, 0x00, 0x00, 0x00, 0x00, 0x00, 0x00, 0x00,
  0x00, 0x00, 0x00, 0x00, 0x00, 0x00, 0x00, 0x00, 0x00, 0x00, 0x00, 0x00,
  0x00, 0x00, 0x00, 0x00, 0x00, 0x00, 0x00, 0x00, 0x00, 0x00, 0x00, 0x00,
  0x00, 0x00, 0x00, 0x00, 0x00, 0x00, 0x00, 0x00, 0x00, 0x00, 0x00, 0x00,
  0x00, 0x00, 0x00, 0x00, 0x00, 0x00, 0x00, 0x00, 0x00, 0x00, 0x00, 0x00,
  0x00, 0x00, 0x00, 0x00, 0x00, 0x00, 0x00, 0x00, 0x00, 0x00, 0x00, 0x00,
  0x00, 0x00, 0x00, 0x00, 0x00, 0x00, 0x00, 0x00, 0x00, 0x00, 0x00, 0x00,
  0x00, 0x00, 0x00, 0x00, 0x00, 0x00, 0x00, 0x00, 0x00, 0x00, 0x00, 0x00,
  0x00, 0x00, 0x00, 0x00, 0x00, 0x00, 0x00, 0x00, 0x00, 0x00, 0x00, 0x00,
  0x00, 0x00, 0x00, 0x00, 0x00, 0x00, 0x00, 0x00, 0x00, 0x00, 0x00, 0x00,
  0x00, 0x00, 0x00, 0x00, 0x00, 0x00, 0x00, 0x00, 0x00, 0x00, 0x00, 0x00,
  0x00, 0x00, 0x00, 0x00, 0x00, 0x00, 0x00, 0x00, 0x00, 0x00, 0x00, 0x00,
  0x00, 0x00, 0x00, 0x00, 0x00, 0x00, 0x00, 0x00, 0x00, 0x00, 0x00, 0x00,
  0x00, 0x00, 0x00, 0x00, 0x00, 0x00, 0x00, 0x00, 0x00, 0x00, 0x00, 0x00,
  0x00, 0x00, 0x00, 0x00, 0x00, 0x00, 0x00, 0x00, 0x00, 0x00, 0x00, 0x00,
  0x00, 0x00, 0x00, 0x00, 0x00, 0x00, 0x00, 0x00, 0x00, 0x00, 0x00, 0x00,
  0x00, 0x00, 0x00, 0x00, 0x00, 0x00, 0x00, 0x00, 0x00, 0x00, 0x00, 0x00,
  0x00, 0x00, 0x00, 0x00, 0x00, 0x00, 0x00, 0x00, 0x00, 0x00, 0x00, 0x00,
  0x00, 0x00, 0x00, 0x00, 0x00, 0x00, 0x00, 0x00, 0x00, 0x00, 0x00, 0x00,
  0x00, 0x00, 0x00, 0x00, 0x00, 0x00, 0x00, 0x00, 0x00, 0x00, 0x00, 0x00,
  0x00, 0x00, 0x00, 0x00, 0x00, 0x00, 0x00, 0x00, 0x00, 0x00, 0x00, 0x00,
  0x00, 0x00, 0x00, 0x00, 0x00, 0x00, 0x00, 0x00, 0x00, 0x00, 0x00, 0x00,
  0x00, 0x00, 0x00, 0x00, 0x00, 0x00, 0x00, 0x00, 0x00, 0x00, 0x00, 0x00,
  0x00, 0x00, 0x00, 0x00, 0x00, 0x00, 0x00, 0x00, 0x00, 0x00, 0x00, 0x00,
  0x00, 0x00, 0x00, 0x00, 0x00, 0x00, 0x00, 0x00, 0x00, 0x00, 0x00, 0x00,
  0x00, 0x00, 0x00, 0x00, 0x00, 0x00, 0x00, 0x00, 0x00, 0x00, 0x00, 0x00,
  0x00, 0x00, 0x00, 0x00, 0x00, 0x00, 0x00, 0x00, 0x00, 0x00, 0x00, 0x00,
  0x00, 0x00, 0x00, 0x00, 0x00, 0x00, 0x00, 0x00, 0x00, 0x00, 0x00, 0x00,
  0x00, 0x00, 0x00, 0x00, 0x00, 0x00, 0x00, 0x00, 0x00, 0x00, 0x00, 0x00,
  0x00, 0x00, 0x00, 0x00, 0x00, 0x00, 0x00, 0x00, 0x00, 0x00, 0x00, 0x00,
  0x00, 0x00, 0x00, 0x00, 0x00, 0x00, 0x00, 0x00, 0x00, 0x00, 0x00, 0x00,
  0x00, 0x00, 0x00, 0x00, 0x00, 0x00, 0x00, 0x00, 0x00, 0x00, 0x00, 0x00,
  0x00, 0x00, 0x00, 0x00, 0x00, 0x00, 0x00, 0x00, 0x00, 0x00, 0x00, 0x00,
  0x00, 0x00, 0x00, 0x00, 0x00, 0x00, 0x00, 0x00, 0x00, 0x00, 0x00, 0x00,
  0x00, 0x00, 0x00, 0x00, 0x00, 0x00, 0x00, 0x00, 0x00, 0x00, 0x00, 0x00,
  0x00, 0x00, 0x00, 0x00, 0x00, 0x00, 0x00, 0x00, 0x00, 0x00, 0x00, 0x00,
  0x00, 0x00, 0x00, 0x00, 0x00, 0x00, 0x00, 0x00, 0x00, 0x00, 0x00, 0x00,
  0x00, 0x00, 0x00, 0x00, 0x00, 0x00, 0x00, 0x00, 0x00, 0x00, 0x00, 0x00,
  0x00, 0x00, 0x00, 0x00, 0x00, 0x00, 0x00, 0x00, 0x00, 0x00, 0x00, 0x00,
  0x00, 0x00, 0x00, 0x00, 0x00, 0x00, 0x00, 0x00, 0x00, 0x00, 0x00, 0x00,
  0x00, 0x00, 0x00, 0x00, 0x00, 0x00, 0x00, 0x00, 0x00, 0x00, 0x00, 0x00,
  0x00, 0x00, 0x00, 0x00, 0x00, 0x00, 0x00, 0x00, 0x00, 0x00, 0x00, 0x00,
  0x00, 0x00, 0x00, 0x00, 0x00, 0x00, 0x00, 0x00, 0x00, 0x00, 0x00, 0x00,
  0x00, 0x00, 0x00, 0x00, 0x00, 0x00, 0x00, 0x00, 0x00, 0x00, 0x00, 0x00,
  0x00, 0x00, 0x00, 0x00, 0x00, 0x00, 0x00, 0x00, 0x00, 0x00, 0x00, 0x00,
  0x00, 0x00, 0x00, 0x00, 0x00, 0x00, 0x00, 0x00, 0x00, 0x00, 0x00, 0x00,
  0x00, 0x00, 0x00, 0x00, 0x00, 0x00, 0x00, 0x00, 0x00, 0x00, 0x00, 0x00,
  0x00, 0x00, 0x00, 0x00, 0x00, 0x00, 0x00, 0x00, 0x00, 0x00, 0x00, 0x00,
  0x00, 0x00, 0x00, 0x00, 0x00, 0x00, 0x00, 0x00, 0x00, 0x00, 0x00, 0x00,
  0x00, 0x00, 0x00, 0x00, 0x00, 0x00, 0x00, 0x00, 0x00, 0x00, 0x00, 0x00,
  0x00, 0x00, 0x00, 0x00, 0x00, 0x00, 0x00, 0x00, 0x00, 0x00, 0x00, 0x00,
  0x00, 0x00, 0x00, 0x00, 0x00, 0x00, 0x00, 0x00, 0x00, 0x00, 0x00, 0x00,
  0x00, 0x00, 0x00, 0x00, 0x00, 0x00, 0x00, 0x00, 0x00, 0x00, 0x00, 0x00,
  0x00, 0x00, 0x00, 0x00, 0x00, 0x00, 0x00, 0x00, 0x00, 0x00, 0x00, 0x00,
  0x00, 0x00, 0x00, 0x00, 0x00, 0x00, 0x00, 0x00, 0x00, 0x00, 0x00, 0x00,
  0x00, 0x00, 0x00, 0x00, 0x00, 0x00, 0x00, 0x00, 0x00, 0x00, 0x00, 0x00,
  0x00, 0x00, 0x00, 0x00, 0x00, 0x00, 0x00, 0x00, 0x00, 0x00, 0x00, 0x00,
  0x00, 0x00, 0x00, 0x00, 0x00, 0x00, 0x00, 0x00, 0x00, 0x00, 0x00, 0x00,
  0x00, 0x00, 0x00, 0x00, 0x00, 0x00, 0x00, 0x00, 0x00, 0x00, 0x00, 0x00,
  0x00, 0x00, 0x00, 0x00, 0x00, 0x00, 0x00, 0x00, 0x00, 0x00, 0x00, 0x00,
  0x00, 0x00, 0x00, 0x00, 0x00, 0x00, 0x00, 0x00, 0x00, 0x00, 0x00, 0x00,
  0x00, 0x00, 0x00, 0x00, 0x00, 0x00, 0x00, 0x00, 0x00, 0x00, 0x00, 0x00,
  0x00, 0x00, 0x00, 0x00, 0x00, 0x00, 0x00, 0x00, 0x00, 0x00, 0x00, 0x00,
  0x00, 0x00, 0x00, 0x00, 0x00, 0x00, 0x00, 0x00, 0x00, 0x00, 0x00, 0x00,
  0x00, 0x00, 0x00, 0x00, 0x00, 0x00, 0x00, 0x00, 0x00, 0x00, 0x00, 0x00,
  0x00, 0x00, 0x00, 0x00, 0x00, 0x00, 0x00, 0x00, 0x00, 0x00, 0x00, 0x00,
  0x00, 0x00, 0x00, 0x00, 0x00, 0x00, 0x00, 0x00, 0x00, 0x00, 0x00, 0x00,
  0x00, 0x00, 0x00, 0x00, 0x00, 0x00, 0x00, 0x00, 0x00, 0x00, 0x00, 0x00,
  0x00, 0x00, 0x00, 0x00, 0x00, 0x00, 0x00, 0x00, 0x00, 0x00, 0x00, 0x00,
  0x00, 0x00, 0x00, 0x00, 0x00, 0x00, 0x00, 0x00, 0x00, 0x00, 0x00, 0x00,
  0x00, 0x00, 0x00, 0x00, 0x00, 0x00, 0x00, 0x00, 0x00, 0x00, 0x00, 0x00,
  0x00, 0x00, 0x00, 0x00, 0x00, 0x00, 0x00, 0x00, 0x00, 0x00, 0x00, 0x00,
  0x00, 0x00, 0x00, 0x00, 0x00, 0x00, 0x00, 0x00, 0x00, 0x00, 0x00, 0x00,
  0x00, 0x00, 0x00, 0x00, 0x00, 0x00, 0x00, 0x00, 0x00, 0x00, 0x00, 0x00,
  0x00, 0x00, 0x00, 0x00, 0x00, 0x00, 0x00, 0x00, 0x00, 0x00, 0x00, 0x00,
  0x00, 0x00, 0x00, 0x00, 0x00, 0x00, 0x00, 0x00, 0x00, 0x00, 0x00, 0x00,
  0x00, 0x00, 0x00, 0x00, 0x00, 0x00, 0x00, 0x00, 0x00, 0x00, 0x00, 0x00,
  0x00, 0x00, 0x00, 0x00, 0x00, 0x00, 0x00, 0x00, 0x00, 0x00, 0x00, 0x00,
  0x00, 0x00, 0x00, 0x00, 0x00, 0x00, 0x00, 0x00, 0x00, 0x00, 0x00, 0x00,
  0x00, 0x00, 0x00, 0x00, 0x00, 0x00, 0x00, 0x00, 0x00, 0x00, 0x00, 0x00,
  0x00, 0x00, 0x00, 0x00, 0x00, 0x00, 0x00, 0x00, 0x00, 0x00, 0x00, 0x00,
  0x00, 0x00, 0x00, 0x00, 0x00, 0x00, 0x00, 0x00, 0x00, 0x00, 0x00, 0x00,
  0x00, 0x00, 0x00, 0x00, 0x00, 0x00, 0x00, 0x00, 0x00, 0x00, 0x00, 0x00,
  0x00, 0x00, 0x00, 0x00, 0x00, 0x00, 0x00, 0x00, 0x00, 0x00, 0x00, 0x00,
  0x00, 0x00, 0x00, 0x00, 0x00, 0x00, 0x00, 0x00, 0x00, 0x00, 0x00, 0x00,
  0x00, 0x00, 0x00, 0x00, 0x00, 0x00, 0x00, 0x00, 0x00, 0x00, 0x00, 0x00,
  0x00, 0x00, 0x00, 0x00, 0x00, 0x00, 0x00, 0x00, 0x00, 0x00, 0x00, 0x00,
  0x00, 0x00, 0x00, 0x00, 0x00, 0x00, 0x00, 0x00, 0x00, 0x00, 0x00, 0x00,
  0x00, 0x00, 0x00, 0x00, 0x00, 0x00, 0x00, 0x00, 0x00, 0x00, 0x00, 0x00,
  0x00, 0x00, 0x00, 0x00, 0x00, 0x00, 0x00, 0x00, 0x00, 0x00, 0x00, 0x00,
  0x00, 0x00, 0x00, 0x00, 0x00, 0x00, 0x00, 0x00, 0x00, 0x00, 0x00, 0x00,
  0x00, 0x00, 0x00, 0x00, 0x00, 0x00, 0x00, 0x00, 0x00, 0x00, 0x00, 0x00,
  0x00, 0x00, 0x00, 0x00, 0x00, 0x00, 0x00, 0x00, 0x00, 0x00, 0x00, 0x00,
  0x00, 0x00, 0x00, 0x00, 0x00, 0x00, 0x00, 0x00, 0x00, 0x00, 0x00, 0x00,
  0x00, 0x00, 0x00, 0x00, 0x00, 0x00, 0x00, 0x00, 0x00, 0x00, 0x00, 0x00,
  0x00, 0x00, 0x00, 0x00, 0x00, 0x00, 0x00, 0x00, 0x00, 0x00, 0x00, 0x00,
  0x00, 0x00, 0x00, 0x00, 0x00, 0x00, 0x00, 0x00, 0x00, 0x00, 0x00, 0x00,
  0x00, 0x00, 0x00, 0x00, 0x00, 0x00, 0x00, 0x00, 0x00, 0x00, 0x00, 0x00,
  0x00, 0x00, 0x00, 0x00, 0x00, 0x00, 0x00, 0x00, 0x00, 0x00, 0x00, 0x00,
  0x00, 0x00, 0x00, 0x00, 0x00, 0x00, 0x00, 0x00, 0x00, 0x00, 0x00, 0x00,
  0x00, 0x00, 0x00, 0x00, 0x00, 0x00, 0x00, 0x00, 0x00, 0x00, 0x00, 0x00,
  0x00, 0x00, 0x00, 0x00, 0x00, 0x00, 0x00, 0x00, 0x00, 0x00, 0x00, 0x00,
  0x00, 0x00, 0x00, 0x00, 0x00, 0x00, 0x00, 0x00, 0x00, 0x00, 0x00, 0x00,
  0x00, 0x00, 0x00, 0x00, 0x00, 0x00, 0x00, 0x00, 0x00, 0x00, 0x00, 0x00,
  0x00, 0x00, 0x00, 0x00, 0x00, 0x00, 0x00, 0x00, 0x00, 0x00, 0x00, 0x00,
  0x00, 0x00, 0x00, 0x00, 0x00, 0x00, 0x00, 0x00, 0x00, 0x00, 0x00, 0x00,
  0x00, 0x00, 0x00, 0x00, 0x00, 0x00, 0x00, 0x00, 0x00, 0x00, 0x00, 0x00,
  0x00, 0x00, 0x00, 0x00, 0x00, 0x00, 0x00, 0x00, 0x00, 0x00, 0x00, 0x00,
  0x00, 0x00, 0x00, 0x00, 0x00, 0x00, 0x00, 0x00, 0x00, 0x00, 0x00, 0x00,
  0x00, 0x00, 0x00, 0x00, 0x00, 0x00, 0x00, 0x00, 0x00, 0x00, 0x00, 0x00,
  0x00, 0x00, 0x00, 0x00, 0x00, 0x00, 0x00, 0x00, 0x00, 0x00, 0x00, 0x00,
  0x00, 0x00, 0x00, 0x00, 0x00, 0x00, 0x00, 0x00, 0x00, 0x00, 0x00, 0x00,
  0x00, 0x00, 0x00, 0x00, 0x00, 0x00, 0x00, 0x00, 0x00, 0x00, 0x00, 0x00,
  0x00, 0x00, 0x00, 0x00, 0x00, 0x00, 0x00, 0x00, 0x00, 0x00, 0x00, 0x00,
  0x00, 0x00, 0x00, 0x00, 0x00, 0x00, 0x00, 0x00, 0x00, 0x00, 0x00, 0x00,
  0x00, 0x00, 0x00, 0x00, 0x00, 0x00, 0x00, 0x00, 0x00, 0x00, 0x00, 0x00,
  0x00, 0x00, 0x00, 0x00, 0x00, 0x00, 0x00, 0x00, 0x00, 0x00, 0x00, 0x00,
  0x00, 0x00, 0x00, 0x00, 0x00, 0x00, 0x00, 0x00, 0x00, 0x00, 0x00, 0x00,
  0x00, 0x00, 0x00, 0x00, 0x00, 0x00, 0x00, 0x00, 0x00, 0x00, 0x00, 0x00,
  0x00, 0x00, 0x00, 0x00, 0x00, 0x00, 0x00, 0x00, 0x00, 0x00, 0x00, 0x00,
  0x00, 0x00, 0x00, 0x00, 0x00, 0x00, 0x00, 0x00, 0x00, 0x00, 0x00, 0x00,
  0x00, 0x00, 0x00, 0x00, 0x00, 0x00, 0x00, 0x00, 0x00, 0x00, 0x00, 0x00,
  0x00, 0x00, 0x00, 0x00, 0x00, 0x00, 0x00, 0x00, 0x00, 0x00, 0x00, 0x00,
  0x00, 0x00, 0x00, 0x00, 0x00, 0x00, 0x00, 0x00, 0x00, 0x00, 0x00, 0x00,
  0x00, 0x00, 0x00, 0x00, 0x00, 0x00, 0x00, 0x00, 0x00, 0x00, 0x00, 0x00,
  0x00, 0x00, 0x00, 0x00, 0x00, 0x00, 0x00, 0x00, 0x00, 0x00, 0x00, 0x00,
  0x00, 0x00, 0x00, 0x00, 0x00, 0x00, 0x00, 0x00, 0x00, 0x00, 0x00, 0x00,
  0x00, 0x00, 0x00, 0x00, 0x00, 0x00, 0x00, 0x00, 0x00, 0x00, 0x00, 0x00,
  0x00, 0x00, 0x00, 0x00, 0x00, 0x00, 0x00, 0x00, 0x00, 0x00, 0x00, 0x00,
  0x00, 0x00, 0x00, 0x00, 0x00, 0x00, 0x00, 0x00, 0x00, 0x00, 0x00, 0x00,
  0x00, 0x00, 0x00, 0x00, 0x00, 0x00, 0x00, 0x00, 0x00, 0x00, 0x00, 0x00,
  0x00, 0x00, 0x00, 0x00, 0x00, 0x00, 0x00, 0x00, 0x00, 0x00, 0x00, 0x00,
  0x00, 0x00, 0x00, 0x00, 0x00, 0x00, 0x00, 0x00, 0x00, 0x00, 0x00, 0x00,
  0x00, 0x00, 0x00, 0x00, 0x00, 0x00, 0x00, 0x00, 0x00, 0x00, 0x00, 0x00,
  0x00, 0x00, 0x00, 0x00, 0x00, 0x00, 0x00, 0x00, 0x00, 0x00, 0x00, 0x00,
  0x00, 0x00, 0x00, 0x00, 0x00, 0x00, 0x00, 0x00, 0x00, 0x00, 0x00, 0x00,
  0x00, 0x00, 0x00, 0x00, 0x00, 0x00, 0x00, 0x00, 0x00, 0x00, 0x00, 0x00,
  0x00, 0x00, 0x00, 0x00, 0x00, 0x00, 0x00, 0x00, 0x00, 0x00, 0x00, 0x00,
  0x00, 0x00, 0x00, 0x00, 0x00, 0x00, 0x00, 0x00, 0x00, 0x00, 0x00, 0x00,
  0x00, 0x00, 0x00, 0x00, 0x00, 0x00, 0x00, 0x00, 0x00, 0x00, 0x00, 0x00,
  0x00, 0x00, 0x00, 0x00, 0x00, 0x00, 0x00, 0x00, 0x00, 0x00, 0x00, 0x00,
  0x00, 0x00, 0x00, 0x00, 0x00, 0x00, 0x00, 0x00, 0x00, 0x00, 0x00, 0x00,
  0x00, 0x00, 0x00, 0x00, 0x00, 0x00, 0x00, 0x00, 0x00, 0x00, 0x00, 0x00,
  0x00, 0x00, 0x00, 0x00, 0x00, 0x00, 0x00, 0x00, 0x00, 0x00, 0x00, 0x00,
  0x00, 0x00, 0x00, 0x00, 0x00, 0x00, 0x00, 0x00, 0x00, 0x00, 0x00, 0x00,
  0x00, 0x00, 0x00, 0x00, 0x00, 0x00, 0x00, 0x00, 0x00, 0x00, 0x00, 0x00,
  0x00, 0x00, 0x00, 0x00, 0x00, 0x00, 0x00, 0x00, 0x00, 0x00, 0x00, 0x00,
  0x00, 0x00, 0x00, 0x00, 0x00, 0x00, 0x00, 0x00, 0x00, 0x00, 0x00, 0x00,
  0x00, 0x00, 0x00, 0x00, 0x00, 0x00, 0x00, 0x00, 0x00, 0x00, 0x00, 0x00,
  0x00, 0x00, 0x00, 0x00, 0x00, 0x00, 0x00, 0x00, 0x00, 0x00, 0x00, 0x00,
  0x00, 0x00, 0x00, 0x00, 0x00, 0x00, 0x00, 0x00, 0x00, 0x00, 0x00, 0x00,
  0x00, 0x00, 0x00, 0x00, 0x00, 0x00, 0x00, 0x00, 0x00, 0x00, 0x00, 0x00,
  0x00, 0x00, 0x00, 0x00, 0x00, 0x00, 0x00, 0x00, 0x00, 0x00, 0x00, 0x00,
  0x00, 0x00, 0x00, 0x00, 0x00, 0x00, 0x00, 0x00, 0x00, 0x00, 0x00, 0x00,
  0x00, 0x00, 0x00, 0x00, 0x00, 0x00, 0x00, 0x00, 0x00, 0x00, 0x00, 0x00,
  0x00, 0x00, 0x00, 0x00, 0x00, 0x00, 0x00, 0x00, 0x00, 0x00, 0x00, 0x00,
  0x00, 0x00, 0x00, 0x00, 0x00, 0x00, 0x00, 0x00, 0x00, 0x00, 0x00, 0x00,
  0x00, 0x00, 0x00, 0x00, 0x00, 0x00, 0x00, 0x00, 0x00, 0x00, 0x00, 0x00,
  0x00, 0x00, 0x00, 0x00, 0x00, 0x00, 0x00, 0x00, 0x00, 0x00, 0x00, 0x00,
  0x00, 0x00, 0x00, 0x00, 0x00, 0x00, 0x00, 0x00, 0x00, 0x00, 0x00, 0x00,
  0x00, 0x00, 0x00, 0x00, 0x00, 0x00, 0x00, 0x00, 0x00, 0x00, 0x00, 0x00,
  0x00, 0x00, 0x00, 0x00, 0x00, 0x00, 0x00, 0x00, 0x00, 0x00, 0x00, 0x00,
  0x00, 0x00, 0x00, 0x00, 0x00, 0x00, 0x00, 0x00, 0x00, 0x00, 0x00, 0x00,
  0x00, 0x00, 0x00, 0x00, 0x00, 0x00, 0x00, 0x00, 0x00, 0x00, 0x00, 0x00,
  0x00, 0x00, 0x00, 0x00, 0x00, 0x00, 0x00, 0x00, 0x00, 0x00, 0x00, 0x00,
  0x00, 0x00, 0x00, 0x00, 0x00, 0x00, 0x00, 0x00, 0x00, 0x00, 0x00, 0x00,
  0x00, 0x00, 0x00, 0x00, 0x00, 0x00, 0x00, 0x00, 0x00, 0x00, 0x00, 0x00,
  0x00, 0x00, 0x00, 0x00, 0x00, 0x00, 0x00, 0x00, 0x00, 0x00, 0x00, 0x00,
  0x00, 0x00, 0x00, 0x00, 0x00, 0x00, 0x00, 0x00, 0x00, 0x00, 0x00, 0x00,
  0x00, 0x00, 0x00, 0x00, 0x00, 0x00, 0x00, 0x00, 0x00, 0x00, 0x00, 0x00,
  0x00, 0x00, 0x00, 0x00, 0x00, 0x00, 0x00, 0x00, 0x00, 0x00, 0x00, 0x00,
  0x00, 0x00, 0x00, 0x00, 0x00, 0x00, 0x00, 0x00, 0x00, 0x00, 0x00, 0x00,
  0x00, 0x00, 0x00, 0x00, 0x00, 0x00, 0x00, 0x00, 0x00, 0x00, 0x00, 0x00,
  0x00, 0x00, 0x00, 0x00, 0x00, 0x00, 0x00, 0x00, 0x00, 0x00, 0x00, 0x00,
  0x00, 0x00, 0x00, 0x00, 0x00, 0x00, 0x00, 0x00, 0x00, 0x00, 0x00, 0x00,
  0x00, 0x00, 0x00, 0x00, 0x00, 0x00, 0x00, 0x00, 0x00, 0x00, 0x00, 0x00,
  0x00, 0x00, 0x00, 0x00, 0x00, 0x00, 0x00, 0x00, 0x00, 0x00, 0x00, 0x00,
  0x00, 0x00, 0x00, 0x00, 0x00, 0x00, 0x00, 0x00, 0x00, 0x00, 0x00, 0x00,
  0x00, 0x00, 0x00, 0x00, 0x00, 0x00, 0x00, 0x00, 0x00, 0x00, 0x00, 0x00,
  0x00, 0x00, 0x00, 0x00, 0x00, 0x00, 0x00, 0x00, 0x00, 0x00, 0x00, 0x00,
  0x00, 0x00, 0x00, 0x00, 0x00, 0x00, 0x00, 0x00, 0x00, 0x00, 0x00, 0x00,
  0x00, 0x00, 0x00, 0x00, 0x00, 0x00, 0x00, 0x00, 0x00, 0x00, 0x00, 0x00,
  0x00, 0x00, 0x00, 0x00, 0x00, 0x00, 0x00, 0x00, 0x00, 0x00, 0x00, 0x00,
  0x00, 0x00, 0x00, 0x00, 0x00, 0x00, 0x00, 0x00, 0x00, 0x00, 0x00, 0x00,
  0x00, 0x00, 0x00, 0x00, 0x00, 0x00, 0x00, 0x00, 0x00, 0x00, 0x00, 0x00,
  0x00, 0x00, 0x00, 0x00, 0x00, 0x00, 0x00, 0x00, 0x00, 0x00, 0x00, 0x00,
  0x00, 0x00, 0x00, 0x00, 0x00, 0x00, 0x00, 0x00, 0x00, 0x00, 0x00, 0x00,
  0x00, 0x00, 0x00, 0x00, 0x00, 0x00, 0x00, 0x00, 0x00, 0x00, 0x00, 0x00,
  0x00, 0x00, 0x00, 0x00, 0x00, 0x00, 0x00, 0x00, 0x00, 0x00, 0x00, 0x00,
  0x00, 0x00, 0x00, 0x00, 0x00, 0x00, 0x00, 0x00, 0x00, 0x00, 0x00, 0x00,
  0x00, 0x00, 0x00, 0x00, 0x00, 0x00, 0x00, 0x00, 0x00, 0x00, 0x00, 0x00,
  0x00, 0x00, 0x00, 0x00, 0x00, 0x00, 0x00, 0x00, 0x00, 0x00, 0x00, 0x00,
  0x00, 0x00, 0x00, 0x00, 0x00, 0x00, 0x00, 0x00, 0x00, 0x00, 0x00, 0x00,
  0x00, 0x00, 0x00, 0x00, 0x00, 0x00, 0x00, 0x00, 0x00, 0x00, 0x00, 0x00,
  0x00, 0x00, 0x00, 0x00, 0x00, 0x00, 0x00, 0x00, 0x00, 0x00, 0x00, 0x00,
  0x00, 0x00, 0x00, 0x00, 0x00, 0x00, 0x00, 0x00, 0x00, 0x00, 0x00, 0x00,
  0x00, 0x00, 0x00, 0x00, 0x00, 0x00, 0x00, 0x00, 0x00, 0x00, 0x00, 0x00,
  0x00, 0x00, 0x00, 0x00, 0x00, 0x00, 0x00, 0x00, 0x00, 0x00, 0x00, 0x00,
  0x00, 0x00, 0x00, 0x00, 0x00, 0x00, 0x00, 0x00, 0x00, 0x00, 0x00, 0x00,
  0x00, 0x00, 0x00, 0x00, 0x00, 0x00, 0x00, 0x00, 0x00, 0x00, 0x00, 0x00,
  0x00, 0x00, 0x00, 0x00, 0x00, 0x00, 0x00, 0x00, 0x00, 0x00, 0x00, 0x00,
  0x00, 0x00, 0x00, 0x00, 0x00, 0x00, 0x00, 0x00, 0x00, 0x00, 0x00, 0x00,
  0x00, 0x00, 0x00, 0x00, 0x00, 0x00, 0x00, 0x00, 0x00, 0x00, 0x00, 0x00,
  0x00, 0x00, 0x00, 0x00, 0x00, 0x00, 0x00, 0x00, 0x00, 0x00, 0x00, 0x00,
  0x00, 0x00, 0x00, 0x00, 0x00, 0x00, 0x00, 0x00, 0x00, 0x00, 0x00, 0x00,
  0x00, 0x00, 0x00, 0x00, 0x00, 0x00, 0x00, 0x00, 0x00, 0x00, 0x00, 0x00,
  0x00, 0x00, 0x00, 0x00, 0x00, 0x00, 0x00, 0x00, 0x00, 0x00, 0x00, 0x00,
  0x00, 0x00, 0x00, 0x00, 0x00, 0x00, 0x00, 0x00, 0x00, 0x00, 0x00, 0x00,
  0x00, 0x00, 0x00, 0x00, 0x00, 0x00, 0x00, 0x00, 0x00, 0x00, 0x00, 0x00,
  0x00, 0x00, 0x00, 0x00, 0x00, 0x00, 0x00, 0x00, 0x00, 0x00, 0x00, 0x00,
  0x00, 0x00, 0x00, 0x00, 0x00, 0x00, 0x00, 0x00, 0x00, 0x00, 0x00, 0x00,
  0x00, 0x00, 0x00, 0x00, 0x00, 0x00, 0x00, 0x00, 0x00, 0x00, 0x00, 0x00,
  0x00, 0x00, 0x00, 0x00, 0x00, 0x00, 0x00, 0x00, 0x00, 0x00, 0x00, 0x00,
  0x00, 0x00, 0x00, 0x00, 0x00, 0x00, 0x00, 0x00, 0x00, 0x00, 0x00, 0x00,
  0x00, 0x00, 0x00, 0x00, 0x00, 0x00, 0x00, 0x00, 0x00, 0x00, 0x00, 0x00,
  0x00, 0x00, 0x00, 0x00, 0x00, 0x00, 0x00, 0x00, 0x00, 0x00, 0x00, 0x00,
  0x00, 0x00, 0x00, 0x00, 0x00, 0x00, 0x00, 0x00, 0x00, 0x00, 0x00, 0x00,
  0x00, 0x00, 0x00, 0x00, 0x00, 0x00, 0x00, 0x00, 0x00, 0x00, 0x00, 0x00,
  0x00, 0x00, 0x00, 0x00, 0x00, 0x00, 0x00, 0x00, 0x00, 0x00, 0x00, 0x00,
  0x00, 0x00, 0x00, 0x00, 0x00, 0x00, 0x00, 0x00, 0x00, 0x00, 0x00, 0x00,
  0x00, 0x00, 0x00, 0x00, 0x00, 0x00, 0x00, 0x00, 0x00, 0x00, 0x00, 0x00,
  0x00, 0x00, 0x00, 0x00, 0x00, 0x00, 0x00, 0x00, 0x00, 0x00, 0x00, 0x00,
  0x00, 0x00, 0x00, 0x00, 0x00, 0x00, 0x00, 0x00, 0x00, 0x00, 0x00, 0x00,
  0x00, 0x00, 0x00, 0x00, 0x00, 0x00, 0x00, 0x00, 0x00, 0x00, 0x00, 0x00,
  0x00, 0x00, 0x00, 0x00, 0x00, 0x00, 0x00, 0x00, 0x00, 0x00, 0x00, 0x00,
  0x00, 0x00, 0x00, 0x00, 0x00, 0x00, 0x00, 0x00, 0x00, 0x00, 0x00, 0x00,
  0x00, 0x00, 0x00, 0x00, 0x00, 0x00, 0x00, 0x00, 0x00, 0x00, 0x00, 0x00,
  0x00, 0x00, 0x00, 0x00, 0x00, 0x00, 0x00, 0x00, 0x00, 0x00, 0x00, 0x00,
  0x00, 0x00, 0x00, 0x00, 0x00, 0x00, 0x00, 0x00, 0x00, 0x00, 0x00, 0x00,
  0x00, 0x00, 0x00, 0x00, 0x00, 0x00, 0x00, 0x00, 0x00, 0x00, 0x00, 0x00,
  0x00, 0x00, 0x00, 0x00, 0x00, 0x00, 0x00, 0x00, 0x00, 0x00, 0x00, 0x00,
  0x00, 0x00, 0x00, 0x00, 0x00, 0x00, 0x00, 0x00, 0x00, 0x00, 0x00, 0x00,
  0x00, 0x00, 0x00, 0x00, 0x00, 0x00, 0x00, 0x00, 0x00, 0x00, 0x00, 0x00,
  0x00, 0x00, 0x00, 0x00, 0x00, 0x00, 0x00, 0x00, 0x00, 0x00, 0x00, 0x00,
  0x00, 0x00, 0x00, 0x00, 0x00, 0x00, 0x00, 0x00, 0x00, 0x00, 0x00, 0x00,
  0x00, 0x00, 0x00, 0x00, 0x00, 0x00, 0x00, 0x00, 0x00, 0x00, 0x00, 0x00,
  0x00, 0x00, 0x00, 0x00, 0x00, 0x00, 0x00, 0x00, 0x00, 0x00, 0x00, 0x00,
  0x00, 0x00, 0x00, 0x00, 0x00, 0x00, 0x00, 0x00, 0x00, 0x00, 0x00, 0x00,
  0x00, 0x00, 0x00, 0x00, 0x00, 0x00, 0x00, 0x00, 0x00, 0x00, 0x00, 0x00,
  0x00, 0x00, 0x00, 0x00, 0x00, 0x00, 0x00, 0x00, 0x00, 0x00, 0x00, 0x00,
  0x00, 0x00, 0x00, 0x00, 0x00, 0x00, 0x00, 0x00, 0x00, 0x00, 0x00, 0x00,
  0x00, 0x00, 0x00, 0x00, 0x00, 0x00, 0x00, 0x00, 0x00, 0x00, 0x00, 0x00,
  0x00, 0x00, 0x00, 0x00, 0x00, 0x00, 0x00, 0x00, 0x00, 0x00, 0x00, 0x00,
  0x00, 0x00, 0x00, 0x00, 0x00, 0x00, 0x00, 0x00, 0x00, 0x00, 0x00, 0x00,
  0x00, 0x00, 0x00, 0x00, 0x00, 0x00, 0x00, 0x00, 0x00, 0x00, 0x00, 0x00,
  0x00, 0x00, 0x00, 0x00, 0x00, 0x00, 0x00, 0x00, 0x00, 0x00, 0x00, 0x00,
  0x00, 0x00, 0x00, 0x00, 0x00, 0x00, 0x00, 0x00, 0x00, 0x00, 0x00, 0x00,
  0x00, 0x00, 0x00, 0x00, 0x00, 0x00, 0x00, 0x00, 0x00, 0x00, 0x00, 0x00,
  0x00, 0x00, 0x00, 0x00, 0x00, 0x00, 0x00, 0x00, 0x00, 0x00, 0x00, 0x00,
  0x00, 0x00, 0x00, 0x00, 0x00, 0x00, 0x00, 0x00, 0x00, 0x00, 0x00, 0x00,
  0x00, 0x00, 0x00, 0x00, 0x00, 0x00, 0x00, 0x00, 0x00, 0x00, 0x00, 0x00,
  0x00, 0x00, 0x00, 0x00, 0x00, 0x00, 0x00, 0x00, 0x00, 0x00, 0x00, 0x00,
  0x00, 0x00, 0x00, 0x00, 0x00, 0x00, 0x00, 0x00, 0x00, 0x00, 0x00, 0x00,
  0x00, 0x00, 0x00, 0x00, 0x00, 0x00, 0x00, 0x00, 0x00, 0x00, 0x00, 0x00,
  0x00, 0x00, 0x00, 0x00, 0x00, 0x00, 0x00, 0x00, 0x00, 0x00, 0x00, 0x00,
  0x00, 0x00, 0x00, 0x00, 0x00, 0x00, 0x00, 0x00, 0x00, 0x00, 0x00, 0x00,
  0x00, 0x00, 0x00, 0x00, 0x00, 0x00, 0x00, 0x00, 0x00, 0x00, 0x00, 0x00,
  0x00, 0x00, 0x00, 0x00, 0x00, 0x00, 0x00, 0x00, 0x00, 0x00, 0x00, 0x00,
  0x00, 0x00, 0x00, 0x00, 0x00, 0x00, 0x00, 0x00, 0x00, 0x00, 0x00, 0x00,
  0x00, 0x00, 0x00, 0x00, 0x00, 0x00, 0x00, 0x00, 0x00, 0x00, 0x00, 0x00,
  0x00, 0x00, 0x00, 0x00, 0x00, 0x00, 0x00, 0x00, 0x00, 0x00, 0x00, 0x00,
  0x00, 0x00, 0x00, 0x00, 0x00, 0x00, 0x00, 0x00, 0x00, 0x00, 0x00, 0x00,
  0x00, 0x00, 0x00, 0x00, 0x00, 0x00, 0x00, 0x00, 0x00, 0x00, 0x00, 0x00,
  0x00, 0x00, 0x00, 0x00, 0x00, 0x00, 0x00, 0x00, 0x00, 0x00, 0x00, 0x00,
  0x00, 0x00, 0x00, 0x00, 0x00, 0x00, 0x00, 0x00, 0x00, 0x00, 0x00, 0x00,
  0x00, 0x00, 0x00, 0x00, 0x00, 0x00, 0x00, 0x00, 0x00, 0x00, 0x00, 0x00,
  0x00, 0x00, 0x00, 0x00, 0x00, 0x00, 0x00, 0x00, 0x00, 0x00, 0x00, 0x00,
  0x00, 0x00, 0x00, 0x00, 0x00, 0x00, 0x00, 0x00, 0x00, 0x00, 0x00, 0x00,
  0x00, 0x00, 0x00, 0x00, 0x00, 0x00, 0x00, 0x00, 0x00, 0x00, 0x00, 0x00,
  0x00, 0x00, 0x00, 0x00, 0x00, 0x00, 0x00, 0x00, 0x00, 0x00, 0x00, 0x00,
  0x00, 0x00, 0x00, 0x00, 0x00, 0x00, 0x00, 0x00, 0x00, 0x00, 0x00, 0x00,
  0x00, 0x00, 0x00, 0x00, 0x00, 0x00, 0x00, 0x00, 0x00, 0x00, 0x00, 0x00,
  0x00, 0x00, 0x00, 0x00, 0x00, 0x00, 0x00, 0x00, 0x00, 0x00, 0x00, 0x00,
  0x00, 0x00, 0x00, 0x00, 0x00, 0x00, 0x00, 0x00, 0x00, 0x00, 0x00, 0x00,
  0x00, 0x00, 0x00, 0x00, 0x00, 0x00, 0x00, 0x00, 0x00, 0x00, 0x00, 0x00,
  0x00, 0x00, 0x00, 0x00, 0x00, 0x00, 0x00, 0x00, 0x00, 0x00, 0x00, 0x00,
  0x00, 0x00, 0x00, 0x00, 0x00, 0x00, 0x00, 0x00, 0x00, 0x00, 0x00, 0x00,
  0x00, 0x00, 0x00, 0x00, 0x00, 0x00, 0x00, 0x00, 0x00, 0x00, 0x00, 0x00,
  0x00, 0x00, 0x00, 0x00, 0x00, 0x00, 0x00, 0x00, 0x00, 0x00, 0x00, 0x00,
  0x00, 0x00, 0x00, 0x00, 0x00, 0x00, 0x00, 0x00, 0x00, 0x00, 0x00, 0x00,
  0x00, 0x00, 0x00, 0x00, 0x00, 0x00, 0x00, 0x00, 0x00, 0x00, 0x00, 0x00,
  0x00, 0x00, 0x00, 0x00, 0x00, 0x00, 0x00, 0x00, 0x00, 0x00, 0x00, 0x00,
  0x00, 0x00, 0x00, 0x00, 0x00, 0x00, 0x00, 0x00, 0x00, 0x00, 0x00, 0x00,
  0x00, 0x00, 0x00, 0x00, 0x00, 0x00, 0x00, 0x00, 0x00, 0x00, 0x00, 0x00,
  0x00, 0x00, 0x00, 0x00, 0x00, 0x00, 0x00, 0x00, 0x00, 0x00, 0x00, 0x00,
  0x00, 0x00, 0x00, 0x00, 0x00, 0x00, 0x00, 0x00, 0x00, 0x00, 0x00, 0x00,
  0x00, 0x00, 0x00, 0x00, 0x00, 0x00, 0x00, 0x00, 0x00, 0x00, 0x00, 0x00,
  0x00, 0x00, 0x00, 0x00, 0x00, 0x00, 0x00, 0x00, 0x00, 0x00, 0x00, 0x00,
  0x00, 0x00, 0x00, 0x00, 0x00, 0x00, 0x00, 0x00, 0x00, 0x00, 0x00, 0x00,
  0x00, 0x00, 0x00, 0x00, 0x00, 0x00, 0x00, 0x00, 0x00, 0x00, 0x00, 0x00,
  0x00, 0x00, 0x00, 0x00, 0x00, 0x00, 0x00, 0x00, 0x00, 0x00, 0x00, 0x00,
  0x00, 0x00, 0x00, 0x00, 0x00, 0x00, 0x00, 0x00, 0x00, 0x00, 0x00, 0x00,
  0x00, 0x00, 0x00, 0x00, 0x00, 0x00, 0x00, 0x00, 0x00, 0x00, 0x00, 0x00,
  0x00, 0x00, 0x00, 0x00, 0x00, 0x00, 0x00, 0x00, 0x00, 0x00, 0x00, 0x00,
  0x00, 0x00, 0x00, 0x00, 0x00, 0x00, 0x00, 0x00, 0x00, 0x00, 0x00, 0x00,
  0x00, 0x00, 0x00, 0x00, 0x00, 0x00, 0x00, 0x00, 0x00, 0x00, 0x00, 0x00,
  0x00, 0x00, 0x00, 0x00, 0x00, 0x00, 0x00, 0x00, 0x00, 0x00, 0x00, 0x00,
  0x00, 0x00, 0x00, 0x00, 0x00, 0x00, 0x00, 0x00, 0x00, 0x00, 0x00, 0x00,
  0x00, 0x00, 0x00, 0x00, 0x00, 0x00, 0x00, 0x00, 0x00, 0x00, 0x00, 0x00,
  0x00, 0x00, 0x00, 0x00, 0x00, 0x00, 0x00, 0x00, 0x00, 0x00, 0x00, 0x00,
  0x00, 0x00, 0x00, 0x00, 0x00, 0x00, 0x00, 0x00, 0x00, 0x00, 0x00, 0x00,
  0x00, 0x00, 0x00, 0x00, 0x00, 0x00, 0x00, 0x00, 0x00, 0x00, 0x00, 0x00,
  0x00, 0x00, 0x00, 0x00, 0x00, 0x00, 0x00, 0x00, 0x00, 0x00, 0x00, 0x00,
  0x00, 0x00, 0x00, 0x00, 0x00, 0x00, 0x00, 0x00, 0x00, 0x00, 0x00, 0x00,
  0x00, 0x00, 0x00, 0x00, 0x00, 0x00, 0x00, 0x00, 0x00, 0x00, 0x00, 0x00,
  0x00, 0x00, 0x00, 0x00, 0x00, 0x00, 0x00, 0x00, 0x00, 0x00, 0x00, 0x00,
  0x00, 0x00, 0x00, 0x00, 0x00, 0x00, 0x00, 0x00, 0x00, 0x00, 0x00, 0x00,
  0x00, 0x00, 0x00, 0x00, 0x00, 0x00, 0x00, 0x00, 0x00, 0x00, 0x00, 0x00,
  0x00, 0x00, 0x00, 0x00, 0x00, 0x00, 0x00, 0x00, 0x00, 0x00, 0x00, 0x00,
  0x00, 0x00, 0x00, 0x00, 0x00, 0x00, 0x00, 0x00, 0x00, 0x00, 0x00, 0x00,
  0x00, 0x00, 0x00, 0x00, 0x00, 0x00, 0x00, 0x00, 0x00, 0x00, 0x00, 0x00,
  0x00, 0x00, 0x00, 0x00, 0x00, 0x00, 0x00, 0x00, 0x00, 0x00, 0x00, 0x00,
  0x00, 0x00, 0x00, 0x00, 0x00, 0x00, 0x00, 0x00, 0x00, 0x00, 0x00, 0x00,
  0x00, 0x00, 0x00, 0x00, 0x00, 0x00, 0x00, 0x00, 0x00, 0x00, 0x00, 0x00,
  0x00, 0x00, 0x00, 0x00, 0x00, 0x00, 0x00, 0x00, 0x00, 0x00, 0x00, 0x00,
  0x00, 0x00, 0x00, 0x00, 0x00, 0x00, 0x00, 0x00, 0x00, 0x00, 0x00, 0x00,
  0x00, 0x00, 0x00, 0x00, 0x00, 0x00, 0x00, 0x00, 0x00, 0x00, 0x00, 0x00,
  0x00, 0x00, 0x00, 0x00, 0x00, 0x00, 0x00, 0x00, 0x00, 0x00, 0x00, 0x00,
  0x00, 0x00, 0x00, 0x00, 0x00, 0x00, 0x00, 0x00, 0x00, 0x00, 0x00, 0x00,
  0x00, 0x00, 0x00, 0x00, 0x00, 0x00, 0x00, 0x00, 0x00, 0x00, 0x00, 0x00,
  0x00, 0x00, 0x00, 0x00, 0x00, 0x00, 0x00, 0x00, 0x00, 0x00, 0x00, 0x00,
  0x00, 0x00, 0x00, 0x00, 0x00, 0x00, 0x00, 0x00, 0x00, 0x00, 0x00, 0x00,
  0x00, 0x00, 0x00, 0x00, 0x00, 0x00, 0x00, 0x00, 0x00, 0x00, 0x00, 0x00,
  0x00, 0x00, 0x00, 0x00, 0x00, 0x00, 0x00, 0x00, 0x00, 0x00, 0x00, 0x00,
  0x00, 0x00, 0x00, 0x00, 0x00, 0x00, 0x00, 0x00, 0x00, 0x00, 0x00, 0x00,
  0x00, 0x00, 0x00, 0x00, 0x00, 0x00, 0x00, 0x00, 0x00, 0x00, 0x00, 0x00,
  0x00, 0x00, 0x00, 0x00, 0x00, 0x00, 0x00, 0x00, 0x00, 0x00, 0x00, 0x00,
  0x00, 0x00, 0x00, 0x00, 0x00, 0x00, 0x00, 0x00, 0x00, 0x00, 0x00, 0x00,
  0x00, 0x00, 0x00, 0x00, 0x00, 0x00, 0x00, 0x00, 0x00, 0x00, 0x00, 0x00,
  0x00, 0x00, 0x00, 0x00, 0x00, 0x00, 0x00, 0x00, 0x00, 0x00, 0x00, 0x00,
  0x00, 0x00, 0x00, 0x00, 0x00, 0x00, 0x00, 0x00, 0x00, 0x00, 0x00, 0x00,
  0x00, 0x00, 0x00, 0x00, 0x00, 0x00, 0x00, 0x00, 0x00, 0x00, 0x00, 0x00,
  0x00, 0x00, 0x00, 0x00, 0x00, 0x00, 0x00, 0x00, 0x00, 0x00, 0x00, 0x00,
  0x00, 0x00, 0x00, 0x00, 0x00, 0x00, 0x00, 0x00, 0x00, 0x00, 0x00, 0x00,
  0x00, 0x00, 0x00, 0x00, 0x00, 0x00, 0x00, 0x00, 0x00, 0x00, 0x00, 0x00,
  0x00, 0x00, 0x00, 0x00, 0x00, 0x00, 0x00, 0x00, 0x00, 0x00, 0x00, 0x00,
  0x00, 0x00, 0x00, 0x00, 0x00, 0x00, 0x00, 0x00, 0x00, 0x00, 0x00, 0x00,
  0x00, 0x00, 0x00, 0x00, 0x00, 0x00, 0x00, 0x00, 0x00, 0x00, 0x00, 0x00,
  0x00, 0x00, 0x00, 0x00, 0x00, 0x00, 0x00, 0x00, 0x00, 0x00, 0x00, 0x00,
  0x00, 0x00, 0x00, 0x00, 0x00, 0x00, 0x00, 0x00, 0x00, 0x00, 0x00, 0x00,
  0x00, 0x00, 0x00, 0x00, 0x00, 0x00, 0x00, 0x00, 0x00, 0x00, 0x00, 0x00,
  0x00, 0x00, 0x00, 0x00, 0x00, 0x00, 0x00, 0x00, 0x00, 0x00, 0x00, 0x00,
  0x00, 0x00, 0x00, 0x00, 0x00, 0x00, 0x00, 0x00, 0x00, 0x00, 0x00, 0x00,
  0x00, 0x00, 0x00, 0x00, 0x00, 0x00, 0x00, 0x00, 0x00, 0x00, 0x00, 0x00,
  0x00, 0x00, 0x00, 0x00, 0x00, 0x00, 0x00, 0x00, 0x00, 0x00, 0x00, 0x00,
  0x00, 0x00, 0x00, 0x00, 0x00, 0x00, 0x00, 0x00, 0x00, 0x00, 0x00, 0x00,
  0x00, 0x00, 0x00, 0x00, 0x00, 0x00, 0x00, 0x00, 0x00, 0x00, 0x00, 0x00,
  0x00, 0x00, 0x00, 0x00, 0x00, 0x00, 0x00, 0x00, 0x00, 0x00, 0x00, 0x00,
  0x00, 0x00, 0x00, 0x00, 0x00, 0x00, 0x00, 0x00, 0x00, 0x00, 0x00, 0x00,
  0x00, 0x00, 0x00, 0x00, 0x00, 0x00, 0x00, 0x00, 0x00, 0x00, 0x00, 0x00,
  0x00, 0x00, 0x00, 0x00, 0x00, 0x00, 0x00, 0x00, 0x00, 0x00, 0x00, 0x00,
  0x00, 0x00, 0x00, 0x00, 0x00, 0x00, 0x00, 0x00, 0x00, 0x00, 0x00, 0x00,
  0x00, 0x00, 0x00, 0x00, 0x00, 0x00, 0x00, 0x00, 0x00, 0x00, 0x00, 0x00,
  0x00, 0x00, 0x00, 0x00, 0x00, 0x00, 0x00, 0x00, 0x00, 0x00, 0x00, 0x00,
  0x00, 0x00, 0x00, 0x00, 0x00, 0x00, 0x00, 0x00, 0x00, 0x00, 0x00, 0x00,
  0x00, 0x00, 0x00, 0x00, 0x00, 0x00, 0x00, 0x00, 0x00, 0x00, 0x00, 0x00,
  0x00, 0x00, 0x00, 0x00, 0x00, 0x00, 0x00, 0x00, 0x00, 0x00, 0x00, 0x00,
  0x00, 0x00, 0x00, 0x00, 0x00, 0x00, 0x00, 0x00, 0x00, 0x00, 0x00, 0x00,
  0x00, 0x00, 0x00, 0x00, 0x00, 0x00, 0x00, 0x00, 0x00, 0x00, 0x00, 0x00,
  0x00, 0x00, 0x00, 0x00, 0x00, 0x00, 0x00, 0x00, 0x00, 0x00, 0x00, 0x00,
  0x00, 0x00, 0x00, 0x00, 0x00, 0x00, 0x00, 0x00, 0x00, 0x00, 0x00, 0x00,
  0x00, 0x00, 0x00, 0x00, 0x00, 0x00, 0x00, 0x00, 0x00, 0x00, 0x00, 0x00,
  0x00, 0x00, 0x00, 0x00, 0x00, 0x00, 0x00, 0x00, 0x00, 0x00, 0x00, 0x00,
  0x00, 0x00, 0x00, 0x00, 0x00, 0x00, 0x00, 0x00, 0x00, 0x00, 0x00, 0x00,
  0x00, 0x00, 0x00, 0x00, 0x00, 0x00, 0x00, 0x00, 0x00, 0x00, 0x00, 0x00,
  0x00, 0x00, 0x00, 0x00, 0x00, 0x00, 0x00, 0x00, 0x00, 0x00, 0x00, 0x00,
  0x00, 0x00, 0x00, 0x00, 0x00, 0x00, 0x00, 0x00, 0x00, 0x00, 0x00, 0x00,
  0x00, 0x00, 0x00, 0x00, 0x00, 0x00, 0x00, 0x00, 0x00, 0x00, 0x00, 0x00,
  0x00, 0x00, 0x00, 0x00, 0x00, 0x00, 0x00, 0x00, 0x00, 0x00, 0x00, 0x00,
  0x00, 0x00, 0x00, 0x00, 0x00, 0x00, 0x00, 0x00, 0x00, 0x00, 0x00, 0x00,
  0x00, 0x00, 0x00, 0x00, 0x00, 0x00, 0x00, 0x00, 0x00, 0x00, 0x00, 0x00,
  0x00, 0x00, 0x00, 0x00, 0x00, 0x00, 0x00, 0x00, 0x00, 0x00, 0x00, 0x00,
  0x00, 0x00, 0x00, 0x00, 0x00, 0x00, 0x00, 0x00, 0x00, 0x00, 0x00, 0x00,
  0x00, 0x00, 0x00, 0x00, 0x00, 0x00, 0x00, 0x00, 0x00, 0x00, 0x00, 0x00,
  0x00, 0x00, 0x00, 0x00, 0x00, 0x00, 0x00, 0x00, 0x00, 0x00, 0x00, 0x00,
  0x00, 0x00, 0x00, 0x00, 0x00, 0x00, 0x00, 0x00, 0x00, 0x00, 0x00, 0x00,
  0x00, 0x00, 0x00, 0x00, 0x00, 0x00, 0x00, 0x00, 0x00, 0x00, 0x00, 0x00,
  0x00, 0x00, 0x00, 0x00, 0x00, 0x00, 0x00, 0x00, 0x00, 0x00, 0x00, 0x00,
  0x00, 0x00, 0x00, 0x00, 0x00, 0x00, 0x00, 0x00, 0x00, 0x00, 0x00, 0x00,
  0x00, 0x00, 0x00, 0x00, 0x00, 0x00, 0x00, 0x00, 0x00, 0x00, 0x00, 0x00,
  0x00, 0x00, 0x00, 0x00, 0x00, 0x00, 0x00, 0x00, 0x00, 0x00, 0x00, 0x00,
  0x00, 0x00, 0x00, 0x00, 0x00, 0x00, 0x00, 0x00, 0x00, 0x00, 0x00, 0x00,
  0x00, 0x00, 0x00, 0x00, 0x00, 0x00, 0x00, 0x00, 0x00, 0x00, 0x00, 0x00,
  0x00, 0x00, 0x00, 0x00, 0x00, 0x00, 0x00, 0x00, 0x00, 0x00, 0x00, 0x00,
  0x00, 0x00, 0x00, 0x00, 0x00, 0x00, 0x00, 0x00, 0x00, 0x00, 0x00, 0x00,
  0x00, 0x00, 0x00, 0x00, 0x00, 0x00, 0x00, 0x00, 0x00, 0x00, 0x00, 0x00,
  0x00, 0x00, 0x00, 0x00, 0x00, 0x00, 0x00, 0x00, 0x00, 0x00, 0x00, 0x00,
  0x00, 0x00, 0x00, 0x00, 0x00, 0x00, 0x00, 0x00, 0x00, 0x00, 0x00, 0x00,
  0x00, 0x00, 0x00, 0x00, 0x00, 0x00, 0x00, 0x00, 0x00, 0x00, 0x00, 0x00,
  0x00, 0x00, 0x00, 0x00, 0x00, 0x00, 0x00, 0x00, 0x00, 0x00, 0x00, 0x00,
  0x00, 0x00, 0x00, 0x00, 0x00, 0x00, 0x00, 0x00, 0x00, 0x00, 0x00, 0x00,
  0x00, 0x00, 0x00, 0x00, 0x00, 0x00, 0x00, 0x00, 0x00, 0x00, 0x00, 0x00,
  0x00, 0x00, 0x00, 0x00, 0x00, 0x00, 0x00, 0x00, 0x00, 0x00, 0x00, 0x00,
  0x00, 0x00, 0x00, 0x00, 0x00, 0x00, 0x00, 0x00, 0x00, 0x00, 0x00, 0x00,
  0x00, 0x00, 0x00, 0x00, 0x00, 0x00, 0x00, 0x00, 0x00, 0x00, 0x00, 0x00,
  0x00, 0x00, 0x00, 0x00, 0x00, 0x00, 0x00, 0x00, 0x00, 0x00, 0x00, 0x00,
  0x00, 0x00, 0x00, 0x00, 0x00, 0x00, 0x00, 0x00, 0x00, 0x00, 0x00, 0x00,
  0x00, 0x00, 0x00, 0x00, 0x00, 0x00, 0x00, 0x00, 0x00, 0x00, 0x00, 0x00,
  0x00, 0x00, 0x00, 0x00, 0x00, 0x00, 0x00, 0x00, 0x00, 0x00, 0x00, 0x00,
  0x00, 0x00, 0x00, 0x00, 0x00, 0x00, 0x00, 0x00, 0x00, 0x00, 0x00, 0x00,
  0x00, 0x00, 0x00, 0x00, 0x00, 0x00, 0x00, 0x00, 0x00, 0x00, 0x00, 0x00,
  0x00, 0x00, 0x00, 0x00, 0x00, 0x00, 0x00, 0x00, 0x00, 0x00, 0x00, 0x00,
  0x00, 0x00, 0x00, 0x00, 0x00, 0x00, 0x00, 0x00, 0x00, 0x00, 0x00, 0x00,
  0x00, 0x00, 0x00, 0x00, 0x00, 0x00, 0x00, 0x00, 0x00, 0x00, 0x00, 0x00,
  0x00, 0x00, 0x00, 0x00, 0x00, 0x00, 0x00, 0x00, 0x00, 0x00, 0x00, 0x00,
  0x00, 0x00, 0x00, 0x00, 0x00, 0x00, 0x00, 0x00, 0x00, 0x00, 0x00, 0x00,
  0x00, 0x00, 0x00, 0x00, 0x00, 0x00, 0x00, 0x00, 0x00, 0x00, 0x00, 0x00,
  0x00, 0x00, 0x00, 0x00, 0x00, 0x00, 0x00, 0x00, 0x00, 0x00, 0x00, 0x00,
  0x00, 0x00, 0x00, 0x00, 0x00, 0x00, 0x00, 0x00, 0x00, 0x00, 0x00, 0x00,
  0x00, 0x00, 0x00, 0x00, 0x00, 0x00, 0x00, 0x00, 0x00, 0x00, 0x00, 0x00,
  0x00, 0x00, 0x00, 0x00, 0x00, 0x00, 0x00, 0x00, 0x00, 0x00, 0x00, 0x00,
  0x00, 0x00, 0x00, 0x00, 0x00, 0x00, 0x00, 0x00, 0x00, 0x00, 0x00, 0x00,
  0x00, 0x00, 0x00, 0x00, 0x00, 0x00, 0x00, 0x00, 0x00, 0x00, 0x00, 0x00,
  0x00, 0x00, 0x00, 0x00, 0x00, 0x00, 0x00, 0x00, 0x00, 0x00, 0x00, 0x00,
  0x00, 0x00, 0x00, 0x00, 0x00, 0x00, 0x00, 0x00, 0x00, 0x00, 0x00, 0x00,
  0x00, 0x00, 0x00, 0x00, 0x00, 0x00, 0x00, 0x00, 0x00, 0x00, 0x00, 0x00,
  0x00, 0x00, 0x00, 0x00, 0x00, 0x00, 0x00, 0x00, 0x00, 0x00, 0x00, 0x00,
  0x00, 0x00, 0x00, 0x00, 0x00, 0x00, 0x00, 0x00, 0x00, 0x00, 0x00, 0x00,
  0x00, 0x00, 0x00, 0x00, 0x00, 0x00, 0x00, 0x00, 0x00, 0x00, 0x00, 0x00,
  0x00, 0x00, 0x00, 0x00, 0x00, 0x00, 0x00, 0x00, 0x00, 0x00, 0x00, 0x00,
  0x00, 0x00, 0x00, 0x00, 0x00, 0x00, 0x00, 0x00, 0x00, 0x00, 0x00, 0x00,
  0x00, 0x00, 0x00, 0x00, 0x00, 0x00, 0x00, 0x00, 0x00, 0x00, 0x00, 0x00,
  0x00, 0x00, 0x00, 0x00, 0x00, 0x00, 0x00, 0x00, 0x00, 0x00, 0x00, 0x00,
  0x00, 0x00, 0x00, 0x00, 0x00, 0x00, 0x00, 0x00, 0x00, 0x00, 0x00, 0x00,
  0x00, 0x00, 0x00, 0x00, 0x00, 0x00, 0x00, 0x00, 0x00, 0x00, 0x00, 0x00,
  0x00, 0x00, 0x00, 0x00, 0x00, 0x00, 0x00, 0x00, 0x00, 0x00, 0x00, 0x00,
  0x00, 0x00, 0x00, 0x00, 0x00, 0x00, 0x00, 0x00, 0x00, 0x00, 0x00, 0x00,
  0x00, 0x00, 0x00, 0x00, 0x00, 0x00, 0x00, 0x00, 0x00, 0x00, 0x00, 0x00,
  0x00, 0x00, 0x00, 0x00, 0x00, 0x00, 0x00, 0x00, 0x00, 0x00, 0x00, 0x00,
  0x00, 0x00, 0x00, 0x00, 0x00, 0x00, 0x00, 0x00, 0x00, 0x00, 0x00, 0x00,
  0x00, 0x00, 0x00, 0x00, 0x00, 0x00, 0x00, 0x00, 0x00, 0x00, 0x00, 0x00,
  0x00, 0x00, 0x00, 0x00, 0x00, 0x00, 0x00, 0x00, 0x00, 0x00, 0x00, 0x00,
  0x00, 0x00, 0x00, 0x00, 0x00, 0x00, 0x00, 0x00, 0x00, 0x00, 0x00, 0x00,
  0x00, 0x00, 0x00, 0x00, 0x00, 0x00, 0x00, 0x00, 0x00, 0x00, 0x00, 0x00,
  0x00, 0x00, 0x00, 0x00, 0x00, 0x00, 0x00, 0x00, 0x00, 0x00, 0x00, 0x00,
  0x00, 0x00, 0x00, 0x00, 0x00, 0x00, 0x00, 0x00, 0x00, 0x00, 0x00, 0x00,
  0x00, 0x00, 0x00, 0x00, 0x00, 0x00, 0x00, 0x00, 0x00, 0x00, 0x00, 0x00,
  0x00, 0x00, 0x00, 0x00, 0x00, 0x00, 0x00, 0x00, 0x00, 0x00, 0x00, 0x00,
  0x00, 0x00, 0x00, 0x00, 0x00, 0x00, 0x00, 0x00, 0x00, 0x00, 0x00, 0x00,
  0x00, 0x00, 0x00, 0x00, 0x00, 0x00, 0x00, 0x00, 0x00, 0x00, 0x00, 0x00,
  0x00, 0x00, 0x00, 0x00, 0x00, 0x00, 0x00, 0x00, 0x00, 0x00, 0x00, 0x00,
  0x00, 0x00, 0x00, 0x00, 0x00, 0x00, 0x00, 0x00, 0x00, 0x00, 0x00, 0x00,
  0x00, 0x00, 0x00, 0x00, 0x00, 0x00, 0x00, 0x00, 0x00, 0x00, 0x00, 0x00,
  0x00, 0x00, 0x00, 0x00, 0x00, 0x00, 0x00, 0x00, 0x00, 0x00, 0x00, 0x00,
  0x00, 0x00, 0x00, 0x00, 0x00, 0x00, 0x00, 0x00, 0x00, 0x00, 0x00, 0x00,
  0x00, 0x00, 0x00, 0x00, 0x00, 0x00, 0x00, 0x00, 0x00, 0x00, 0x00, 0x00,
  0x00, 0x00, 0x00, 0x00, 0x00, 0x00, 0x00, 0x00, 0x00, 0x00, 0x00, 0x00,
  0x00, 0x00, 0x00, 0x00, 0x00, 0x00, 0x00, 0x00, 0x00, 0x00, 0x00, 0x00,
  0x00, 0x00, 0x00, 0x00, 0x00, 0x00, 0x00, 0x00, 0x00, 0x00, 0x00, 0x00,
  0x00, 0x00, 0x00, 0x00, 0x00, 0x00, 0x00, 0x00, 0x00, 0x00, 0x00, 0x00,
  0x00, 0x00, 0x00, 0x00, 0x00, 0x00, 0x00, 0x00, 0x00, 0x00, 0x00, 0x00,
  0x00, 0x00, 0x00, 0x00, 0x00, 0x00, 0x00, 0x00, 0x00, 0x00, 0x00, 0x00,
  0x00, 0x00, 0x00, 0x00, 0x00, 0x00, 0x00, 0x00, 0x00, 0x00, 0x00, 0x00,
  0x00, 0x00, 0x00, 0x00, 0x00, 0x00, 0x00, 0x00, 0x00, 0x00, 0x00, 0x00,
  0x00, 0x00, 0x00, 0x00, 0x00, 0x00, 0x00, 0x00, 0x00, 0x00, 0x00, 0x00,
  0x00, 0x00, 0x00, 0x00, 0x00, 0x00, 0x00, 0x00, 0x00, 0x00, 0x00, 0x00,
  0x00, 0x00, 0x00, 0x00, 0x00, 0x00, 0x00, 0x00, 0x00, 0x00, 0x00, 0x00,
  0x00, 0x00, 0x00, 0x00, 0x00, 0x00, 0x00, 0x00, 0x00, 0x00, 0x00, 0x00,
  0x00, 0x00, 0x00, 0x00, 0x00, 0x00, 0x00, 0x00, 0x00, 0x00, 0x00, 0x00,
  0x00, 0x00, 0x00, 0x00, 0x00, 0x00, 0x00, 0x00, 0x00, 0x00, 0x00, 0x00,
  0x00, 0x00, 0x00, 0x00, 0x00, 0x00, 0x00, 0x00, 0x00, 0x00, 0x00, 0x00,
  0x00, 0x00, 0x00, 0x00, 0x00, 0x00, 0x00, 0x00, 0x00, 0x00, 0x00, 0x00,
  0x00, 0x00, 0x00, 0x00, 0x00, 0x00, 0x00, 0x00, 0x00, 0x00, 0x00, 0x00,
  0x00, 0x00, 0x00, 0x00, 0x00, 0x00, 0x00, 0x00, 0x00, 0x00, 0x00, 0x00,
  0x00, 0x00, 0x00, 0x00, 0x00, 0x00, 0x00, 0x00, 0x00, 0x00, 0x00, 0x00,
  0x00, 0x00, 0x00, 0x00, 0x00, 0x00, 0x00, 0x00, 0x00, 0x00, 0x00, 0x00,
  0x00, 0x00, 0x00, 0x00, 0x00, 0x00, 0x00, 0x00, 0x00, 0x00, 0x00, 0x00,
  0x00, 0x00, 0x00, 0x00, 0x00, 0x00, 0x00, 0x00, 0x00, 0x00, 0x00, 0x00,
  0x00, 0x00, 0x00, 0x00, 0x00, 0x00, 0x00, 0x00, 0x00, 0x00, 0x00, 0x00,
  0x00, 0x00, 0x00, 0x00, 0x00, 0x00, 0x00, 0x00, 0x00, 0x00, 0x00, 0x00,
  0x00, 0x00, 0x00, 0x00, 0x00, 0x00, 0x00, 0x00, 0x00, 0x00, 0x00, 0x00,
  0x00, 0x00, 0x00, 0x00, 0x00, 0x00, 0x00, 0x00, 0x00, 0x00, 0x00, 0x00,
  0x00, 0x00, 0x00, 0x00, 0x00, 0x00, 0x00, 0x00, 0x00, 0x00, 0x00, 0x00,
  0x00, 0x00, 0x00, 0x00, 0x00, 0x00, 0x00, 0x00, 0x00, 0x00, 0x00, 0x00,
  0x00, 0x00, 0x00, 0x00, 0x00, 0x00, 0x00, 0x00, 0x00, 0x00, 0x00, 0x00,
  0x00, 0x00, 0x00, 0x00, 0x00, 0x00, 0x00, 0x00, 0x00, 0x00, 0x00, 0x00,
  0x00, 0x00, 0x00, 0x00, 0x00, 0x00, 0x00, 0x00, 0x00, 0x00, 0x00, 0x00,
  0x00, 0x00, 0x00, 0x00, 0x00, 0x00, 0x00, 0x00, 0x00, 0x00, 0x00, 0x00,
  0x00, 0x00, 0x00, 0x00, 0x00, 0x00, 0x00, 0x00, 0x00, 0x00, 0x00, 0x00,
  0x00, 0x00, 0x00, 0x00, 0x00, 0x00, 0x00, 0x00, 0x00, 0x00, 0x00, 0x00,
  0x00, 0x00, 0x00, 0x00, 0x00, 0x00, 0x00, 0x00, 0x00, 0x00, 0x00, 0x00,
  0x00, 0x00, 0x00, 0x00, 0x00, 0x00, 0x00, 0x00, 0x00, 0x00, 0x00, 0x00,
  0x00, 0x00, 0x00, 0x00, 0x00, 0x00, 0x00, 0x00, 0x00, 0x00, 0x00, 0x00,
  0x00, 0x00, 0x00, 0x00, 0x00, 0x00, 0x00, 0x00, 0x00, 0x00, 0x00, 0x00,
  0x00, 0x00, 0x00, 0x00, 0x00, 0x00, 0x00, 0x00, 0x00, 0x00, 0x00, 0x00,
  0x00, 0x00, 0x00, 0x00, 0x00, 0x00, 0x00, 0x00, 0x00, 0x00, 0x00, 0x00,
  0x00, 0x00, 0x00, 0x00, 0x00, 0x00, 0x00, 0x00, 0x00, 0x00, 0x00, 0x00,
  0x00, 0x00, 0x00, 0x00, 0x00, 0x00, 0x00, 0x00, 0x00, 0x00, 0x00, 0x00,
  0x90, 0x02, 0x40, 0x00, 0x00, 0x00, 0x00, 0x00, 0x40, 0x02, 0x40, 0x00,
  0x00, 0x00, 0x00, 0x00, 0x00, 0x00, 0x00, 0x00, 0x00, 0x00, 0x00, 0x00,
  0x00, 0x00, 0x00, 0x00, 0x00, 0x00, 0x00, 0x00, 0x88, 0xff, 0x41, 0x00,
  0x00, 0x00, 0x00, 0x00, 0x20, 0x01, 0x40, 0x00, 0x00, 0x00, 0x00, 0x00,
  0x00, 0x00, 0x00, 0x00, 0x00, 0x00, 0x00, 0x00, 0x00, 0x00, 0x00, 0x00,
  0x00, 0x00, 0x00, 0x00, 0x00, 0x00, 0x00, 0x00, 0x00, 0x00, 0x00, 0x00,
  0x80, 0xff, 0x41, 0x00, 0x00, 0x00, 0x00, 0x00, 0x80, 0xff, 0x41, 0x00,
  0x00, 0x00, 0x00, 0x00, 0xec, 0x60, 0x40, 0x00, 0x00, 0x00, 0x00, 0x00,
  0x78, 0xff, 0x41, 0x00, 0x00, 0x00, 0x00, 0x00, 0x00, 0x00, 0x00, 0x00,
  0x00, 0x00, 0x00, 0x00, 0x00, 0x00, 0x00, 0x00, 0x00, 0x00, 0x00, 0x00,
  0x00, 0x00, 0x00, 0x00, 0x00, 0x00, 0x00, 0x00, 0x00, 0x00, 0x00, 0x00,
  0x00, 0x00, 0x00, 0x00, 0x00, 0x00, 0x00, 0x00, 0x00, 0x00, 0x00, 0x00,
  0x10, 0x00, 0x42, 0x00, 0x00, 0x00, 0x00, 0x00, 0x05, 0x00, 0x00, 0x00,
  0x00, 0x00, 0x00, 0x00, 0x00, 0x00, 0x00, 0x00, 0x00, 0x00, 0x00, 0x00,
  0x00, 0x00, 0x00, 0x00, 0x00, 0x00, 0x00, 0x00, 0x50, 0x55, 0x40, 0x00,
  0x00, 0x00, 0x00, 0x00, 0x00, 0x00, 0x00, 0x00, 0x00, 0x00, 0x00, 0x00,
  0x00, 0x00, 0x00, 0x00, 0x00, 0x00, 0x00, 0x00, 0x00, 0x00, 0x00, 0x00,
  0x00, 0x00, 0x00, 0x00, 0x00, 0x00, 0x00, 0x00, 0x00, 0x00, 0x00, 0x00,
  0x00, 0x00, 0x00, 0x00, 0x00, 0x00, 0x00, 0x00, 0x00, 0x56, 0x40, 0x00,
  0x00, 0x00, 0x00, 0x00, 0xa0, 0x55, 0x40, 0x00, 0x00, 0x00, 0x00, 0x00,
  0xd8, 0x01, 0x42, 0x00, 0x00, 0x00, 0x00, 0x00, 0x00, 0x04, 0x00, 0x00,
  0x00, 0x00, 0x00, 0x00, 0x00, 0x00, 0x00, 0x00, 0x00, 0x00, 0x00, 0x00,
  0x00, 0x00, 0x00, 0x00, 0x00, 0x00, 0x00, 0x00, 0x01, 0x00, 0x00, 0x00,
  0x00, 0x00, 0x00, 0x00, 0x00, 0x00, 0x00, 0x00, 0x00, 0x00, 0x00, 0x00,
  0x00, 0x00, 0x00, 0x00, 0xff, 0xff, 0xff, 0xff, 0x0a, 0x00, 0x00, 0x00,
  0x00, 0x00, 0x00, 0x00, 0x00, 0x00, 0x00, 0x00, 0x00, 0x00, 0x00, 0x00,
  0x00, 0x00, 0x00, 0x00, 0x00, 0x00, 0x00, 0x00, 0x00, 0x00, 0x00, 0x00,
  0x00, 0x00, 0x00, 0x00, 0x00, 0x00, 0x00, 0x00, 0x00, 0x00, 0x00, 0x00,
  0x00, 0x00, 0x00, 0x00, 0x00, 0x00, 0x00, 0x00, 0x00, 0x00, 0x00, 0x00,
  0x00, 0x00, 0x00, 0x00, 0x00, 0x00, 0x00, 0x00, 0x00, 0x00, 0x00, 0x00,
  0x00, 0x00, 0x00, 0x00, 0x00, 0x00, 0x00, 0x00, 0x00, 0x00, 0x00, 0x00,
  0x00, 0x00, 0x00, 0x00, 0x00, 0x00, 0x00, 0x00, 0x00, 0x00, 0x00, 0x00,
  0x00, 0x20, 0x00, 0x00, 0x00, 0x00, 0x02, 0x00, 0x47, 0x43, 0x43, 0x3a,
  0x20, 0x28, 0x47, 0x4e, 0x55, 0x29, 0x20, 0x31, 0x32, 0x2e, 0x32, 0x2e,
  0x30, 0x00, 0x00, 0x2e, 0x73, 0x68, 0x73, 0x74, 0x72, 0x74, 0x61, 0x62,
  0x00, 0x2e, 0x69, 0x6e, 0x69, 0x74, 0x00, 0x2e, 0x74, 0x65, 0x78, 0x74,
  0x00, 0x2e, 0x66, 0x69, 0x6e, 0x69, 0x00, 0x2e, 0x72, 0x6f, 0x64, 0x61,
  0x74, 0x61, 0x00, 0x2e, 0x65, 0x68, 0x5f, 0x66, 0x72, 0x61, 0x6d, 0x65,
  0x00, 0x2e, 0x69, 0x6e, 0x69, 0x74, 0x5f, 0x61, 0x72, 0x72, 0x61, 0x79,
  0x00, 0x2e, 0x66, 0x69, 0x6e, 0x69, 0x5f, 0x61, 0x72, 0x72, 0x61, 0x79,
  0x00, 0x2e, 0x67, 0x6f, 0x74, 0x00, 0x2e, 0x67, 0x6f, 0x74, 0x2e, 0x70,
  0x6c, 0x74, 0x00, 0x2e, 0x64, 0x61, 0x74, 0x61, 0x00, 0x2e, 0x62, 0x73,
  0x73, 0x00, 0x2e, 0x63, 0x6f, 0x6d, 0x6d, 0x65, 0x6e, 0x74, 0x00, 0x00,
  0x00, 0x00, 0x00, 0x00, 0x00, 0x00, 0x00, 0x00, 0x00, 0x00, 0x00, 0x00,
  0x00, 0x00, 0x00, 0x00, 0x00, 0x00, 0x00, 0x00, 0x00, 0x00, 0x00, 0x00,
  0x00, 0x00, 0x00, 0x00, 0x00, 0x00, 0x00, 0x00, 0x00, 0x00, 0x00, 0x00,
  0x00, 0x00, 0x00, 0x00, 0x00, 0x00, 0x00, 0x00, 0x00, 0x00, 0x00, 0x00,
  0x00, 0x00, 0x00, 0x00, 0x00, 0x00, 0x00, 0x00, 0x00, 0x00, 0x00, 0x00,
  0x00, 0x00, 0x00, 0x00, 0x00, 0x00, 0x00, 0x00, 0x0b, 0x00, 0x00, 0x00,
  0x01, 0x00, 0x00, 0x00, 0x06, 0x00, 0x00, 0x00, 0x00, 0x00, 0x00, 0x00,
  0x20, 0x01, 0x40, 0x00, 0x00, 0x00, 0x00, 0x00, 0x20, 0x01, 0x00, 0x00,
  0x00, 0x00, 0x00, 0x00, 0x10, 0x00, 0x00, 0x00, 0x00, 0x00, 0x00, 0x00,
  0x00, 0x00, 0x00, 0x00, 0x00, 0x00, 0x00, 0x00, 0x04, 0x00, 0x00, 0x00,
  0x00, 0x00, 0x00, 0x00, 0x00, 0x00, 0x00, 0x00, 0x00, 0x00, 0x00, 0x00,
  0x11, 0x00, 0x00, 0x00, 0x01, 0x00, 0x00, 0x00, 0x06, 0x00, 0x00, 0x00,
  0x00, 0x00, 0x00, 0x00, 0x40, 0x01, 0x40, 0x00, 0x00, 0x00, 0x00, 0x00,
  0x40, 0x01, 0x00, 0x00, 0x00, 0x00, 0x00, 0x00, 0xac, 0x5f, 0x00, 0x00,
  0x00, 0x00, 0x00, 0x00, 0x00, 0x00, 0x00, 0x00, 0x00, 0x00, 0x00, 0x00,
  0x40, 0x00, 0x00, 0x00, 0x00, 0x00, 0x00, 0x00, 0x00, 0x00, 0x00, 0x00,
  0x00, 0x00, 0x00, 0x00, 0x17, 0x00, 0x00, 0x00, 0x01, 0x00, 0x00, 0x00,
  0x06, 0x00, 0x00, 0x00, 0x00, 0x00, 0x00, 0x00, 0xec, 0x60, 0x40, 0x00,
  0x00, 0x00, 0x00, 0x00, 0xec, 0x60, 0x00, 0x00, 0x00, 0x00, 0x00, 0x00,
  0x10, 0x00, 0x00, 0x00, 0x00, 0x00, 0x00, 0x00, 0x00, 0x00, 0x00, 0x00,
  0x00, 0x00, 0x00, 0x00, 0x04, 0x00, 0x00, 0x00, 0x00, 0x00, 0x00, 0x00,
  0x00, 0x00, 0x00, 0x00, 0x00, 0x00, 0x00, 0x00, 0x1d, 0x00, 0x00, 0x00,
  0x01, 0x00, 0x00, 0x00, 0x02, 0x00, 0x00, 0x00, 0x00, 0x00, 0x00, 0x00,
  0x00, 0x61, 0x40, 0x00, 0x00, 0x00, 0x00, 0x00, 0x00, 0x61, 0x00, 0x00,
  0x00, 0x00, 0x00, 0x00, 0x58, 0x1f, 0x00, 0x00, 0x00, 0x00, 0x00, 0x00,
  0x00, 0x00, 0x00, 0x00, 0x00, 0x00, 0x00, 0x00, 0x10, 0x00, 0x00, 0x00,
  0x00, 0x00, 0x00, 0x00, 0x00, 0x00, 0x00, 0x00, 0x00, 0x00, 0x00, 0x00,
  0x25, 0x00, 0x00, 0x00, 0x01, 0x00, 0x00, 0x00, 0x02, 0x00, 0x00, 0x00,
  0x00, 0x00, 0x00, 0x00, 0x58, 0x80, 0x40, 0x00, 0x00, 0x00, 0x00, 0x00,
  0x58, 0x80, 0x00, 0x00, 0x00, 0x00, 0x00, 0x00, 0xe8, 0x00, 0x00, 0x00,
  0x00, 0x00, 0x00, 0x00, 0x00, 0x00, 0x00, 0x00, 0x00, 0x00, 0x00, 0x00,
  0x08, 0x00, 0x00, 0x00, 0x00, 0x00, 0x00, 0x00, 0x00, 0x00, 0x00, 0x00,
  0x00, 0x00, 0x00, 0x00, 0x2f, 0x00, 0x00, 0x00, 0x0e, 0x00, 0x00, 0x00,
  0x03, 0x00, 0x00, 0x00, 0x00, 0x00, 0x00, 0x00, 0x78, 0xff, 0x41, 0x00,
  0x00, 0x00, 0x00, 0x00, 0x78, 0xff, 0x00, 0x00, 0x00, 0x00, 0x00, 0x00,
  0x08, 0x00, 0x00, 0x00, 0x00, 0x00, 0x00, 0x00, 0x00, 0x00, 0x00, 0x00,
  0x00, 0x00, 0x00, 0x00, 0x08, 0x00, 0x00, 0x00, 0x00, 0x00, 0x00, 0x00,
  0x08, 0x00, 0x00, 0x00, 0x00, 0x00, 0x00, 0x00, 0x3b, 0x00, 0x00, 0x00,
  0x0f, 0x00, 0x00, 0x00, 0x03, 0x00, 0x00, 0x00, 0x00, 0x00, 0x00, 0x00,
  0x80, 0xff, 0x41, 0x00, 0x00, 0x00, 0x00, 0x00, 0x80, 0xff, 0x00, 0x00,
  0x00, 0x00, 0x00, 0x00, 0x08, 0x00, 0x00, 0x00, 0x00, 0x00, 0x00, 0x00,
  0x00, 0x00, 0x00, 0x00, 0x00, 0x00, 0x00, 0x00, 0x08, 0x00, 0x00, 0x00,
  0x00, 0x00, 0x00, 0x00, 0x08, 0x00, 0x00, 0x00, 0x00, 0x00, 0x00, 0x00,
  0x47, 0x00, 0x00, 0x00, 0x01, 0x00, 0x00, 0x00, 0x03, 0x00, 0x00, 0x00,
  0x00, 0x00, 0x00, 0x00, 0x88, 0xff, 0x41, 0x00, 0x00, 0x00, 0x00, 0x00,
  0x88, 0xff, 0x00, 0x00, 0x00, 0x00, 0x00, 0x00, 0x60, 0x00, 0x00, 0x00,
  0x00, 0x00, 0x00, 0x00, 0x00, 0x00, 0x00, 0x00, 0x00, 0x00, 0x00, 0x00,
  0x08, 0x00, 0x00, 0x00, 0x00, 0x00, 0x00, 0x00, 0x08, 0x00, 0x00, 0x00,
  0x00, 0x00, 0x00, 0x00, 0x4c, 0x00, 0x00, 0x00, 0x01, 0x00, 0x00, 0x00,
  0x03, 0x00, 0x00, 0x00, 0x00, 0x00, 0x00, 0x00, 0xe8, 0xff, 0x41, 0x00,
  0x00, 0x00, 0x00, 0x00, 0xe8, 0xff, 0x00, 0x00, 0x00, 0x00, 0x00, 0x00,
  0x18, 0x00, 0x00, 0x00, 0x00, 0x00, 0x00, 0x00, 0x00, 0x00, 0x00, 0x00,
  0x00, 0x00, 0x00, 0x00, 0x08, 0x00, 0x00, 0x00, 0x00, 0x00, 0x00, 0x00,
  0x08, 0x00, 0x00, 0x00, 0x00, 0x00, 0x00, 0x00, 0x55, 0x00, 0x00, 0x00,
  0x01, 0x00, 0x00, 0x00, 0x03, 0x00, 0x00, 0x00, 0x00, 0x00, 0x00, 0x00,
  0x00, 0x00, 0x42, 0x00, 0x00, 0x00, 0x00, 0x00, 0x00, 0x00, 0x01, 0x00,
  0x00, 0x00, 0x00, 0x00, 0x00, 0x01, 0x00, 0x00, 0x00, 0x00, 0x00, 0x00,
  0x00, 0x00, 0x00, 0x00, 0x00, 0x00, 0x00, 0x00, 0x08, 0x00, 0x00, 0x00,
  0x00, 0x00, 0x00, 0x00, 0x00, 0x00, 0x00, 0x00, 0x00, 0x00, 0x00, 0x00,
  0x5b, 0x00, 0x00, 0x00, 0x08, 0x00, 0x00, 0x00, 0x03, 0x00, 0x00, 0x00,
  0x00, 0x00, 0x00, 0x00, 0x00, 0x01, 0x42, 0x00, 0x00, 0x00, 0x00, 0x00,
  0x00, 0x01, 0x01, 0x00, 0x00, 0x00, 0x00, 0x00, 0x98, 0x06, 0x00, 0x00,
  0x00, 0x00, 0x00, 0x00, 0x00, 0x00, 0x00, 0x00, 0x00, 0x00, 0x00, 0x00,
  0x10, 0x00, 0x00, 0x00, 0x00, 0x00, 0x00, 0x00, 0x00, 0x00, 0x00, 0x00,
  0x00, 0x00, 0x00, 0x00, 0x60, 0x00, 0x00, 0x00, 0x01, 0x00, 0x00, 0x00,
  0x30, 0x00, 0x00, 0x00, 0x00, 0x00, 0x00, 0x00, 0x00, 0x00, 0x00, 0x00,
  0x00, 0x00, 0x00, 0x00, 0x00, 0x01, 0x01, 0x00, 0x00, 0x00, 0x00, 0x00,
  0x12, 0x00, 0x00, 0x00, 0x00, 0x00, 0x00, 0x00, 0x00, 0x00, 0x00, 0x00,
  0x00, 0x00, 0x00, 0x00, 0x01, 0x00, 0x00, 0x00, 0x00, 0x00, 0x00, 0x00,
  0x01, 0x00, 0x00, 0x00, 0x00, 0x00, 0x00, 0x00, 0x01, 0x00, 0x00, 0x00,
  0x03, 0x00, 0x00, 0x00, 0x00, 0x00, 0x00, 0x00, 0x00, 0x00, 0x00, 0x00,
  0x00, 0x00, 0x00, 0x00, 0x00, 0x00, 0x00, 0x00, 0x12, 0x01, 0x01, 0x00,
  0x00, 0x00, 0x00, 0x00, 0x69, 0x00, 0x00, 0x00, 0x00, 0x00, 0x00, 0x00,
  0x00, 0x00, 0x00, 0x00, 0x00, 0x00, 0x00, 0x00, 0x01, 0x00, 0x00, 0x00,
  0x00, 0x00, 0x00, 0x00, 0x00, 0x00, 0x00, 0x00, 0x00, 0x00, 0x00, 0x00
};
unsigned int ___userapps_apps_build_hello_len = 66816;
